{"type": "FeatureCollection", "features": [{"type": "Feature", "properties": {"name": "Praha"}, "geometry": {"type": "Polygon", "coordinates": [[[14.2244355, 50.1029963], [14.2244433, 50.1029125], [14.2244794, 50.1028365], [14.2247648, 50.1024241], [14.2248004, 50.1023297], [14.2249103, 50.102176], [14.2250079, 50.1020938], [14.2253441, 50.1016257], [14.2254337, 50.101509], [14.2261051, 50.1005892], [14.2261766, 50.1005143], [14.2262755, 50.100453], [14.2263966, 50.1004109], [14.2265266, 50.100392], [14.2266691, 50.1004141], [14.231131, 50.1017569], [14.232031, 50.1020236], [14.2327606, 50.1022355], [14.2328865, 50.1022635], [14.2330175, 50.1022784], [14.2331554, 50.1022787], [14.233288, 50.1022687], [14.2334216, 50.1022454], [14.2335513, 50.1022134], [14.2336832, 50.1021655], [14.2339781, 50.1020396], [14.2341057, 50.1019721], [14.2342558, 50.1019056], [14.2344868, 50.1018253], [14.235246, 50.1014955], [14.2360411, 50.1011567], [14.2361416, 50.1011243], [14.2362679, 50.1010886], [14.236403, 50.1010587], [14.2365387, 50.1010377], [14.2366753, 50.1010271], [14.2368145, 50.1010215], [14.2369525, 50.1010259], [14.2370984, 50.1010421], [14.2372335, 50.1010647], [14.2373641, 50.1010961], [14.237493, 50.1011352], [14.2376106, 50.1011818], [14.2377216, 50.1012315], [14.2378215, 50.1012886], [14.2380155, 50.101443], [14.2381765, 50.1015626], [14.2382734, 50.1016523], [14.2383808, 50.1017923], [14.2384403, 50.1018459], [14.2385112, 50.101893], [14.2385916, 50.101936], [14.2387128, 50.1019917], [14.2387772, 50.102004], [14.2388754, 50.1020284], [14.2389792, 50.102048], [14.2401888, 50.1022006], [14.2421881, 50.1024496], [14.2424676, 50.1024617], [14.2426635, 50.1024876], [14.24285, 50.1025328], [14.2449765, 50.1027992], [14.2449858, 50.1028006], [14.2449912, 50.1027829], [14.2459542, 50.1028923], [14.2460756, 50.1029104], [14.2462055, 50.1029199], [14.2463475, 50.1029238], [14.2464821, 50.1029228], [14.2466196, 50.1029071], [14.2467391, 50.1028783], [14.2471742, 50.1027827], [14.2472224, 50.1028539], [14.2469784, 50.1029166], [14.2469095, 50.1031038], [14.2498381, 50.1034693], [14.251307, 50.1027819], [14.2521977, 50.1023559], [14.2526661, 50.1021247], [14.2529602, 50.1019825], [14.2546962, 50.1011461], [14.2583441, 50.0993837], [14.2572653, 50.0992066], [14.2561985, 50.0990264], [14.2551292, 50.098827], [14.2549012, 50.0987543], [14.2546624, 50.0986609], [14.2545012, 50.0985596], [14.2543225, 50.0984279], [14.2541817, 50.0982688], [14.2540637, 50.0980662], [14.2540171, 50.0978957], [14.2539956, 50.0977813], [14.2540217, 50.0976382], [14.25407, 50.0974792], [14.2541695, 50.0973137], [14.2542692, 50.0971966], [14.2544382, 50.097063], [14.2546463, 50.0969339], [14.254793, 50.0968629], [14.2549964, 50.0967921], [14.2551624, 50.0967491], [14.2553492, 50.0967164], [14.2555118, 50.0967015], [14.2560024, 50.0966842], [14.2568181, 50.0966606], [14.2576522, 50.0966401], [14.2586642, 50.0966241], [14.2598557, 50.0966069], [14.2602647, 50.0966066], [14.2604568, 50.0965889], [14.2606, 50.096563], [14.2607195, 50.0965091], [14.2608324, 50.0964328], [14.2609996, 50.0962906], [14.2610234, 50.0960644], [14.2610324, 50.0958557], [14.2610456, 50.0949575], [14.2610612, 50.0922607], [14.2610794, 50.0904627], [14.261084, 50.0895574], [14.261092, 50.0886651], [14.2610959, 50.0877649], [14.2610944, 50.0870952], [14.2643309, 50.0872358], [14.2645746, 50.0872483], [14.2648857, 50.0872592], [14.2651502, 50.0872883], [14.2654647, 50.0871086], [14.2661283, 50.0867863], [14.267226, 50.0862574], [14.2682714, 50.0857469], [14.2687265, 50.0860446], [14.2695736, 50.0860617], [14.2705133, 50.0861008], [14.2709591, 50.0861371], [14.2716721, 50.0867139], [14.2726294, 50.0875782], [14.2727135, 50.087594], [14.273347, 50.087619], [14.2734727, 50.0873726], [14.2736254, 50.0871239], [14.2743479, 50.0860831], [14.2744769, 50.0857815], [14.2744989, 50.0855111], [14.2745108, 50.0852806], [14.2745089, 50.0851398], [14.2744908, 50.0849306], [14.2744835, 50.084847], [14.2744845, 50.0848241], [14.2744968, 50.0845386], [14.2745753, 50.0842551], [14.2747522, 50.0833784], [14.2752539, 50.0810719], [14.2763379, 50.0810814], [14.2770356, 50.0810937], [14.2774943, 50.0811117], [14.2785303, 50.0812025], [14.2796643, 50.0813548], [14.2800037, 50.0813945], [14.2816392, 50.0816186], [14.2819144, 50.0816434], [14.2826082, 50.0816634], [14.2830822, 50.0816497], [14.2832016, 50.0816409], [14.2835461, 50.0816113], [14.2838621, 50.081592], [14.2839268, 50.081586], [14.2844474, 50.0814636], [14.2845716, 50.0814296], [14.2849535, 50.0813078], [14.2853332, 50.0812093], [14.2852679, 50.0810809], [14.2852347, 50.0806331], [14.2851124, 50.0796938], [14.2850365, 50.0791414], [14.2850119, 50.0784251], [14.2850094, 50.0782609], [14.2860258, 50.0780528], [14.2873155, 50.0777908], [14.28792, 50.0776651], [14.2879354, 50.0772911], [14.2879292, 50.0772104], [14.2893735, 50.0771366], [14.2893351, 50.0769271], [14.2892155, 50.0767562], [14.2894701, 50.0766392], [14.2896427, 50.0764904], [14.2898301, 50.0762276], [14.2899729, 50.0759463], [14.2900897, 50.0754425], [14.2901292, 50.0752213], [14.2901189, 50.0749401], [14.2903731, 50.0749355], [14.2903939, 50.0747294], [14.2904176, 50.0744955], [14.2904106, 50.0741599], [14.2903882, 50.0738692], [14.2902996, 50.0734187], [14.2901916, 50.073178], [14.2899399, 50.0732203], [14.2893855, 50.0732918], [14.2890047, 50.0733538], [14.2883064, 50.0734124], [14.2873777, 50.0734495], [14.2867204, 50.0734789], [14.2853215, 50.0734947], [14.2849206, 50.0735299], [14.2844826, 50.0735886], [14.283526, 50.0738765], [14.2826864, 50.0741885], [14.2824327, 50.0743046], [14.2821777, 50.0740756], [14.2820064, 50.0738927], [14.2818083, 50.0737265], [14.2813728, 50.0734418], [14.2810936, 50.0732756], [14.2803233, 50.0731134], [14.2797068, 50.0730648], [14.2790443, 50.0729817], [14.278866, 50.0729744], [14.2782508, 50.0729395], [14.2775859, 50.0729874], [14.2774829, 50.0729908], [14.2772618, 50.072986], [14.2773704, 50.0728654], [14.2775557, 50.072681], [14.2777767, 50.0724784], [14.2780263, 50.0722834], [14.2778016, 50.0721942], [14.2775817, 50.0721159], [14.2777903, 50.0720675], [14.2778928, 50.0720014], [14.2779608, 50.0719158], [14.2779099, 50.0718771], [14.2779455, 50.0718527], [14.2780542, 50.0717485], [14.2781034, 50.0717298], [14.2781908, 50.0715315], [14.2782697, 50.0715059], [14.2782698, 50.0714206], [14.2783709, 50.0713548], [14.2783437, 50.0711939], [14.2784502, 50.0711418], [14.2784746, 50.0710586], [14.2785556, 50.0709193], [14.2782484, 50.0708722], [14.2781191, 50.0710784], [14.2778586, 50.0713365], [14.2777881, 50.0713914], [14.2777384, 50.0714287], [14.2775058, 50.0715844], [14.2773035, 50.0717106], [14.2770914, 50.0718104], [14.2768986, 50.0719061], [14.2766372, 50.0720447], [14.2763008, 50.0722301], [14.2759735, 50.0724676], [14.2756203, 50.07275], [14.2753003, 50.0730871], [14.2748066, 50.0730577], [14.2732191, 50.0730022], [14.2698168, 50.0728135], [14.268864, 50.0727579], [14.2667538, 50.072628], [14.2613426, 50.0719435], [14.2580521, 50.0715166], [14.2579999, 50.0714191], [14.257883, 50.0711329], [14.2577988, 50.070832], [14.2578568, 50.0705194], [14.2579052, 50.0701606], [14.2579884, 50.0695244], [14.2582314, 50.0690526], [14.258189, 50.068562], [14.25824, 50.0681453], [14.2582573, 50.0678255], [14.2583354, 50.0677581], [14.258986, 50.0675641], [14.25911, 50.067522], [14.259085, 50.0671187], [14.2588516, 50.0657968], [14.2588323, 50.0656032], [14.2587145, 50.0644236], [14.2584732, 50.0643388], [14.2581072, 50.0642704], [14.257533, 50.0641806], [14.2568457, 50.0640397], [14.2562594, 50.0638045], [14.2558692, 50.0636658], [14.2551905, 50.0634467], [14.2545291, 50.0632583], [14.2541497, 50.0631479], [14.2539916, 50.06309], [14.2538222, 50.063013], [14.2535987, 50.0627305], [14.2533074, 50.0625654], [14.2532366, 50.0625616], [14.252853, 50.0625408], [14.2526375, 50.0625459], [14.2513303, 50.0624736], [14.2503737, 50.062391], [14.249268, 50.0623132], [14.2486429, 50.062276], [14.2478463, 50.0622487], [14.2476081, 50.0622481], [14.2475584, 50.0622236], [14.247621, 50.0620395], [14.2476906, 50.0618132], [14.2478231, 50.0610972], [14.247739, 50.0597196], [14.2480852, 50.0583091], [14.2481798, 50.0582568], [14.2486079, 50.0581492], [14.2490231, 50.0580686], [14.2492012, 50.0580147], [14.2494547, 50.057945], [14.2501043, 50.0576231], [14.2503964, 50.0573498], [14.2507206, 50.0568833], [14.2507449, 50.0568365], [14.2508469, 50.0567694], [14.2512964, 50.0568943], [14.251866, 50.0569529], [14.2521868, 50.0569954], [14.2529126, 50.0570817], [14.2533084, 50.0571111], [14.253354, 50.0571152], [14.2535683, 50.0571335], [14.2541504, 50.0571414], [14.2555965, 50.0570871], [14.2556776, 50.0567419], [14.2556868, 50.0567033], [14.2558154, 50.0563971], [14.255894, 50.0562625], [14.2564986, 50.0555371], [14.2565553, 50.0554315], [14.2567621, 50.0551677], [14.2568668, 50.0550038], [14.2572299, 50.0544227], [14.2581159, 50.0545633], [14.2605197, 50.0551365], [14.2614334, 50.0553122], [14.262304, 50.0555304], [14.2640328, 50.0528798], [14.2643067, 50.0523325], [14.2654204, 50.0525817], [14.2658183, 50.05267], [14.2665785, 50.0528601], [14.267355, 50.0530543], [14.2684151, 50.0534456], [14.268896, 50.0536595], [14.2694406, 50.0539246], [14.2699277, 50.0541427], [14.270116, 50.0542041], [14.2708835, 50.0543385], [14.2715141, 50.0543434], [14.2715651, 50.0543328], [14.2716323, 50.0543186], [14.2716191, 50.0542701], [14.271482, 50.0537568], [14.27146, 50.0536114], [14.2714506, 50.0533491], [14.2714977, 50.05308], [14.271657, 50.0526694], [14.2716927, 50.0525874], [14.272062, 50.0519279], [14.2722386, 50.0514354], [14.2725073, 50.050824], [14.2726248, 50.050698], [14.2726358, 50.0506112], [14.2724805, 50.0505114], [14.2722662, 50.050389], [14.271882, 50.0501205], [14.2711966, 50.049561], [14.2710008, 50.0494528], [14.2707878, 50.0493617], [14.2705628, 50.0492979], [14.2703038, 50.049248], [14.2700068, 50.0492136], [14.2694145, 50.0491766], [14.2691513, 50.049166], [14.2688547, 50.0491623], [14.2682631, 50.049138], [14.2681736, 50.0486908], [14.2687281, 50.0486975], [14.269002, 50.0486819], [14.2692777, 50.0486512], [14.2694847, 50.0486012], [14.2697091, 50.0485325], [14.2699466, 50.0484359], [14.2703008, 50.0482011], [14.2704457, 50.0480602], [14.2705696, 50.0479043], [14.2706361, 50.0477674], [14.2705631, 50.0477474], [14.2709934, 50.0470903], [14.2710433, 50.0469324], [14.2710774, 50.0467563], [14.2709141, 50.0466109], [14.2706931, 50.0465969], [14.270467, 50.0464813], [14.2704979, 50.04629], [14.2710012, 50.0463126], [14.2709266, 50.0461509], [14.2708349, 50.0459811], [14.2708559, 50.0459608], [14.2707856, 50.0458242], [14.2706856, 50.0456599], [14.2704949, 50.0453198], [14.2704134, 50.0451501], [14.2702947, 50.044864], [14.2702128, 50.0446211], [14.2701846, 50.0445001], [14.2701199, 50.0442913], [14.2701762, 50.0441623], [14.2701702, 50.0441116], [14.2699491, 50.0435867], [14.2698804, 50.0433626], [14.2698769, 50.0433577], [14.2697892, 50.0433903], [14.2695225, 50.0433877], [14.2689712, 50.043361], [14.2687297, 50.0433367], [14.2686422, 50.0433361], [14.2686615, 50.0430338], [14.2691609, 50.0428348], [14.2692263, 50.0427478], [14.2692774, 50.0426159], [14.2693302, 50.0424536], [14.2694501, 50.0421162], [14.2695059, 50.0419198], [14.2694901, 50.0417232], [14.2695716, 50.0415399], [14.2697496, 50.0409964], [14.2698277, 50.0408073], [14.2700162, 50.0402737], [14.270057, 50.0401873], [14.2700997, 50.040097], [14.2702111, 50.0399099], [14.2703242, 50.0397353], [14.2708599, 50.0389023], [14.2709827, 50.0387365], [14.2710746, 50.0385731], [14.2712112, 50.0384005], [14.2715881, 50.0379171], [14.2718606, 50.0375878], [14.2721579, 50.0372756], [14.2723163, 50.0371121], [14.272825, 50.0366786], [14.2730056, 50.0365353], [14.2741394, 50.0357198], [14.2741417, 50.0357181], [14.2743751, 50.0355765], [14.2751905, 50.0351076], [14.2754148, 50.0349917], [14.2761118, 50.0346625], [14.2763509, 50.0345647], [14.2773443, 50.0341736], [14.2775942, 50.0340616], [14.2778387, 50.0339489], [14.278077, 50.0338273], [14.278584, 50.0336181], [14.2793509, 50.0333024], [14.2796463, 50.0331719], [14.27983, 50.0330917], [14.2800699, 50.0329723], [14.2803056, 50.0328563], [14.2805733, 50.0327272], [14.28076, 50.0326206], [14.2809854, 50.0324945], [14.2816868, 50.0320507], [14.2817194, 50.0320338], [14.2817844, 50.0320318], [14.2819256, 50.0319515], [14.2820643, 50.0318925], [14.2823808, 50.031497], [14.2830993, 50.0309738], [14.2832895, 50.0308243], [14.2850879, 50.0293865], [14.2853018, 50.0292301], [14.285798, 50.0288812], [14.2858385, 50.0288728], [14.2858435, 50.028856], [14.2858481, 50.028837], [14.2858982, 50.0288242], [14.2860444, 50.0287373], [14.2865081, 50.0284224], [14.2867498, 50.0282407], [14.2869903, 50.0281048], [14.2872209, 50.0279596], [14.2873098, 50.0279884], [14.2876082, 50.0278492], [14.2880665, 50.0276391], [14.2883041, 50.0275203], [14.2887464, 50.0272922], [14.2888713, 50.0272801], [14.2891533, 50.0270923], [14.2893339, 50.0269673], [14.2895559, 50.0268806], [14.2897828, 50.0267944], [14.2900299, 50.0267161], [14.2902891, 50.0266264], [14.2905935, 50.0265373], [14.2906476, 50.0265137], [14.2906779, 50.0264865], [14.2907541, 50.0264955], [14.290954, 50.0264179], [14.2916075, 50.0262441], [14.2918427, 50.026145], [14.2928275, 50.025761], [14.2930867, 50.0256919], [14.2938234, 50.0254805], [14.2938547, 50.0254713], [14.2941448, 50.0253674], [14.2943783, 50.0253092], [14.2946602, 50.0252531], [14.2949399, 50.0252063], [14.295224, 50.0251639], [14.296316, 50.0250325], [14.2964675, 50.0249926], [14.2966055, 50.0249466], [14.2972903, 50.0246347], [14.2974253, 50.0246078], [14.2975423, 50.0245953], [14.297593, 50.0245862], [14.2975771, 50.0240941], [14.2975751, 50.0239068], [14.2975442, 50.023694], [14.2975497, 50.0236147], [14.2975722, 50.0235558], [14.2978227, 50.0235203], [14.2978665, 50.0236458], [14.2980522, 50.023934], [14.2981634, 50.0239641], [14.2985404, 50.0239779], [14.2988681, 50.0240375], [14.2991187, 50.0242896], [14.2991539, 50.024418], [14.2993192, 50.0244007], [14.2998048, 50.0243909], [14.2999678, 50.0244362], [14.3000836, 50.0244847], [14.3002447, 50.024612], [14.3003188, 50.0246487], [14.3005304, 50.024636], [14.3008341, 50.0246297], [14.3011082, 50.0246167], [14.3013795, 50.0246112], [14.3016572, 50.0246009], [14.3019468, 50.0245804], [14.3022177, 50.0245866], [14.3024999, 50.0245828], [14.304176, 50.0245283], [14.3047297, 50.0245252], [14.3052775, 50.0244542], [14.3061203, 50.0243686], [14.3063834, 50.0243497], [14.3069389, 50.0243238], [14.3069322, 50.0242929], [14.3070282, 50.0242764], [14.3070395, 50.0242505], [14.3072062, 50.0242458], [14.3077683, 50.024192], [14.3080478, 50.0241799], [14.3088106, 50.0241409], [14.3088879, 50.0241099], [14.3091894, 50.024084], [14.3094645, 50.0240454], [14.3097474, 50.024033], [14.3100031, 50.0240358], [14.3102166, 50.024002], [14.3102877, 50.0240046], [14.3155517, 50.0236678], [14.3158709, 50.0235953], [14.3158883, 50.0234851], [14.31587, 50.0234082], [14.3158434, 50.0233571], [14.3157799, 50.0233148], [14.3156241, 50.023263], [14.3156935, 50.0231401], [14.3157772, 50.0231556], [14.3158505, 50.0231656], [14.3159548, 50.0230574], [14.3160549, 50.0228701], [14.3161609, 50.0226275], [14.3164186, 50.0220002], [14.3166213, 50.0213546], [14.3166679, 50.0211558], [14.3166893, 50.0209533], [14.3166735, 50.0208026], [14.3166064, 50.0203935], [14.3165362, 50.0199126], [14.3160625, 50.0185097], [14.3156503, 50.0177357], [14.3155281, 50.0174829], [14.315442, 50.0172017], [14.3152907, 50.0165127], [14.3152321, 50.0162185], [14.3151915, 50.0158693], [14.3151591, 50.0155671], [14.3151468, 50.0152592], [14.3151306, 50.0149852], [14.3150118, 50.0146498], [14.3149045, 50.0143728], [14.3146967, 50.0140459], [14.3145694, 50.0139736], [14.3141171, 50.0137971], [14.3137233, 50.0136475], [14.3132823, 50.0134832], [14.3128701, 50.0132516], [14.312697, 50.0131135], [14.3126082, 50.0129442], [14.3126701, 50.0128239], [14.3127816, 50.0126931], [14.3129643, 50.012543], [14.313068, 50.0123811], [14.313111, 50.0123539], [14.313149, 50.0123091], [14.3131905, 50.0122355], [14.3131975, 50.0121635], [14.3131756, 50.0120445], [14.3130635, 50.0118209], [14.3130507, 50.0118196], [14.3128121, 50.011371], [14.3127225, 50.0111929], [14.3126528, 50.011035], [14.3125968, 50.0109387], [14.3123126, 50.0103673], [14.3120387, 50.0098637], [14.3117229, 50.0092104], [14.3114249, 50.008249], [14.3113803, 50.0080111], [14.3113567, 50.0077341], [14.3113154, 50.0073895], [14.3113766, 50.0071468], [14.3114577, 50.006978], [14.3107726, 50.0069989], [14.310259, 50.0070017], [14.3098712, 50.0070017], [14.3096451, 50.0070221], [14.3091413, 50.007046], [14.3087905, 50.0071143], [14.3068251, 50.0078411], [14.3064277, 50.0079528], [14.3060427, 50.0082059], [14.3055717, 50.0085248], [14.3053962, 50.0086676], [14.3051708, 50.0089009], [14.3047267, 50.0093928], [14.3033149, 50.0108958], [14.3030653, 50.0111285], [14.3029394, 50.0112159], [14.3026481, 50.0113277], [14.3024501, 50.0113927], [14.3007933, 50.0118141], [14.3005412, 50.0112272], [14.3004103, 50.0109306], [14.3003312, 50.0104051], [14.3002522, 50.0097369], [14.3001831, 50.0090365], [14.3001366, 50.0081715], [14.3001306, 50.007661], [14.3001641, 50.0068465], [14.3001798, 50.0065668], [14.3002416, 50.0061054], [14.3004, 50.0051789], [14.3004493, 50.0048008], [14.30053, 50.0043801], [14.3003017, 50.004323], [14.2993946, 50.0041429], [14.2991049, 50.0040408], [14.2989323, 50.0039062], [14.2987746, 50.0035121], [14.2984989, 50.003241], [14.2980434, 50.002985], [14.297185, 50.0028383], [14.2971314, 50.0028334], [14.2966826, 50.0027919], [14.2966454, 50.0027844], [14.2965075, 50.0027567], [14.2963582, 50.0026979], [14.2959396, 50.0024727], [14.2957309, 50.0024161], [14.2952363, 50.0023317], [14.2948476, 50.0022654], [14.2948377, 50.0022104], [14.2951169, 50.0022409], [14.2954006, 50.0020927], [14.2955345, 50.0019655], [14.2957908, 50.0018176], [14.2959212, 50.001723], [14.2961715, 50.0014502], [14.2963433, 50.001338], [14.2965429, 50.0011665], [14.2968903, 50.0010018], [14.2973406, 50.0007222], [14.2974497, 50.000622], [14.2984497, 50.0004962], [14.2986675, 50.000457], [14.2987666, 50.0004421], [14.2989701, 50.0003608], [14.2991065, 50.0003422], [14.2992382, 50.0003689], [14.2993751, 50.0003511], [14.29955, 50.0002228], [14.2996609, 50.0000374], [14.2997705, 49.9999917], [14.3003476, 49.9999594], [14.3006686, 49.9999559], [14.3010009, 50.0000123], [14.3011952, 50.0000629], [14.3014303, 50.0000331], [14.3014916, 50.0000032], [14.301838, 49.9999485], [14.3018459, 49.999893], [14.3017583, 49.9997301], [14.3016414, 49.9996519], [14.3014397, 49.9993197], [14.3014345, 49.999289], [14.3013456, 49.9992276], [14.3012767, 49.9991847], [14.3011892, 49.9991663], [14.3010648, 49.9991017], [14.3009921, 49.9990582], [14.3008471, 49.9989334], [14.3007585, 49.998862], [14.3006907, 49.9987713], [14.3005984, 49.9986849], [14.3005252, 49.9985833], [14.3005225, 49.9985077], [14.3005245, 49.9983764], [14.3005636, 49.9983211], [14.3005644, 49.9982056], [14.3007239, 49.9981027], [14.3008233, 49.9980846], [14.3008808, 49.9980259], [14.3009976, 49.9978216], [14.301036, 49.9977892], [14.3011426, 49.9977625], [14.3012102, 49.997756], [14.3012867, 49.9977447], [14.3013098, 49.997765], [14.3015275, 49.9976692], [14.3018073, 49.997603], [14.3020511, 49.9975793], [14.3021348, 49.9975691], [14.3022191, 49.9975618], [14.3022908, 49.9975382], [14.3025579, 49.9975064], [14.3027484, 49.9975134], [14.3028091, 49.9975212], [14.3029542, 49.9975651], [14.3030259, 49.997567], [14.3030976, 49.9975637], [14.3031803, 49.997548], [14.303255, 49.9975319], [14.3034043, 49.9975207], [14.3034928, 49.9975459], [14.3035957, 49.9975618], [14.3037028, 49.9975749], [14.3037929, 49.9975764], [14.3038976, 49.9975695], [14.3039913, 49.997544], [14.3041848, 49.9975839], [14.3044068, 49.997602], [14.304568, 49.9976131], [14.3048094, 49.9976198], [14.3050671, 49.9976172], [14.3051891, 49.9976501], [14.3054486, 49.9976779], [14.3057544, 49.997659], [14.3059231, 49.9976462], [14.3060988, 49.997604], [14.306243, 49.997556], [14.3064012, 49.9974566], [14.3063894, 49.9971998], [14.3066361, 49.9971152], [14.3067881, 49.997018], [14.3069809, 49.9968143], [14.3071035, 49.9966085], [14.3072576, 49.9964194], [14.3073249, 49.9963247], [14.3073882, 49.9962591], [14.3074741, 49.9962334], [14.3076066, 49.9962453], [14.3077008, 49.9962399], [14.3075982, 49.996189], [14.3072267, 49.9954685], [14.307643, 49.9952243], [14.3078103, 49.9950965], [14.3078831, 49.995032], [14.3079817, 49.9949698], [14.3082921, 49.994819], [14.3084942, 49.9947442], [14.3090345, 49.9945957], [14.3095186, 49.9944659], [14.3096902, 49.9943566], [14.3097447, 49.9943137], [14.3098713, 49.9941838], [14.3099754, 49.9940707], [14.3101027, 49.9938383], [14.3103444, 49.9939121], [14.311563, 49.994316], [14.3118335, 49.9943926], [14.3123163, 49.9945016], [14.3127266, 49.9945789], [14.3134375, 49.9946947], [14.3139613, 49.9947832], [14.3140002, 49.994544], [14.3141083, 49.9942276], [14.3141813, 49.9940462], [14.3143025, 49.9937908], [14.3144949, 49.9934552], [14.3145775, 49.9932001], [14.3146286, 49.9930193], [14.3147153, 49.9928096], [14.3148631, 49.9926036], [14.3151184, 49.9922281], [14.3153757, 49.9919765], [14.3155866, 49.991833], [14.3158743, 49.9916194], [14.3161609, 49.991389], [14.3164736, 49.9911633], [14.3167306, 49.9909515], [14.3169757, 49.9907524], [14.3172117, 49.9905461], [14.317336, 49.9903626], [14.3173163, 49.9902257], [14.317322, 49.9902004], [14.3172349, 49.9900571], [14.3172529, 49.9900423], [14.3173878, 49.9899138], [14.3174965, 49.9898686], [14.3176994, 49.9897326], [14.3177707, 49.9897116], [14.317904, 49.9894775], [14.3181007, 49.9888931], [14.3215387, 49.9898907], [14.3264715, 49.991618], [14.3266699, 49.9910415], [14.3267638, 49.9910062], [14.3268526, 49.9911001], [14.3269822, 49.9911956], [14.3271343, 49.9912957], [14.3276706, 49.9915476], [14.3282447, 49.9917466], [14.3297066, 49.9922197], [14.3303324, 49.9924311], [14.3304591, 49.9924687], [14.3310401, 49.9926756], [14.3314304, 49.9927802], [14.3317079, 49.9928595], [14.3318423, 49.9929044], [14.3319538, 49.9929385], [14.33207, 49.9929782], [14.3322996, 49.9930614], [14.3329582, 49.9932557], [14.3331393, 49.9932926], [14.3339415, 49.9935143], [14.3341783, 49.9936009], [14.334621, 49.9937795], [14.3349811, 49.9938485], [14.3354409, 49.9938711], [14.3358034, 49.9938576], [14.3361446, 49.9938159], [14.3363437, 49.9937833], [14.3366401, 49.9936453], [14.3370857, 49.9935188], [14.3375064, 49.9932883], [14.3376807, 49.9931335], [14.3377393, 49.993021], [14.3379564, 49.9923392], [14.3382056, 49.9919782], [14.338639, 49.9916106], [14.3385907, 49.991553], [14.3427224, 49.9906464], [14.3427555, 49.9906307], [14.3427298, 49.990608], [14.3424793, 49.9905826], [14.3422936, 49.9905382], [14.3420594, 49.9904629], [14.3418937, 49.9903865], [14.3417357, 49.9902997], [14.341564, 49.990194], [14.3413812, 49.9901089], [14.3409897, 49.9899484], [14.3407673, 49.9898671], [14.3406093, 49.9898145], [14.3403009, 49.9897173], [14.3401026, 49.9896666], [14.3399113, 49.9896127], [14.3397142, 49.9895612], [14.3394844, 49.9895087], [14.339304, 49.9894637], [14.339103, 49.9894072], [14.3389288, 49.9893694], [14.338785, 49.9893443], [14.3385952, 49.989299], [14.3384108, 49.9892496], [14.3380575, 49.9891438], [14.3377132, 49.9890536], [14.3374955, 49.9890102], [14.3372821, 49.9889716], [14.3370911, 49.988945], [14.3368485, 49.9889185], [14.336615, 49.9888978], [14.3364353, 49.9888893], [14.3362376, 49.9888825], [14.3360915, 49.9888796], [14.3360146, 49.9888682], [14.3357918, 49.9888617], [14.3355705, 49.988807], [14.3353151, 49.988665], [14.3347883, 49.9879862], [14.3348712, 49.987731], [14.334823, 49.987433], [14.3347113, 49.987105], [14.3346571, 49.9869363], [14.3350921, 49.9864441], [14.3352541, 49.9864696], [14.3355597, 49.9864385], [14.3357741, 49.9864489], [14.3359285, 49.9863414], [14.3361286, 49.9863351], [14.3362136, 49.9863068], [14.3364142, 49.9861695], [14.3365926, 49.9860913], [14.3368887, 49.985933], [14.3369844, 49.9859272], [14.3370639, 49.9859954], [14.3373694, 49.9858876], [14.3373693, 49.9858343], [14.337443, 49.9858282], [14.3376393, 49.9859092], [14.3378126, 49.9858934], [14.3379842, 49.9856118], [14.3380256, 49.9855848], [14.3382139, 49.9855892], [14.338233, 49.9857392], [14.3384406, 49.985738], [14.3386894, 49.9857038], [14.3389486, 49.9854985], [14.3389248, 49.985336], [14.3387544, 49.9852138], [14.3388506, 49.985085], [14.3389674, 49.9850314], [14.3389883, 49.9849476], [14.3389138, 49.9848814], [14.3389001, 49.9848076], [14.3390338, 49.9846713], [14.3390794, 49.9845409], [14.3390592, 49.9844862], [14.3391048, 49.9843707], [14.3390504, 49.9838519], [14.3391855, 49.9837348], [14.3391577, 49.9836603], [14.3390785, 49.9835979], [14.3388997, 49.9835114], [14.3387371, 49.9832777], [14.3386963, 49.9832347], [14.3385522, 49.9831168], [14.3384644, 49.9830333], [14.3382114, 49.982962], [14.3380719, 49.9828854], [14.3379665, 49.9828635], [14.3377606, 49.9827268], [14.3376501, 49.982688], [14.3375937, 49.9825653], [14.3376087, 49.9824657], [14.337585, 49.9823912], [14.3378955, 49.9822298], [14.3380497, 49.9821883], [14.3381674, 49.9821118], [14.3382049, 49.982024], [14.3382477, 49.9819983], [14.3383848, 49.9819736], [14.33845, 49.9819473], [14.3385737, 49.9819357], [14.3385739, 49.9817875], [14.3386787, 49.9815658], [14.3387136, 49.9813754], [14.3387422, 49.9812756], [14.3388137, 49.9812706], [14.3388494, 49.9812209], [14.3390401, 49.9811864], [14.3390839, 49.981168], [14.3392993, 49.9811299], [14.3395901, 49.9807519], [14.3390947, 49.980459], [14.3383443, 49.9801333], [14.3376022, 49.9798058], [14.3370513, 49.9795486], [14.3364846, 49.9791924], [14.3357382, 49.9787575], [14.335194, 49.9785111], [14.3352789, 49.9784094], [14.3354886, 49.9781169], [14.334717, 49.9776173], [14.3346711, 49.9775264], [14.3342625, 49.9774958], [14.3323413, 49.9773057], [14.3323447, 49.9772971], [14.3324031, 49.9770301], [14.3324627, 49.9767833], [14.3325629, 49.9764672], [14.3326406, 49.9762891], [14.3326512, 49.9761085], [14.3326069, 49.9758816], [14.3316722, 49.9757861], [14.3312359, 49.97571], [14.3306381, 49.9755938], [14.3299338, 49.9754165], [14.3299942, 49.9753536], [14.3300189, 49.9753238], [14.3300434, 49.9752899], [14.3300552, 49.9752553], [14.3300544, 49.9752211], [14.3299699, 49.9751711], [14.3298406, 49.9751059], [14.3297174, 49.9750356], [14.3296791, 49.9750101], [14.3296083, 49.9749537], [14.329523, 49.9748618], [14.3294968, 49.9748303], [14.3294736, 49.9747983], [14.3294528, 49.9747652], [14.3293964, 49.9746648], [14.3293791, 49.9746301], [14.3293391, 49.9745293], [14.3293363, 49.9744913], [14.329944, 49.974527], [14.3301666, 49.9743718], [14.3302094, 49.9741786], [14.3293863, 49.9738883], [14.3289199, 49.9737397], [14.3278583, 49.973202], [14.3276075, 49.9729341], [14.3276064, 49.9729348], [14.3271216, 49.9723278], [14.3268149, 49.9718587], [14.32686, 49.9714099], [14.3271555, 49.9709918], [14.3274645, 49.9707322], [14.3290313, 49.9708712], [14.3298505, 49.9709409], [14.3312433, 49.9710627], [14.332299, 49.9710301], [14.3324615, 49.9711941], [14.3326516, 49.9713527], [14.3335294, 49.9720096], [14.3339235, 49.9722579], [14.3345152, 49.9725941], [14.3351698, 49.9729091], [14.3364387, 49.9733646], [14.3368638, 49.973498], [14.3373911, 49.973652], [14.3382661, 49.9739134], [14.3392306, 49.9742038], [14.3406194, 49.9746139], [14.341372, 49.974756], [14.3419043, 49.9748019], [14.3422623, 49.9748245], [14.3423003, 49.9748409], [14.3426489, 49.9748516], [14.3432428, 49.9748216], [14.3442692, 49.9747463], [14.3448295, 49.9747401], [14.345322, 49.9747451], [14.3458116, 49.9747663], [14.3461789, 49.9747107], [14.3457398, 49.9742618], [14.3456906, 49.9742267], [14.3454737, 49.9740542], [14.3452955, 49.9739047], [14.3451264, 49.9737689], [14.3449986, 49.9736168], [14.3451448, 49.9735264], [14.3451988, 49.9735141], [14.3453871, 49.9734663], [14.3462557, 49.9736947], [14.3464181, 49.973574], [14.3465649, 49.9733824], [14.3466292, 49.9733387], [14.3468222, 49.9733314], [14.3468934, 49.9727382], [14.3469293, 49.9727047], [14.3470757, 49.9724752], [14.346941, 49.9724316], [14.3467207, 49.9723365], [14.3465826, 49.9722525], [14.3460066, 49.9718742], [14.3459306, 49.9717957], [14.3458403, 49.9716723], [14.3457036, 49.9713851], [14.3455797, 49.9709728], [14.345519, 49.9704499], [14.3453991, 49.9699536], [14.3453343, 49.9689227], [14.3453159, 49.968561], [14.344916, 49.9676279], [14.3444723, 49.9671313], [14.3438774, 49.9666415], [14.3433919, 49.9663539], [14.3428795, 49.966147], [14.3424819, 49.9660124], [14.3420592, 49.9658932], [14.3414873, 49.9657289], [14.3412479, 49.9657086], [14.3409944, 49.9657403], [14.3408612, 49.9657755], [14.3405104, 49.9659172], [14.3401646, 49.966042], [14.3392562, 49.9662555], [14.3385208, 49.9665245], [14.3377598, 49.9668839], [14.3372468, 49.9670619], [14.3366373, 49.9672442], [14.3358272, 49.9674205], [14.3354684, 49.9674871], [14.3351359, 49.9675226], [14.3346987, 49.9675302], [14.3345226, 49.9673865], [14.3342206, 49.9672813], [14.3337038, 49.9670635], [14.3323322, 49.9663307], [14.3307407, 49.9654535], [14.3300183, 49.9651774], [14.3292319, 49.9648505], [14.3281214, 49.9642034], [14.3272989, 49.9632982], [14.3270199, 49.962705], [14.3268518, 49.961734], [14.3261864, 49.9602613], [14.3260947, 49.9598489], [14.3254051, 49.9591798], [14.3250889, 49.9587864], [14.3249767, 49.9583755], [14.3250386, 49.9579351], [14.3254392, 49.9572087], [14.3260191, 49.956692], [14.3264733, 49.95633], [14.3267682, 49.9561732], [14.3276952, 49.955991], [14.3279497, 49.9559233], [14.3292161, 49.9556843], [14.3297937, 49.9555194], [14.3308254, 49.9550993], [14.3310725, 49.9549254], [14.331362, 49.9546981], [14.3317189, 49.9544713], [14.3321278, 49.9542647], [14.3330404, 49.953809], [14.3337673, 49.9533993], [14.3343125, 49.9530497], [14.3349693, 49.9525665], [14.3360929, 49.9513918], [14.3366283, 49.9506681], [14.3370244, 49.9500627], [14.3371778, 49.9497878], [14.3374327, 49.9491325], [14.3376345, 49.9483835], [14.3383869, 49.948509], [14.3383808, 49.9484785], [14.3384218, 49.948484], [14.3390569, 49.9485472], [14.3397634, 49.9486064], [14.3403488, 49.948669], [14.3408013, 49.9486637], [14.3412014, 49.948555], [14.3411442, 49.948507], [14.3412231, 49.9483222], [14.3414342, 49.9480737], [14.3428774, 49.9475842], [14.3432037, 49.9475545], [14.3434613, 49.9475941], [14.3440813, 49.9475974], [14.3448203, 49.9478321], [14.3455097, 49.9479723], [14.345922, 49.9480366], [14.3465928, 49.9482459], [14.3481399, 49.9481385], [14.3484238, 49.9481242], [14.3490581, 49.9481248], [14.3493776, 49.9481312], [14.3494598, 49.9481289], [14.3502871, 49.9481776], [14.3506587, 49.9482166], [14.351663, 49.9482098], [14.3529661, 49.9479604], [14.3536691, 49.9477833], [14.3585853, 49.9486568], [14.3587366, 49.9486837], [14.3603929, 49.9474546], [14.3613063, 49.9478498], [14.3615306, 49.9479482], [14.3627963, 49.9484042], [14.3644898, 49.9489982], [14.365155, 49.9493438], [14.3653579, 49.9494426], [14.3656072, 49.9493779], [14.3658753, 49.9494272], [14.3660917, 49.9495313], [14.3664029, 49.949864], [14.3667648, 49.9501246], [14.3669903, 49.9502635], [14.3669789, 49.9509072], [14.3670367, 49.9510019], [14.367092, 49.9512969], [14.3683756, 49.9513236], [14.368778, 49.9512957], [14.3694445, 49.951164], [14.3697848, 49.9510642], [14.3712203, 49.9506361], [14.3713858, 49.9505564], [14.3715135, 49.9504712], [14.3716866, 49.9503234], [14.3719163, 49.950093], [14.3720231, 49.9499627], [14.3721106, 49.9498144], [14.3721546, 49.9496911], [14.3721315, 49.9493434], [14.3721273, 49.9492648], [14.3721419, 49.9491735], [14.372214, 49.9489997], [14.3726287, 49.9483481], [14.3726505, 49.9482062], [14.3729391, 49.9475203], [14.3731038, 49.9473527], [14.373208, 49.9471224], [14.3741299, 49.9467653], [14.3750666, 49.9474352], [14.375082, 49.9474947], [14.3754091, 49.9473405], [14.3758462, 49.9471054], [14.3768119, 49.9466207], [14.3770295, 49.9466656], [14.3780159, 49.9478034], [14.3781934, 49.9480245], [14.3784659, 49.9484017], [14.3787791, 49.9486443], [14.3790075, 49.9487605], [14.3791783, 49.9488735], [14.3795632, 49.949081], [14.3797583, 49.9492145], [14.3798221, 49.9491951], [14.3823182, 49.9491996], [14.3853959, 49.9492428], [14.3855018, 49.9494035], [14.3859792, 49.9495796], [14.3864485, 49.9496123], [14.3866609, 49.9496362], [14.3868179, 49.949671], [14.3871651, 49.9497966], [14.387515, 49.9498071], [14.3877819, 49.9498249], [14.3878474, 49.9497555], [14.3879707, 49.9497837], [14.3888115, 49.9483407], [14.3888953, 49.9481496], [14.3889364, 49.9480948], [14.3889377, 49.948031], [14.3889758, 49.9480127], [14.3889426, 49.9479825], [14.3889069, 49.9479587], [14.3886654, 49.9475882], [14.3887159, 49.9472903], [14.3888549, 49.9470627], [14.3889038, 49.9468493], [14.3889861, 49.9467452], [14.3890327, 49.9466202], [14.3889032, 49.9458914], [14.3889826, 49.94575], [14.3890184, 49.9454457], [14.3890496, 49.9451745], [14.3893756, 49.9450755], [14.3894803, 49.945097], [14.3904446, 49.9446258], [14.3904528, 49.9445957], [14.39063, 49.944557], [14.3908432, 49.9444849], [14.390865, 49.9442389], [14.3908086, 49.9441237], [14.3908451, 49.9440457], [14.3913325, 49.943935], [14.3918781, 49.9436739], [14.3932545, 49.9430043], [14.3932535, 49.9429983], [14.3934851, 49.9429127], [14.3934886, 49.942911], [14.3937772, 49.9427707], [14.395562, 49.9419006], [14.3958445, 49.9421159], [14.3960654, 49.9423277], [14.3963835, 49.9426731], [14.3964387, 49.9426656], [14.3965792, 49.9429124], [14.3967055, 49.9431744], [14.3967872, 49.9434488], [14.3968522, 49.9437139], [14.396789, 49.9437247], [14.3968064, 49.9440059], [14.3968566, 49.9442571], [14.3968649, 49.9444156], [14.396833, 49.9446372], [14.3967775, 49.94486], [14.3966495, 49.9451798], [14.3965033, 49.9455241], [14.3963128, 49.9458876], [14.3961549, 49.9462203], [14.3959432, 49.9466521], [14.3958948, 49.9468519], [14.3957745, 49.9471016], [14.395692, 49.9474047], [14.3956606, 49.9474482], [14.3955185, 49.9477266], [14.3954539, 49.9478533], [14.395379, 49.9480624], [14.3953705, 49.9480813], [14.3951743, 49.9485187], [14.3950628, 49.9488064], [14.39502, 49.9489385], [14.3949773, 49.9490813], [14.3949447, 49.9491905], [14.3948913, 49.9494582], [14.3948202, 49.9497778], [14.3947709, 49.9499645], [14.3947116, 49.950189], [14.3946569, 49.9505763], [14.3946155, 49.9509163], [14.3945933, 49.9512182], [14.3945428, 49.9517586], [14.3945284, 49.9521096], [14.3944696, 49.9523746], [14.3943628, 49.952998], [14.3943397, 49.9532235], [14.394376, 49.9533499], [14.3944227, 49.9538319], [14.3942296, 49.9538976], [14.3944435, 49.9541925], [14.3945164, 49.954543], [14.3946388, 49.9550929], [14.3947191, 49.9553949], [14.3947485, 49.9557137], [14.3948187, 49.956001], [14.3949524, 49.9566312], [14.395018, 49.9568394], [14.3950841, 49.9570916], [14.3951577, 49.9573148], [14.3952475, 49.9574907], [14.3953884, 49.9577494], [14.3955228, 49.9580391], [14.3957013, 49.9583125], [14.3958559, 49.9586368], [14.396068, 49.9590285], [14.3963478, 49.9595051], [14.3965683, 49.9598892], [14.3968926, 49.9603813], [14.397068, 49.9607984], [14.3973611, 49.9611832], [14.3977322, 49.9618964], [14.3981381, 49.9630814], [14.3982287, 49.9637577], [14.3983887, 49.9642656], [14.3984835, 49.9646802], [14.3985716, 49.9651922], [14.3986136, 49.9656581], [14.3987114, 49.9659265], [14.3988879, 49.9666117], [14.3989551, 49.9670532], [14.3991261, 49.9678168], [14.3997767, 49.9677527], [14.3998842, 49.967832], [14.3999245, 49.9679198], [14.4000199, 49.9686186], [14.4000993, 49.969143], [14.4002904, 49.9698192], [14.4003589, 49.9703275], [14.4004027, 49.9703248], [14.4004173, 49.9703987], [14.4005118, 49.9703806], [14.4006472, 49.9706693], [14.4007466, 49.9706935], [14.4011044, 49.9707659], [14.4011618, 49.9707951], [14.4012867, 49.9709223], [14.4014207, 49.970842], [14.4013595, 49.9707236], [14.4013545, 49.9706455], [14.4014224, 49.9704652], [14.4015151, 49.9703792], [14.4016663, 49.9703309], [14.4018056, 49.9703608], [14.4019556, 49.9704122], [14.4021014, 49.970485], [14.4021719, 49.9705226], [14.4022592, 49.9705174], [14.4024751, 49.9705639], [14.4030664, 49.9700625], [14.4033844, 49.9698006], [14.4039462, 49.9693814], [14.4043128, 49.9691207], [14.4045407, 49.9690037], [14.4050853, 49.9688355], [14.4058991, 49.9685518], [14.4067748, 49.9682487], [14.4073492, 49.968107], [14.4082261, 49.9679593], [14.4086208, 49.9678369], [14.4089238, 49.9676434], [14.4093541, 49.9670875], [14.4096404, 49.9668135], [14.4107725, 49.9660834], [14.4109897, 49.9659652], [14.4112612, 49.9658759], [14.4115848, 49.9657939], [14.4135784, 49.9655757], [14.4141182, 49.9655223], [14.4142764, 49.965489], [14.4145945, 49.9653901], [14.4147913, 49.9652414], [14.4152025, 49.964749], [14.4154811, 49.9645216], [14.4165019, 49.9640108], [14.4168512, 49.9639057], [14.4172618, 49.9638416], [14.4189844, 49.9635836], [14.4194183, 49.9635636], [14.4199256, 49.9635827], [14.4203069, 49.9636279], [14.4215971, 49.9638407], [14.4221025, 49.9638487], [14.4231059, 49.9638335], [14.4242656, 49.9638887], [14.4246796, 49.9639385], [14.4254575, 49.9640594], [14.4266246, 49.964347], [14.4277435, 49.9645], [14.4283317, 49.9648885], [14.4287359, 49.9655343], [14.4292673, 49.9658622], [14.42925, 49.9661], [14.4297425, 49.9665346], [14.4302341, 49.966839], [14.4311737, 49.9670639], [14.4316656, 49.9672565], [14.4321882, 49.9672871], [14.4325676, 49.9674261], [14.4325787, 49.9674657], [14.4330387, 49.9674556], [14.4334119, 49.9675504], [14.4343693, 49.9677378], [14.4348829, 49.9677392], [14.435471, 49.9679933], [14.4355836, 49.9680041], [14.4359076, 49.9679947], [14.436056, 49.9680408], [14.4366145, 49.9681717], [14.4370724, 49.9681307], [14.4375735, 49.9681864], [14.4381943, 49.9680704], [14.4384662, 49.9680634], [14.4385465, 49.9680929], [14.4386195, 49.9681197], [14.4412642, 49.9693379], [14.4427885, 49.9708583], [14.4445592, 49.9738072], [14.4445941, 49.9738632], [14.4451047, 49.9737243], [14.4458172, 49.9736823], [14.4467103, 49.9737663], [14.4475515, 49.9738411], [14.4485033, 49.9737302], [14.4494106, 49.9735489], [14.4499165, 49.9734262], [14.4502846, 49.9732977], [14.4506585, 49.9731533], [14.4510933, 49.9729608], [14.4520343, 49.9725119], [14.4527718, 49.9722095], [14.4531344, 49.972087], [14.4535981, 49.9719832], [14.4536209, 49.9719097], [14.4536372, 49.9718589], [14.453986, 49.971894], [14.4541726, 49.9718747], [14.454491, 49.9718659], [14.4554882, 49.9718833], [14.4554879, 49.9718931], [14.4555573, 49.9718916], [14.4560555, 49.9719], [14.4573146, 49.9718836], [14.4579874, 49.9718225], [14.4590798, 49.9716249], [14.4601026, 49.9712807], [14.4606678, 49.9710814], [14.4613013, 49.9709076], [14.4622402, 49.9707711], [14.4627252, 49.9722051], [14.4624211, 49.9722491], [14.4625192, 49.9725303], [14.4631176, 49.9724368], [14.4632254, 49.972739], [14.463579, 49.9727168], [14.4641082, 49.972691], [14.4641924, 49.9731184], [14.4643733, 49.973725], [14.4648524, 49.9751763], [14.4650619, 49.9757725], [14.4659448, 49.9794311], [14.4660195, 49.9797391], [14.466102, 49.9800846], [14.4661802, 49.9803748], [14.4662423, 49.9806451], [14.4663038, 49.9810366], [14.4667365, 49.9809549], [14.4679822, 49.9806023], [14.4686643, 49.9802953], [14.4694754, 49.9801095], [14.4694512, 49.9798789], [14.4715889, 49.9801335], [14.4731738, 49.9803155], [14.4739923, 49.9804035], [14.4739333, 49.980684], [14.4739129, 49.9809555], [14.4739084, 49.9814413], [14.473898, 49.9817626], [14.4738631, 49.9822321], [14.4738502, 49.9825638], [14.4738413, 49.9829874], [14.473838, 49.9833955], [14.4737931, 49.9835261], [14.473704, 49.9837523], [14.4738333, 49.9837708], [14.4739953, 49.9837736], [14.4745034, 49.9832109], [14.4745923, 49.9832516], [14.4746035, 49.9832531], [14.4759475, 49.9841097], [14.4762196, 49.983954], [14.476578, 49.9841197], [14.4766768, 49.9841599], [14.4771395, 49.9843238], [14.4776483, 49.9844728], [14.4795532, 49.9849122], [14.4799666, 49.9850115], [14.4807539, 49.98519], [14.4823202, 49.985233], [14.4827677, 49.9852542], [14.486985, 49.9856871], [14.4867922, 49.9859457], [14.486729, 49.986389], [14.4867736, 49.9867172], [14.4868837, 49.9870527], [14.4869073, 49.9871341], [14.4870376, 49.9875848], [14.4858485, 49.9875449], [14.4851509, 49.9874409], [14.4845836, 49.9874152], [14.4842288, 49.9890335], [14.4842357, 49.9893914], [14.4843883, 49.9897155], [14.4848458, 49.9900645], [14.4847842, 49.9903324], [14.4848877, 49.9907061], [14.4847013, 49.9913317], [14.4845173, 49.9917401], [14.4841347, 49.9916655], [14.4839829, 49.9920297], [14.4839335, 49.9924191], [14.4856321, 49.9927841], [14.4870078, 49.9930963], [14.4884531, 49.9934024], [14.4886889, 49.9934447], [14.4908856, 49.9939499], [14.4927246, 49.9943493], [14.492946, 49.9943886], [14.4944438, 49.9947214], [14.4961247, 49.9950902], [14.4968682, 49.9952564], [14.4969182, 49.9952653], [14.4978613, 49.9954323], [14.4980137, 49.9954657], [14.5018955, 49.996316], [14.5033322, 49.9966256], [14.5039649, 49.996762], [14.5057466, 49.9971696], [14.5072536, 49.9974772], [14.5074038, 49.9972204], [14.5075369, 49.9969295], [14.5077195, 49.9966207], [14.5077207, 49.9966191], [14.5078303, 49.9964698], [14.5079141, 49.9963465], [14.5079358, 49.9963145], [14.5080121, 49.9961979], [14.5080343, 49.996164], [14.5081327, 49.9960121], [14.5082225, 49.9958615], [14.5083068, 49.995708], [14.5083285, 49.9956734], [14.5084045, 49.9955556], [14.5084458, 49.9954885], [14.5088987, 49.9947344], [14.5089734, 49.9945972], [14.5091826, 49.9942661], [14.5093561, 49.9938535], [14.508248, 49.9936185], [14.5081697, 49.9936062], [14.5075143, 49.9934731], [14.5076318, 49.99324], [14.5077149, 49.9930687], [14.5077971, 49.9928952], [14.5078946, 49.9926938], [14.5079455, 49.9925903], [14.5080479, 49.9923761], [14.5080871, 49.9923087], [14.5081704, 49.9921655], [14.5081846, 49.9921388], [14.5086295, 49.9922069], [14.5098096, 49.9923875], [14.5097746, 49.992244], [14.509853, 49.9922507], [14.5098937, 49.9922542], [14.5137466, 49.992583], [14.5137248, 49.992654], [14.5136393, 49.992954], [14.513565, 49.9932565], [14.5135527, 49.9933099], [14.5134227, 49.9938613], [14.5134424, 49.9941543], [14.5134214, 49.9945336], [14.5135335, 49.9945473], [14.5142471, 49.994625], [14.5143347, 49.9946334], [14.516153, 49.9948359], [14.5160901, 49.994943], [14.5174785, 49.9951545], [14.5175161, 49.9951612], [14.5179069, 49.9944903], [14.5179512, 49.9944175], [14.5187767, 49.9947735], [14.5189203, 49.9948517], [14.5181927, 49.9961205], [14.5193315, 49.9962234], [14.5191339, 49.9971001], [14.5191917, 49.99711], [14.5195628, 49.9971736], [14.5196283, 49.9971848], [14.5197635, 49.9971784], [14.5208234, 49.9972401], [14.5243223, 49.9974342], [14.5260863, 49.9985195], [14.5270851, 49.9991118], [14.5275842, 49.9994279], [14.5278272, 49.9995817], [14.5282584, 49.9998367], [14.5291959, 50.0003789], [14.5294137, 50.0004717], [14.5300192, 50.0007153], [14.5297887, 50.0008458], [14.5295415, 50.0010004], [14.5292615, 50.0011873], [14.529004, 50.0013676], [14.5287448, 50.0015408], [14.5282977, 50.0019168], [14.5275938, 50.0024492], [14.5270426, 50.0028551], [14.5267621, 50.0030592], [14.5264778, 50.0032557], [14.5261747, 50.0034595], [14.5256041, 50.0038745], [14.5253831, 50.0040735], [14.5250527, 50.0043332], [14.5247902, 50.0045681], [14.52458, 50.0047471], [14.5241293, 50.005193], [14.5239501, 50.0054235], [14.5237073, 50.0056818], [14.5234387, 50.005915], [14.5232623, 50.0061521], [14.5230338, 50.0063527], [14.522716, 50.0066012], [14.5224672, 50.0067844], [14.5221454, 50.0069827], [14.5218477, 50.0071411], [14.5215498, 50.0073131], [14.521282, 50.007492], [14.520994, 50.0077216], [14.5211991, 50.0077703], [14.5217673, 50.0079477], [14.5220251, 50.0079952], [14.5224311, 50.008112], [14.522741, 50.0082547], [14.5230868, 50.008418], [14.5237083, 50.0087233], [14.5242805, 50.0090483], [14.5248674, 50.0093756], [14.5261396, 50.0099779], [14.5266748, 50.0102675], [14.5269574, 50.0104396], [14.5271755, 50.0106548], [14.5274725, 50.0108381], [14.52788, 50.0108272], [14.5282952, 50.0108096], [14.5292071, 50.0107805], [14.5294734, 50.010787], [14.5309913, 50.011077], [14.5318363, 50.0112216], [14.5322552, 50.0112992], [14.5326675, 50.0113797], [14.5335566, 50.0115395], [14.5340045, 50.0115932], [14.5344576, 50.0116255], [14.5348946, 50.0116655], [14.5352741, 50.0117084], [14.5354842, 50.011751], [14.5361742, 50.0114905], [14.5368205, 50.0112527], [14.5373034, 50.0110825], [14.53795, 50.0108315], [14.5385726, 50.0106507], [14.5393505, 50.0104128], [14.5403825, 50.0100913], [14.540932, 50.009892], [14.541125, 50.0097576], [14.5413682, 50.0095157], [14.541494, 50.0093097], [14.5416827, 50.0091088], [14.5421047, 50.0087803], [14.5423599, 50.0086999], [14.5426954, 50.008655], [14.5431895, 50.0086553], [14.543546, 50.0085877], [14.544108, 50.0084735], [14.5445364, 50.0083985], [14.544762, 50.0084206], [14.545358, 50.0085712], [14.545497, 50.008605], [14.5456626, 50.0086481], [14.5459663, 50.0087682], [14.5462051, 50.0087686], [14.5464545, 50.0087356], [14.54679, 50.0086703], [14.5473153, 50.0085953], [14.5476901, 50.0085301], [14.5486243, 50.0083792], [14.5490656, 50.0083022], [14.5496773, 50.0082092], [14.5500677, 50.0081314], [14.5508521, 50.0079867], [14.5511739, 50.0083569], [14.5512286, 50.0083533], [14.5515395, 50.0086131], [14.5525247, 50.0090295], [14.5527578, 50.0091508], [14.5530341, 50.0092744], [14.5533527, 50.0094513], [14.5534669, 50.0094627], [14.5535226, 50.0095565], [14.5535296, 50.0096716], [14.5535552, 50.0097106], [14.5537247, 50.0097994], [14.5537906, 50.0099136], [14.5536062, 50.0101339], [14.553343, 50.0105047], [14.5530729, 50.0109209], [14.5530152, 50.0109982], [14.5535645, 50.0112313], [14.553692, 50.0112945], [14.5538772, 50.0111642], [14.5539625, 50.0110565], [14.5542667, 50.0110714], [14.5545332, 50.0109853], [14.5545313, 50.011172], [14.5544533, 50.0112677], [14.554373, 50.0113296], [14.5540797, 50.0114938], [14.5540219, 50.0116282], [14.5540557, 50.0117761], [14.5542657, 50.0120404], [14.5542317, 50.0121565], [14.5543226, 50.0120905], [14.554601, 50.0119879], [14.5547752, 50.0119543], [14.5550511, 50.0119776], [14.5553304, 50.0120307], [14.5557431, 50.0119759], [14.5560754, 50.01192], [14.5563718, 50.0119051], [14.5567688, 50.0119142], [14.5574925, 50.0117927], [14.5578077, 50.0117815], [14.5581917, 50.011792], [14.5590905, 50.0118484], [14.5604361, 50.0117336], [14.561379, 50.0116802], [14.5627521, 50.0115863], [14.5629681, 50.0115519], [14.5632612, 50.0114508], [14.5635572, 50.0112277], [14.5635882, 50.0111761], [14.5636017, 50.0110936], [14.5636483, 50.0109073], [14.5636964, 50.0106986], [14.5637435, 50.0105864], [14.5638809, 50.0103452], [14.5639416, 50.0102586], [14.5639543, 50.0102123], [14.5641641, 50.0098595], [14.5641559, 50.009808], [14.5641418, 50.0097777], [14.5641098, 50.0097642], [14.5640792, 50.0097357], [14.5641602, 50.0097137], [14.5642372, 50.0096827], [14.5643986, 50.0096529], [14.5646197, 50.0096288], [14.5664683, 50.0094523], [14.566847, 50.0094347], [14.5675263, 50.0094888], [14.5676268, 50.0091928], [14.5677413, 50.008977], [14.5678293, 50.0087795], [14.5679374, 50.008517], [14.5679791, 50.0083101], [14.5679527, 50.0079118], [14.5679866, 50.0077905], [14.5680198, 50.0075983], [14.5683172, 50.0073516], [14.568471, 50.0075055], [14.5685406, 50.0075752], [14.5688548, 50.0078065], [14.5689369, 50.0078396], [14.5696741, 50.0081802], [14.5700354, 50.0083321], [14.5704207, 50.0084864], [14.5708833, 50.0086523], [14.5711269, 50.0087457], [14.5714584, 50.0088815], [14.571647, 50.0089682], [14.5717739, 50.0090879], [14.5719137, 50.0092998], [14.5719441, 50.0094099], [14.5720481, 50.0095473], [14.5722069, 50.0098551], [14.5723213, 50.0099802], [14.5724882, 50.0101361], [14.5730137, 50.0106135], [14.5733655, 50.0108799], [14.5738187, 50.01118], [14.5740838, 50.0113462], [14.5742867, 50.0114962], [14.5744099, 50.0116475], [14.5744574, 50.0118865], [14.5745429, 50.0120513], [14.5747079, 50.0122274], [14.5750075, 50.0124501], [14.5751758, 50.0126045], [14.575249, 50.0126581], [14.5754813, 50.0129175], [14.5759185, 50.013374], [14.5760895, 50.0134963], [14.5762794, 50.0135971], [14.5766255, 50.0137502], [14.5773853, 50.0140999], [14.577768, 50.014268], [14.5780691, 50.014419], [14.5785022, 50.0146195], [14.5788896, 50.0147879], [14.5800754, 50.015321], [14.5804085, 50.0154796], [14.5809479, 50.0157114], [14.5812789, 50.0158598], [14.5814936, 50.0159671], [14.5819811, 50.0161793], [14.582393, 50.0163634], [14.5820848, 50.0148947], [14.5819447, 50.0140847], [14.5819369, 50.0138888], [14.5820415, 50.0126722], [14.5820402, 50.012563], [14.5819932, 50.0121074], [14.5819414, 50.0118532], [14.5817282, 50.0110193], [14.5817136, 50.010951], [14.5819926, 50.0109785], [14.5820386, 50.0110478], [14.5845586, 50.0111348], [14.5859249, 50.0112852], [14.5870869, 50.0114527], [14.5871733, 50.0113434], [14.5872591, 50.0112166], [14.5873886, 50.0109757], [14.5878669, 50.0100257], [14.5880575, 50.0097346], [14.5881856, 50.0095383], [14.588304, 50.0093578], [14.5884117, 50.0091954], [14.5884271, 50.0091681], [14.5885779, 50.0089998], [14.5886994, 50.0089193], [14.5889352, 50.0087597], [14.5891623, 50.008657], [14.5910897, 50.0095491], [14.5917509, 50.0097393], [14.5918382, 50.0097596], [14.5919333, 50.0097425], [14.5925601, 50.0094124], [14.5927396, 50.0093754], [14.5928779, 50.0093739], [14.593695, 50.0095994], [14.5938523, 50.0096684], [14.5943002, 50.009972], [14.5944084, 50.0100508], [14.5949642, 50.009348], [14.5946942, 50.0088635], [14.5946254, 50.0081045], [14.5946511, 50.0081031], [14.5946754, 50.0077459], [14.5949721, 50.007143], [14.595699, 50.0073785], [14.5959642, 50.0075951], [14.5962355, 50.0078857], [14.5964082, 50.0079913], [14.5966403, 50.0080778], [14.5982459, 50.0085116], [14.5987009, 50.0086366], [14.5991571, 50.0087499], [14.6004134, 50.0090018], [14.6019933, 50.009375], [14.6020851, 50.0094355], [14.6022636, 50.0094315], [14.6022373, 50.0091532], [14.6022735, 50.0085806], [14.6023448, 50.0079279], [14.6024373, 50.0076493], [14.6025473, 50.0073579], [14.6026811, 50.0070378], [14.6028194, 50.006663], [14.6029443, 50.0062935], [14.6030611, 50.005805], [14.6031828, 50.0052879], [14.6033033, 50.0047098], [14.6033536, 50.0044885], [14.6034512, 50.004062], [14.6035295, 50.0036909], [14.6035439, 50.0035507], [14.6035469, 50.0035285], [14.6035548, 50.0034466], [14.6036063, 50.0031537], [14.6039007, 50.0019258], [14.6056317, 50.0025149], [14.6078305, 50.002937], [14.6079579, 50.0027823], [14.6079305, 50.0024965], [14.6079501, 50.0023901], [14.6083665, 50.0021976], [14.6086896, 50.0019976], [14.6091209, 50.0018579], [14.6092425, 50.0018327], [14.6093292, 50.0015735], [14.6091672, 50.0015267], [14.6087993, 50.0013636], [14.6086115, 50.0011458], [14.6085286, 50.0011088], [14.608253, 50.0009865], [14.6082585, 50.0006968], [14.6085898, 50.000106], [14.6087788, 49.9999483], [14.6088795, 49.9998864], [14.6091392, 49.9997272], [14.6094796, 49.9995531], [14.60958, 49.9994578], [14.6096733, 49.9992646], [14.6096966, 49.9992423], [14.6097481, 49.999193], [14.6100094, 49.9990539], [14.6100867, 49.9989564], [14.6100847, 49.9987764], [14.6102269, 49.9987024], [14.6103406, 49.9986363], [14.610623, 49.9985758], [14.6108296, 49.9984928], [14.6112224, 49.9985244], [14.6113408, 49.9986789], [14.6114427, 49.9987529], [14.6115358, 49.9987469], [14.6116889, 49.9986772], [14.6122325, 49.9988893], [14.6122667, 49.9989026], [14.6120415, 49.9990892], [14.6118141, 49.999273], [14.6115156, 49.999558], [14.6113506, 49.9997533], [14.6113777, 49.9997624], [14.6114102, 49.9997088], [14.6118689, 49.9998513], [14.6122925, 49.9998953], [14.612263, 49.9999606], [14.6127239, 50.0000426], [14.6130109, 50.0000642], [14.6130182, 50.0000313], [14.613415, 50.0000031], [14.6134893, 49.9999981], [14.6138556, 49.9998564], [14.6140031, 49.9997435], [14.6140096, 49.9997385], [14.614053, 49.9996928], [14.6144358, 49.9993363], [14.6147903, 49.9990698], [14.6152634, 49.9987721], [14.6155326, 49.998625], [14.6158268, 49.9985093], [14.6161803, 49.9984073], [14.6166807, 49.9982843], [14.6166972, 49.9982799], [14.6168286, 49.9982514], [14.6169833, 49.9985192], [14.6176294, 49.9982987], [14.617778, 49.9982392], [14.6178719, 49.9981673], [14.618003, 49.9980836], [14.618184, 49.9980172], [14.6183321, 49.9979193], [14.6184433, 49.9978575], [14.6185687, 49.9978015], [14.6187357, 49.9977402], [14.6189054, 49.9976706], [14.6190332, 49.9976084], [14.6191943, 49.9975247], [14.6192174, 49.9975589], [14.6194095, 49.9979879], [14.6193735, 49.9980647], [14.6194911, 49.9986151], [14.619704, 49.998589], [14.6210201, 49.9984293], [14.6213237, 49.9983928], [14.6214094, 49.9987004], [14.6220655, 49.9986504], [14.6223474, 49.9986156], [14.6226234, 49.9985388], [14.6230864, 49.9983399], [14.6239416, 49.9979487], [14.624986, 49.9974762], [14.6253332, 49.9973369], [14.6256337, 49.9971943], [14.626496, 49.9968848], [14.6272504, 49.9965748], [14.6280085, 49.9962498], [14.6281841, 49.9961823], [14.6285156, 49.9959936], [14.6291605, 49.9955374], [14.6295487, 49.9955827], [14.630177, 49.9956093], [14.6336014, 49.9961028], [14.6339958, 49.9961302], [14.6343313, 49.9960957], [14.634775, 49.9959889], [14.6352813, 49.9958121], [14.6357628, 49.9956399], [14.6360574, 49.9955534], [14.6366222, 49.9954181], [14.6369045, 49.9953728], [14.6372718, 49.9953378], [14.6378702, 49.9953085], [14.6385207, 49.9952562], [14.6387062, 49.9952243], [14.6388327, 49.9951708], [14.6401518, 49.9944411], [14.6453211, 49.9977978], [14.6467809, 49.9986698], [14.646888, 49.9987312], [14.6469229, 49.9987546], [14.645091, 50.0000532], [14.644962, 50.000108], [14.6449482, 50.0001236], [14.6447886, 50.0002321], [14.6445422, 50.0003946], [14.6441722, 50.0006449], [14.6439135, 50.0008126], [14.643609, 50.0010041], [14.6433966, 50.0011454], [14.6432068, 50.0012825], [14.6429372, 50.0015206], [14.6426798, 50.0017783], [14.6419848, 50.0025141], [14.6412338, 50.0032514], [14.6409577, 50.0035571], [14.6408937, 50.0036165], [14.6401839, 50.0043054], [14.6399732, 50.0045067], [14.6392177, 50.0052943], [14.6390874, 50.0054021], [14.6389234, 50.0055132], [14.6387285, 50.0056249], [14.6385759, 50.0056937], [14.6382891, 50.0057827], [14.6396168, 50.0063422], [14.6396551, 50.0063569], [14.6400145, 50.0063289], [14.6403148, 50.0062647], [14.6406612, 50.0061823], [14.6408885, 50.0061432], [14.6411238, 50.0061212], [14.642151, 50.0060566], [14.6424157, 50.0060653], [14.6429408, 50.0061275], [14.6426958, 50.0064809], [14.643066, 50.006454], [14.6433772, 50.0064874], [14.6438141, 50.0065389], [14.6442909, 50.0061621], [14.6446902, 50.0058328], [14.645105, 50.0055453], [14.6453568, 50.0051561], [14.6451997, 50.0047838], [14.6453448, 50.0047429], [14.6454958, 50.0047342], [14.6458035, 50.0053034], [14.6462564, 50.0056693], [14.6464936, 50.0057691], [14.6468102, 50.0059024], [14.6487746, 50.0078073], [14.6498044, 50.0087938], [14.6514859, 50.0078609], [14.6535691, 50.0066983], [14.6557093, 50.0055042], [14.6572583, 50.004641], [14.6577854, 50.0043495], [14.6587902, 50.0052296], [14.6602716, 50.0063844], [14.6604451, 50.0065214], [14.6605207, 50.0066074], [14.6607992, 50.0068079], [14.6612138, 50.0070607], [14.6614727, 50.0071792], [14.6618112, 50.0073011], [14.6618821, 50.0073662], [14.6623673, 50.0080777], [14.6626193, 50.0084011], [14.6619619, 50.008571], [14.6617064, 50.0091715], [14.6616187, 50.0093008], [14.6621688, 50.009813], [14.6625984, 50.0102493], [14.6628637, 50.0105095], [14.6629031, 50.0105909], [14.6628953, 50.0106588], [14.662669, 50.0108668], [14.6628782, 50.0112119], [14.6628209, 50.0113607], [14.6627756, 50.0115072], [14.6627836, 50.0116411], [14.6625334, 50.0117723], [14.6623647, 50.0119089], [14.6621991, 50.0120533], [14.6620592, 50.0121223], [14.6616826, 50.0122443], [14.6614526, 50.0123409], [14.661277, 50.0123992], [14.6614586, 50.0126131], [14.6615855, 50.0127833], [14.6616293, 50.01282], [14.6619501, 50.0128086], [14.6621724, 50.0128908], [14.6622939, 50.012921], [14.6625367, 50.0129473], [14.6627052, 50.0131728], [14.6630386, 50.0131605], [14.6630909, 50.0131963], [14.6630851, 50.0133404], [14.663194, 50.0135887], [14.663745, 50.0135806], [14.6639687, 50.0135929], [14.6641954, 50.0136075], [14.6644303, 50.0135678], [14.6651626, 50.0134236], [14.6653032, 50.0134108], [14.6654143, 50.0133705], [14.6660104, 50.0128196], [14.6662652, 50.0129641], [14.6667235, 50.0132124], [14.6670776, 50.013203], [14.6672758, 50.0135721], [14.6679726, 50.0134765], [14.6685483, 50.0134346], [14.668527, 50.0140035], [14.6685444, 50.0143323], [14.6685915, 50.014627], [14.6686997, 50.015052], [14.6687571, 50.0153419], [14.6688758, 50.0157775], [14.6689632, 50.0163807], [14.6690172, 50.0172396], [14.6690981, 50.0174695], [14.6694376, 50.0183069], [14.669537, 50.0188407], [14.6680339, 50.0189493], [14.6613473, 50.0257587], [14.6561272, 50.0309551], [14.6564003, 50.032308], [14.6567013, 50.0340475], [14.6569071, 50.0366024], [14.6569571, 50.0378173], [14.6577586, 50.0378236], [14.6582042, 50.0377898], [14.6588641, 50.0378154], [14.6596032, 50.0377964], [14.6603679, 50.0377802], [14.660824, 50.0378018], [14.6617939, 50.0378935], [14.6644093, 50.0381763], [14.6650987, 50.0382945], [14.6662115, 50.0384295], [14.6668511, 50.0385277], [14.6666826, 50.0386989], [14.6655154, 50.0395223], [14.6637721, 50.040823], [14.6637302, 50.0408543], [14.6630773, 50.0413924], [14.662714, 50.0417409], [14.6619153, 50.0425688], [14.66148, 50.0430182], [14.661037, 50.043586], [14.6606641, 50.0440402], [14.6604958, 50.0443291], [14.6603637, 50.0446724], [14.6601469, 50.044958], [14.6588221, 50.045723], [14.6587707, 50.0457527], [14.6573722, 50.0466254], [14.6569993, 50.0468747], [14.6564917, 50.047222], [14.655663, 50.0479139], [14.6551475, 50.0483541], [14.6548393, 50.0486384], [14.6543225, 50.0490003], [14.6538674, 50.0492542], [14.6535882, 50.0491007], [14.6533747, 50.0489552], [14.6530405, 50.0486707], [14.6528864, 50.0485011], [14.6528045, 50.0483853], [14.6527291, 50.0482296], [14.6526544, 50.0480991], [14.6525292, 50.0479461], [14.6522965, 50.0476972], [14.6519771, 50.0473752], [14.6517087, 50.0472095], [14.651312, 50.0469574], [14.6509828, 50.0467406], [14.6508936, 50.046696], [14.6503625, 50.0463218], [14.6501086, 50.0461157], [14.6496065, 50.0456515], [14.6493425, 50.0453796], [14.6490737, 50.0450822], [14.6489914, 50.0449522], [14.6487914, 50.0446153], [14.6487146, 50.0444563], [14.6484898, 50.0441563], [14.6483476, 50.0440061], [14.6481239, 50.043803], [14.6479462, 50.0436683], [14.6477063, 50.0435063], [14.6474879, 50.043378], [14.6472633, 50.0432757], [14.6468104, 50.0430597], [14.6463628, 50.0428684], [14.645755, 50.0426525], [14.6449097, 50.0423734], [14.6446003, 50.0422889], [14.6442777, 50.0422176], [14.6441813, 50.0422036], [14.6440386, 50.0421831], [14.6440005, 50.042286], [14.6437924, 50.0428867], [14.6437076, 50.0432005], [14.6436569, 50.0435993], [14.6436534, 50.0438768], [14.6436845, 50.0441676], [14.6431988, 50.0448143], [14.642937, 50.0451955], [14.6427566, 50.0454108], [14.6424528, 50.0457184], [14.6417387, 50.0465048], [14.6412779, 50.0470447], [14.640793, 50.0476221], [14.640346, 50.0481826], [14.6402196, 50.0484131], [14.6402651, 50.0484276], [14.6405973, 50.0485298], [14.6407855, 50.0486158], [14.6409837, 50.0488478], [14.6409762, 50.0489806], [14.6409301, 50.0491008], [14.6408033, 50.049441], [14.6407325, 50.0496973], [14.6406559, 50.0503224], [14.6406668, 50.0504759], [14.6406265, 50.0508514], [14.640629, 50.0512404], [14.6406748, 50.0514396], [14.6408035, 50.0516893], [14.6410266, 50.0521396], [14.6412144, 50.052757], [14.6412819, 50.0531192], [14.641324, 50.0536711], [14.6413491, 50.0541306], [14.6413284, 50.054632], [14.6412588, 50.0547578], [14.6410835, 50.0547428], [14.6408965, 50.0547523], [14.6407645, 50.0547874], [14.6406719, 50.0548598], [14.6406006, 50.0549884], [14.6404493, 50.0557323], [14.6403599, 50.0561955], [14.6401916, 50.0568947], [14.6425801, 50.0574195], [14.6430484, 50.0575557], [14.6432222, 50.0576841], [14.6433553, 50.0577728], [14.6434261, 50.0578228], [14.6436238, 50.0580885], [14.6440127, 50.0582594], [14.644779, 50.0585002], [14.6458266, 50.0587354], [14.6448369, 50.0600564], [14.652135, 50.059538], [14.6517661, 50.0606049], [14.6516032, 50.0611028], [14.6514504, 50.0619535], [14.6520325, 50.0619098], [14.6529677, 50.0617045], [14.6536882, 50.0615881], [14.6539982, 50.0614399], [14.6545236, 50.0613601], [14.6556365, 50.0613077], [14.6559607, 50.0612604], [14.656365, 50.0612882], [14.6567207, 50.0612698], [14.6578737, 50.0612772], [14.6581022, 50.061066], [14.6583145, 50.061463], [14.6587894, 50.0614269], [14.6589441, 50.0617405], [14.6584146, 50.0616903], [14.6584346, 50.0619568], [14.6580209, 50.0619265], [14.6577962, 50.0621218], [14.6581693, 50.0622841], [14.6584083, 50.0623357], [14.658751, 50.0623564], [14.6593073, 50.0624565], [14.6599869, 50.0626365], [14.6604413, 50.0627016], [14.6606206, 50.0627426], [14.6608033, 50.0627843], [14.6610201, 50.0628481], [14.6614918, 50.06301], [14.6617938, 50.0630838], [14.6624149, 50.0631221], [14.6629485, 50.0631478], [14.6635397, 50.0631943], [14.6640521, 50.0632844], [14.6647591, 50.0634574], [14.6652641, 50.0635853], [14.6656583, 50.0636637], [14.6663336, 50.0637877], [14.6665853, 50.0638013], [14.6670223, 50.0638612], [14.6671358, 50.0637853], [14.6681581, 50.0645173], [14.6688777, 50.0649971], [14.6694852, 50.0653166], [14.6696957, 50.0654383], [14.6701774, 50.0656628], [14.6702587, 50.0657022], [14.6705028, 50.0658205], [14.6706328, 50.0658796], [14.6707663, 50.0659456], [14.6708371, 50.0659886], [14.6717495, 50.0663773], [14.6725379, 50.0666978], [14.6730225, 50.0669179], [14.6733841, 50.0670457], [14.673769, 50.0671709], [14.6740512, 50.0672843], [14.6745175, 50.0674649], [14.6747647, 50.067558], [14.6749662, 50.0675683], [14.6752749, 50.067648], [14.6756237, 50.0677537], [14.6763171, 50.0680607], [14.6766921, 50.0681854], [14.6771839, 50.0679674], [14.677407, 50.0681054], [14.6780072, 50.0683313], [14.6788177, 50.0686281], [14.6799068, 50.0690972], [14.6800233, 50.0690402], [14.6820813, 50.0691359], [14.682786, 50.0693274], [14.6834074, 50.0696691], [14.6836068, 50.0696024], [14.6858352, 50.0702617], [14.6890865, 50.0711674], [14.6891374, 50.0711816], [14.6892225, 50.0712662], [14.6893107, 50.0713227], [14.6901905, 50.0717159], [14.6908607, 50.0720182], [14.6914304, 50.07198], [14.6922116, 50.0719126], [14.6931323, 50.0718421], [14.6934432, 50.0718322], [14.6943057, 50.0718561], [14.6951247, 50.0718932], [14.6960215, 50.0719441], [14.6966344, 50.0719599], [14.6983702, 50.0720708], [14.6987039, 50.0720863], [14.6995216, 50.0721203], [14.6999919, 50.0721289], [14.7000126, 50.0722145], [14.7000305, 50.0722888], [14.7006718, 50.073854], [14.7017566, 50.076568], [14.7025917, 50.0765501], [14.7039239, 50.0797672], [14.7044049, 50.0809874], [14.704979, 50.082426], [14.7051958, 50.0828944], [14.7060419, 50.0852175], [14.7067867, 50.0870194], [14.7061034, 50.0874054], [14.7053271, 50.0883046], [14.705369, 50.0888498], [14.7052714, 50.089334], [14.7052945, 50.0897839], [14.7053461, 50.0901712], [14.7050986, 50.0906848], [14.7047415, 50.0908662], [14.7046926, 50.0910373], [14.7039175, 50.0917426], [14.7032483, 50.0919284], [14.7031291, 50.0919726], [14.7030297, 50.0920166], [14.7025916, 50.0921863], [14.7015497, 50.0924805], [14.7011161, 50.0926196], [14.7003254, 50.0928352], [14.7001121, 50.0929163], [14.699785, 50.0929894], [14.699393, 50.0931301], [14.6986607, 50.0933307], [14.698403, 50.0934147], [14.6978404, 50.0936736], [14.6971806, 50.0939009], [14.6967869, 50.0941008], [14.6964799, 50.0942176], [14.696128, 50.0943318], [14.6957898, 50.094382], [14.6954434, 50.094408], [14.6946439, 50.0943037], [14.6941939, 50.0942861], [14.6940818, 50.0945029], [14.6939203, 50.0946191], [14.6937581, 50.0946999], [14.693504, 50.0948624], [14.6933972, 50.094958], [14.6931947, 50.095126], [14.6926917, 50.0954609], [14.692078, 50.0955665], [14.6915207, 50.0956479], [14.6911449, 50.095683], [14.6905305, 50.0958037], [14.6900845, 50.0959115], [14.689661, 50.096017], [14.6894471, 50.0961025], [14.6886937, 50.0963003], [14.6886417, 50.0964015], [14.6886196, 50.0974563], [14.6885545, 50.0981473], [14.688646, 50.0988438], [14.6892766, 50.0991143], [14.6896403, 50.0992733], [14.6897559, 50.0993248], [14.6899585, 50.0994189], [14.6901785, 50.0995163], [14.6906406, 50.0996932], [14.6911956, 50.0998951], [14.6910327, 50.1000261], [14.6910145, 50.1000425], [14.6907321, 50.1002826], [14.6903288, 50.1006277], [14.6901146, 50.1006618], [14.6899825, 50.1006829], [14.6891115, 50.1007475], [14.68906, 50.1007513], [14.6887082, 50.1007777], [14.6881904, 50.1008165], [14.687914, 50.1008364], [14.6872508, 50.1008855], [14.686581, 50.100934], [14.6861553, 50.1009662], [14.6783559, 50.1015442], [14.6769814, 50.1016353], [14.6768033, 50.1016454], [14.6766539, 50.1017023], [14.676458, 50.1017778], [14.6763903, 50.1017893], [14.6762549, 50.1018167], [14.6761188, 50.1018448], [14.6759832, 50.1018748], [14.6758482, 50.1019057], [14.6755548, 50.1019772], [14.6754225, 50.1020192], [14.6747538, 50.1022228], [14.6741734, 50.1023827], [14.6738049, 50.1024892], [14.6729247, 50.1027776], [14.6722391, 50.1030049], [14.6718895, 50.1031089], [14.671804, 50.1029786], [14.6714433, 50.1030633], [14.6710512, 50.1031559], [14.6709811, 50.1031688], [14.6707613, 50.1031926], [14.6704847, 50.1032103], [14.6700518, 50.1032286], [14.6689796, 50.1032718], [14.6689326, 50.1034618], [14.6688427, 50.1036479], [14.6686223, 50.1039349], [14.6685944, 50.103972], [14.6682474, 50.1037569], [14.6680005, 50.1036161], [14.6673603, 50.1032958], [14.666955, 50.1031129], [14.6667173, 50.1030057], [14.666221, 50.102789], [14.665884, 50.1026521], [14.6646457, 50.1037123], [14.6644405, 50.1035888], [14.6641829, 50.1037467], [14.663979, 50.1038705], [14.6637675, 50.1039884], [14.6636785, 50.1040386], [14.6635539, 50.1041042], [14.6631214, 50.1043327], [14.6628601, 50.1044702], [14.6627524, 50.1045301], [14.6624271, 50.1046963], [14.6618461, 50.1049868], [14.6615531, 50.1051526], [14.6610586, 50.1058328], [14.6609416, 50.1060149], [14.6608139, 50.1062213], [14.6607047, 50.1064454], [14.6606212, 50.1065345], [14.6595973, 50.1065089], [14.6590397, 50.1065033], [14.6584099, 50.1064966], [14.6574355, 50.1065009], [14.6567598, 50.1098902], [14.6570534, 50.1108251], [14.6572027, 50.1113418], [14.6574282, 50.1121237], [14.6574189, 50.1129804], [14.6580221, 50.1148302], [14.6583768, 50.116149], [14.6586431, 50.1170312], [14.6586481, 50.1170479], [14.6586682, 50.1171186], [14.6588605, 50.1177497], [14.6588992, 50.1177486], [14.6591016, 50.1185465], [14.6593568, 50.1194992], [14.659362, 50.119526], [14.6595521, 50.1205097], [14.6595831, 50.1206625], [14.658604, 50.1205203], [14.6587835, 50.121252], [14.6590444, 50.122312], [14.6590554, 50.1223597], [14.6591154, 50.1226041], [14.6578627, 50.1227337], [14.6564474, 50.1229076], [14.654717, 50.1231186], [14.6542639, 50.123197], [14.6528842, 50.1234112], [14.6524497, 50.1235152], [14.6523528, 50.1235258], [14.6521697, 50.1235365], [14.6500732, 50.1234711], [14.6499606, 50.1235015], [14.6476513, 50.1241445], [14.6475196, 50.1241833], [14.6465795, 50.1237431], [14.6460073, 50.1235242], [14.6457758, 50.1234629], [14.645382, 50.1234102], [14.6444307, 50.1234128], [14.6406277, 50.1235296], [14.6404944, 50.1235598], [14.6403034, 50.1236502], [14.6397691, 50.1241681], [14.6384433, 50.1236074], [14.6371191, 50.1237713], [14.6366812, 50.1238276], [14.636243, 50.1238702], [14.63581, 50.1238982], [14.6353723, 50.1239161], [14.6352008, 50.1239183], [14.6351173, 50.123973], [14.6351719, 50.1247284], [14.6354415, 50.1261449], [14.6354185, 50.1263749], [14.635142, 50.1267585], [14.6347972, 50.1275208], [14.6347286, 50.1275986], [14.6345313, 50.1279581], [14.6344404, 50.1280653], [14.6342748, 50.1282368], [14.6336833, 50.1287062], [14.6333211, 50.1289433], [14.6329488, 50.1292687], [14.6324912, 50.1297861], [14.6322995, 50.1299032], [14.6322518, 50.1298905], [14.6298478, 50.1294164], [14.6276217, 50.1289799], [14.6249748, 50.1284598], [14.6217708, 50.1278296], [14.6216628, 50.1278642], [14.621504, 50.1278335], [14.6206638, 50.1293429], [14.620589, 50.1294988], [14.6205399, 50.1294353], [14.6168105, 50.1287084], [14.6138748, 50.128137], [14.6117526, 50.1277235], [14.6086335, 50.1271149], [14.6085159, 50.1271243], [14.6077042, 50.1276419], [14.6075111, 50.1277341], [14.607199, 50.1278272], [14.6045674, 50.1284133], [14.6043027, 50.128471], [14.6031433, 50.1287359], [14.6021674, 50.1289469], [14.6015957, 50.1290751], [14.6013045, 50.1291441], [14.6010613, 50.1292201], [14.6008738, 50.1293063], [14.6005164, 50.129523], [14.5998713, 50.1299834], [14.5995794, 50.1301969], [14.5993337, 50.1303602], [14.5987406, 50.1307999], [14.598238, 50.1311871], [14.5973589, 50.1319315], [14.5965561, 50.1326517], [14.5964307, 50.1327588], [14.5960495, 50.1331007], [14.5954424, 50.1336702], [14.5952125, 50.1339214], [14.5949293, 50.1342927], [14.5942105, 50.1352681], [14.5938719, 50.1357511], [14.5935409, 50.1363929], [14.5927032, 50.138239], [14.5925263, 50.1385211], [14.5923328, 50.138741], [14.5919733, 50.1390276], [14.5913864, 50.1393162], [14.5913845, 50.1394284], [14.5911893, 50.1394347], [14.5909077, 50.1394557], [14.5897331, 50.1396718], [14.5898972, 50.1399486], [14.5901488, 50.1403118], [14.5908933, 50.1416371], [14.5910639, 50.1419561], [14.5911907, 50.1423257], [14.591358, 50.1426913], [14.59127, 50.1428804], [14.5900207, 50.1433714], [14.5899825, 50.1433864], [14.5893688, 50.1436529], [14.5886258, 50.1439514], [14.5880077, 50.1443999], [14.5880568, 50.1448301], [14.5877286, 50.1452435], [14.5880652, 50.1456246], [14.5882218, 50.1458618], [14.5883186, 50.1460518], [14.5881883, 50.1465137], [14.5882837, 50.1469771], [14.5884301, 50.1471545], [14.5889561, 50.147232], [14.5894014, 50.1472425], [14.5898148, 50.1471128], [14.5905062, 50.1471712], [14.591191, 50.1472504], [14.5917161, 50.1473666], [14.5922381, 50.147349], [14.5931774, 50.1476305], [14.592517, 50.1479033], [14.5928993, 50.1483975], [14.5925579, 50.1484492], [14.5930197, 50.1494844], [14.5934964, 50.1500718], [14.5942156, 50.1504543], [14.5947364, 50.1508405], [14.5951734, 50.1513605], [14.5953457, 50.1517223], [14.5962122, 50.1523883], [14.597077, 50.1534453], [14.5976937, 50.15385], [14.5983448, 50.154032], [14.5984959, 50.1540184], [14.5986478, 50.1540079], [14.5986869, 50.1539797], [14.5990507, 50.1538969], [14.5990028, 50.1541328], [14.5985957, 50.1541548], [14.5983191, 50.1541641], [14.5979834, 50.1541459], [14.5965933, 50.154007], [14.5963818, 50.1539864], [14.594278, 50.1537952], [14.5940421, 50.1538195], [14.5935864, 50.1537869], [14.5934782, 50.1537886], [14.593202, 50.1538116], [14.5928884, 50.1538426], [14.5925994, 50.153881], [14.5922225, 50.1539409], [14.5920483, 50.153976], [14.5916896, 50.1540527], [14.5912162, 50.1541461], [14.5893233, 50.1542938], [14.5892871, 50.154148], [14.5891091, 50.1541723], [14.5885346, 50.1541403], [14.5879802, 50.1541163], [14.5873431, 50.1540946], [14.5870646, 50.1540141], [14.5869115, 50.1539721], [14.5857954, 50.1537707], [14.5849249, 50.1536405], [14.584351, 50.1536431], [14.5841178, 50.1534349], [14.5841713, 50.1531706], [14.5837029, 50.1526818], [14.5818383, 50.1514267], [14.5810002, 50.1511161], [14.5785323, 50.1502016], [14.5783262, 50.1508137], [14.5743908, 50.1500742], [14.5735973, 50.1499347], [14.5726233, 50.1500383], [14.5717746, 50.1500466], [14.5706289, 50.1500607], [14.5687846, 50.1500378], [14.5687373, 50.1504049], [14.568589, 50.1508496], [14.5681661, 50.1507867], [14.5677965, 50.1507282], [14.567548, 50.1507752], [14.5671185, 50.1509951], [14.5673303, 50.1512323], [14.5661556, 50.1516488], [14.565925, 50.1512057], [14.5652021, 50.1506981], [14.5632297, 50.1501702], [14.5627809, 50.151075], [14.5620536, 50.1524489], [14.5614487, 50.1535812], [14.5606795, 50.1549811], [14.5604828, 50.1553647], [14.5627472, 50.1560274], [14.5625281, 50.1566656], [14.5624269, 50.1570122], [14.5620763, 50.1581209], [14.5620371, 50.158208], [14.5617115, 50.1592481], [14.5615128, 50.1598458], [14.5613863, 50.1602829], [14.5612185, 50.160843], [14.5609936, 50.1615751], [14.5607737, 50.1615728], [14.5606255, 50.1615755], [14.5606255, 50.1615973], [14.5606238, 50.1620081], [14.5597235, 50.1621449], [14.5586143, 50.1624181], [14.5563575, 50.1629088], [14.5547676, 50.163416], [14.5537699, 50.1635885], [14.5533305, 50.1636621], [14.5530739, 50.1637197], [14.5534178, 50.1640662], [14.5535839, 50.1642458], [14.5525789, 50.164502], [14.5519581, 50.1646222], [14.5510557, 50.1647481], [14.550447, 50.164824], [14.5504702, 50.1654791], [14.5505391, 50.1661221], [14.5494084, 50.1659459], [14.5491841, 50.1657829], [14.54895, 50.1656344], [14.5478389, 50.1653779], [14.5473924, 50.1651715], [14.5473946, 50.1650574], [14.5472236, 50.1649889], [14.5471998, 50.1648766], [14.5454609, 50.1643292], [14.5449933, 50.1640858], [14.5449259, 50.1639874], [14.5448872, 50.1639863], [14.5443632, 50.1639493], [14.5441011, 50.1639833], [14.5438975, 50.1640044], [14.5438196, 50.1638749], [14.5434215, 50.1635462], [14.5431619, 50.1632993], [14.5430416, 50.1631302], [14.5426945, 50.1627833], [14.5425244, 50.1626484], [14.542381, 50.1625767], [14.5423462, 50.1628476], [14.5412045, 50.1642592], [14.5405992, 50.1648673], [14.540545, 50.1649704], [14.5405302, 50.1650744], [14.5403349, 50.1650878], [14.5402655, 50.1649348], [14.5394499, 50.1638286], [14.5388387, 50.1633446], [14.5383608, 50.1631467], [14.5382011, 50.1630885], [14.5372504, 50.162786], [14.5363793, 50.1625183], [14.5359851, 50.1623763], [14.5354279, 50.1621663], [14.5346668, 50.1618343], [14.5344796, 50.1617265], [14.5342354, 50.161565], [14.5332128, 50.1628984], [14.5323591, 50.1641477], [14.5315766, 50.1653006], [14.5317131, 50.1653797], [14.5316094, 50.1654459], [14.5309074, 50.1659989], [14.5307786, 50.1660666], [14.5305116, 50.1661902], [14.5305713, 50.166405], [14.5306921, 50.166588], [14.5310561, 50.1667169], [14.531263, 50.1668139], [14.531709, 50.1669827], [14.5322967, 50.1672958], [14.5326164, 50.1674735], [14.532446, 50.168371], [14.5320238, 50.1694438], [14.5314745, 50.1709293], [14.5313695, 50.1721514], [14.5313005, 50.1725034], [14.5314697, 50.1728153], [14.5316394, 50.1732711], [14.5317627, 50.1738427], [14.5318337, 50.1741941], [14.5318756, 50.1743897], [14.5320164, 50.1750254], [14.5321346, 50.1758415], [14.5321966, 50.1763088], [14.5324832, 50.1771831], [14.5323519, 50.1771762], [14.5308153, 50.177158], [14.5295761, 50.1771599], [14.5286481, 50.1772018], [14.5276397, 50.1772949], [14.5273451, 50.1773406], [14.5270481, 50.1774151], [14.5268551, 50.1774301], [14.5268484, 50.1774015], [14.5269076, 50.1773941], [14.5268249, 50.1770473], [14.5266978, 50.176955], [14.5265885, 50.1765162], [14.5246537, 50.1760644], [14.5223836, 50.1755343], [14.5222893, 50.1755105], [14.5195803, 50.1748765], [14.5189214, 50.17476], [14.5187172, 50.1751552], [14.5181544, 50.1750423], [14.517297, 50.1748148], [14.5165974, 50.1746339], [14.5165711, 50.1746498], [14.5164182, 50.1750642], [14.5159661, 50.1749507], [14.5156089, 50.1748931], [14.5150141, 50.1748357], [14.5147776, 50.1748022], [14.5131299, 50.1746173], [14.5110094, 50.1743764], [14.5090714, 50.1741607], [14.5079157, 50.1726404], [14.5069039, 50.1714361], [14.504638, 50.1716006], [14.5015337, 50.1717441], [14.4993636, 50.1718483], [14.4979881, 50.1719189], [14.4970658, 50.1720104], [14.4953086, 50.1721675], [14.4921868, 50.17235], [14.4895766, 50.1723061], [14.487396, 50.1722616], [14.4840263, 50.1723605], [14.4838523, 50.1723552], [14.4817074, 50.1723682], [14.4795218, 50.1722942], [14.4799983, 50.1718351], [14.4801495, 50.1698783], [14.4781219, 50.1697527], [14.4745168, 50.1697897], [14.4726171, 50.1698396], [14.4690423, 50.1698074], [14.4669127, 50.1695438], [14.4670081, 50.167818], [14.4667688, 50.1654264], [14.4644496, 50.1651175], [14.4638436, 50.1648787], [14.4638437, 50.1647482], [14.4638466, 50.1619576], [14.4637192, 50.1612285], [14.4641231, 50.159923], [14.4604364, 50.1589934], [14.4568393, 50.1587259], [14.4566786, 50.1587071], [14.4521446, 50.1583678], [14.4518653, 50.1578317], [14.4460679, 50.1577485], [14.4460124, 50.157745], [14.4367147, 50.1575164], [14.4366841, 50.1575069], [14.436298, 50.1585069], [14.4360246, 50.1590897], [14.4360049, 50.1590913], [14.4314265, 50.1582626], [14.431015, 50.1581882], [14.4306838, 50.1581283], [14.4301494, 50.1580316], [14.4281375, 50.1576674], [14.4283343, 50.1569647], [14.4286582, 50.1558451], [14.4291815, 50.1540057], [14.4289628, 50.1539723], [14.4288876, 50.1536979], [14.4289771, 50.1535113], [14.4276319, 50.153318], [14.4276761, 50.1531466], [14.426221, 50.1530422], [14.4261416, 50.1531488], [14.425008, 50.1529486], [14.4239779, 50.1528527], [14.4231379, 50.1528187], [14.423131, 50.1527958], [14.4219708, 50.1529094], [14.4212638, 50.1529419], [14.4202034, 50.1530071], [14.420049, 50.1529907], [14.4200427, 50.1529663], [14.4200136, 50.1529649], [14.4201342, 50.1524694], [14.4202472, 50.151956], [14.4205185, 50.1508418], [14.420602, 50.1505574], [14.4206908, 50.1503338], [14.4208048, 50.1502635], [14.4211562, 50.1501184], [14.4216996, 50.1499791], [14.4218468, 50.149959], [14.4222998, 50.1499189], [14.422502, 50.1498333], [14.422451, 50.1498347], [14.4218873, 50.1497501], [14.4215385, 50.149558], [14.4214268, 50.1495378], [14.4211164, 50.1495736], [14.4211055, 50.1495226], [14.4211059, 50.1494041], [14.4211107, 50.1493825], [14.4208584, 50.1493969], [14.4207824, 50.1494402], [14.4205526, 50.1494758], [14.420125, 50.1494523], [14.4191261, 50.1494073], [14.4185921, 50.1492899], [14.4180795, 50.1491351], [14.418031, 50.1491183], [14.4177403, 50.1490623], [14.4174316, 50.1490307], [14.4173514, 50.1489967], [14.4172795, 50.1489084], [14.4171659, 50.1485728], [14.4169848, 50.1484801], [14.4161862, 50.1483165], [14.4159304, 50.1482976], [14.4157632, 50.1483515], [14.4156741, 50.1483557], [14.4155827, 50.1483579], [14.415417, 50.1483879], [14.4154216, 50.1483733], [14.4152231, 50.1483533], [14.4149865, 50.1482939], [14.4145725, 50.1481414], [14.4140176, 50.1482023], [14.4137395, 50.1481712], [14.4132667, 50.1481972], [14.4125717, 50.1482296], [14.4121009, 50.1481136], [14.4119301, 50.1480658], [14.4117569, 50.1480414], [14.411525, 50.1481087], [14.4113864, 50.1481068], [14.411187, 50.1479768], [14.4111065, 50.1478636], [14.4110016, 50.1478507], [14.4104818, 50.1478297], [14.4102004, 50.1478234], [14.4099308, 50.1477236], [14.4091525, 50.1475785], [14.4087269, 50.1476134], [14.4080347, 50.1475421], [14.4078556, 50.1476054], [14.4077201, 50.147605], [14.4071204, 50.1469772], [14.4068369, 50.1469833], [14.4061524, 50.1470428], [14.4058138, 50.147124], [14.4052038, 50.1471363], [14.4050129, 50.1471534], [14.4047222, 50.1472219], [14.4045062, 50.1472651], [14.4040914, 50.1473556], [14.4038685, 50.1473787], [14.4036088, 50.147507], [14.4033322, 50.1475922], [14.4029207, 50.1476201], [14.4026484, 50.1475739], [14.4024119, 50.1475431], [14.4021626, 50.1475711], [14.4019315, 50.1476658], [14.4014101, 50.1477433], [14.401057, 50.147786], [14.4007796, 50.147797], [14.3999734, 50.1479062], [14.4000863, 50.1477788], [14.400012, 50.14734], [14.3999641, 50.147057], [14.3998821, 50.1466106], [14.3996998, 50.1458094], [14.3995719, 50.1452767], [14.3992509, 50.1440878], [14.3992453, 50.1440167], [14.3992902, 50.1438488], [14.3991868, 50.1436255], [14.3991469, 50.1435267], [14.3992119, 50.1435121], [14.3991472, 50.1433746], [14.3980909, 50.1434484], [14.3970345, 50.1435221], [14.3970485, 50.1431477], [14.3966987, 50.1424454], [14.3963524, 50.1423148], [14.3961952, 50.1423663], [14.395759, 50.1423379], [14.3956569, 50.1423312], [14.3957122, 50.1420518], [14.3952764, 50.1418068], [14.3949016, 50.141429], [14.3946394, 50.1414165], [14.3936795, 50.14125], [14.3930665, 50.1413402], [14.3920497, 50.1417845], [14.3921945, 50.1419983], [14.3918896, 50.1426472], [14.391199, 50.1434503], [14.3911403, 50.1435945], [14.3911145, 50.1439606], [14.389326, 50.1447005], [14.3888234, 50.1450291], [14.3882719, 50.1452362], [14.3877296, 50.1453441], [14.3874249, 50.1454337], [14.3873902, 50.1454806], [14.3877003, 50.1457846], [14.3870772, 50.1461064], [14.3867677, 50.1462381], [14.3865312, 50.1462988], [14.3862008, 50.1464096], [14.3859375, 50.1460178], [14.385796, 50.1459468], [14.3857314, 50.146004], [14.3849146, 50.1469063], [14.3848779, 50.1469262], [14.3839596, 50.1470242], [14.3833725, 50.1469531], [14.382041, 50.14689], [14.3818002, 50.1468786], [14.3817978, 50.1469091], [14.3817625, 50.1469541], [14.3814334, 50.1468568], [14.3813036, 50.1467747], [14.3808936, 50.1465153], [14.3806036, 50.1464502], [14.3803047, 50.1463831], [14.3801962, 50.1463853], [14.3793686, 50.1464018], [14.3784391, 50.1464922], [14.3780537, 50.1465934], [14.3772505, 50.1468656], [14.3760302, 50.1469861], [14.375747, 50.1469553], [14.3755081, 50.1470483], [14.3750382, 50.1472903], [14.3736781, 50.147273], [14.3730052, 50.1474076], [14.3723814, 50.1474936], [14.372424, 50.1476771], [14.3724099, 50.1477052], [14.3720751, 50.1479009], [14.3718833, 50.1479666], [14.3717569, 50.1479843], [14.3715813, 50.1479734], [14.3711958, 50.1478474], [14.3707143, 50.1477278], [14.3689737, 50.1474727], [14.3684203, 50.1474036], [14.3682938, 50.1473862], [14.3681206, 50.1473667], [14.3679465, 50.1473545], [14.3677754, 50.1473573], [14.3673836, 50.1473833], [14.3667985, 50.1474635], [14.3664696, 50.1476045], [14.3657037, 50.1480324], [14.3656617, 50.1480053], [14.3654463, 50.1478252], [14.3649467, 50.1476157], [14.3641581, 50.1473335], [14.3621266, 50.1466064], [14.3614855, 50.145989], [14.3609558, 50.1450382], [14.3600632, 50.1440403], [14.3587187, 50.1434363], [14.3577578, 50.1422738], [14.3566171, 50.1413949], [14.3565608, 50.1410812], [14.3560896, 50.1411726], [14.3560454, 50.1406293], [14.3575074, 50.1406286], [14.3577588, 50.1405672], [14.357788, 50.1405714], [14.3574303, 50.1392881], [14.3573954, 50.1392978], [14.3560028, 50.1389897], [14.3555277, 50.1387455], [14.3553471, 50.1386624], [14.3549592, 50.1378868], [14.3545494, 50.1376893], [14.3541236, 50.137526], [14.3544189, 50.1362567], [14.3554027, 50.1365144], [14.3558611, 50.1366613], [14.3558916, 50.136639], [14.3559419, 50.1366023], [14.3561548, 50.1366347], [14.3563275, 50.1356671], [14.3565581, 50.1343746], [14.3567155, 50.1334928], [14.3568057, 50.1326043], [14.3568443, 50.1322246], [14.3568738, 50.1314044], [14.3570864, 50.1312784], [14.3573595, 50.1299716], [14.3574439, 50.1296478], [14.358258, 50.1296539], [14.3600421, 50.1295213], [14.3589652, 50.1285784], [14.3583116, 50.1279471], [14.3576597, 50.1273174], [14.3570831, 50.1265785], [14.3566363, 50.1260059], [14.3560892, 50.1252891], [14.3556407, 50.1246523], [14.3556637, 50.1244728], [14.3558587, 50.1243119], [14.3562964, 50.1238957], [14.3567183, 50.1234947], [14.3577725, 50.1225073], [14.3588116, 50.1213115], [14.3594003, 50.1203173], [14.3599498, 50.1194413], [14.3601168, 50.1191751], [14.3604036, 50.1187465], [14.3606173, 50.118492], [14.3608583, 50.1182381], [14.3611031, 50.1180169], [14.3612434, 50.1178977], [14.3604025, 50.1175067], [14.3613582, 50.1164765], [14.3615762, 50.1162415], [14.3614622, 50.1162663], [14.36122, 50.1161485], [14.3607835, 50.1160189], [14.3601278, 50.1160223], [14.3597976, 50.1160051], [14.3591973, 50.1160366], [14.3586835, 50.1160267], [14.3581977, 50.1160601], [14.3568734, 50.1160874], [14.3559412, 50.1161325], [14.3552743, 50.1161647], [14.35494, 50.1162257], [14.3547636, 50.1162481], [14.3545907, 50.1162381], [14.3541981, 50.1161501], [14.3540117, 50.1161215], [14.3537064, 50.1161011], [14.3534254, 50.1160965], [14.3531506, 50.116107], [14.3526949, 50.1161367], [14.3518735, 50.1162099], [14.350164, 50.11642], [14.3500309, 50.1164032], [14.349389, 50.1164475], [14.3491822, 50.1164592], [14.3489968, 50.1164651], [14.3485853, 50.1164194], [14.3485067, 50.1164162], [14.3482482, 50.1164114], [14.3479767, 50.1164136], [14.3477638, 50.1164189], [14.3470349, 50.1164372], [14.3466567, 50.116453], [14.3460515, 50.1164857], [14.3454106, 50.1165477], [14.3446338, 50.1166202], [14.3445929, 50.1166226], [14.3444565, 50.1166348], [14.3440039, 50.1166723], [14.3434977, 50.1166959], [14.3431968, 50.11671], [14.3427742, 50.1167077], [14.3423839, 50.1166969], [14.3421795, 50.1166746], [14.3412698, 50.1165462], [14.341134, 50.1165423], [14.3409665, 50.1165545], [14.3406378, 50.1166301], [14.3403987, 50.1167039], [14.3400361, 50.1167919], [14.3396631, 50.1168657], [14.3393705, 50.1168983], [14.3388388, 50.116865], [14.3385342, 50.1168656], [14.3381429, 50.1168473], [14.3378019, 50.1168226], [14.3363968, 50.1167103], [14.3355674, 50.116636], [14.3354561, 50.116631], [14.3345569, 50.1165663], [14.3341918, 50.1165488], [14.3331869, 50.1165126], [14.3330462, 50.1165156], [14.3327466, 50.1165507], [14.3320444, 50.1165664], [14.3316642, 50.1165518], [14.3309269, 50.1166098], [14.3304224, 50.1166241], [14.329823, 50.1166459], [14.3296468, 50.1166679], [14.3295077, 50.1166733], [14.3288271, 50.1166664], [14.3284208, 50.11671], [14.3276429, 50.116752], [14.3273921, 50.1167419], [14.3272091, 50.1167126], [14.3270201, 50.116655], [14.3266199, 50.1164931], [14.3261569, 50.1163557], [14.3248789, 50.1161444], [14.3244362, 50.1160604], [14.3238833, 50.1159412], [14.3232407, 50.1157883], [14.3224629, 50.1156254], [14.3215692, 50.1154128], [14.3206068, 50.1152415], [14.3206718, 50.1154366], [14.3205182, 50.1160855], [14.3203448, 50.1166534], [14.3202133, 50.1168032], [14.3192502, 50.1175668], [14.3188904, 50.1178578], [14.3186761, 50.1180445], [14.3183135, 50.1183984], [14.3181536, 50.1185662], [14.3179749, 50.1189037], [14.317923, 50.1188803], [14.3176641, 50.1187752], [14.3175702, 50.1188633], [14.3176138, 50.1189554], [14.31761, 50.1189895], [14.3170966, 50.1210054], [14.317022, 50.1211444], [14.3168251, 50.1214062], [14.3162689, 50.1223106], [14.3161591, 50.122454], [14.3160359, 50.1225893], [14.3156962, 50.1229456], [14.3157835, 50.1229846], [14.3157315, 50.1230392], [14.3157941, 50.1234758], [14.3158299, 50.1237259], [14.3158139, 50.1243122], [14.315812, 50.1244483], [14.3158059, 50.1248962], [14.3157752, 50.1250826], [14.3157645, 50.1251472], [14.3156865, 50.1253087], [14.3156827, 50.1253921], [14.3156268, 50.1253925], [14.3155986, 50.1262458], [14.3155769, 50.1271022], [14.315672, 50.1275609], [14.3158782, 50.1286167], [14.314345, 50.1284321], [14.3141576, 50.1284135], [14.3132086, 50.128318], [14.3128187, 50.1282642], [14.3117256, 50.1281088], [14.3110757, 50.1280729], [14.3108317, 50.128058], [14.3106519, 50.1280371], [14.3103889, 50.1278895], [14.3103247, 50.1277719], [14.3101772, 50.127894], [14.309983, 50.1280209], [14.3096111, 50.1280676], [14.3090009, 50.1280907], [14.3085972, 50.1281517], [14.3082464, 50.1282406], [14.3079089, 50.128359], [14.3075554, 50.1285261], [14.3073346, 50.1286519], [14.3070358, 50.1288313], [14.3067358, 50.1289693], [14.3065651, 50.129066], [14.3064147, 50.1291372], [14.3063197, 50.1291652], [14.3061877, 50.1291703], [14.3061618, 50.1291671], [14.3061507, 50.1292105], [14.3061836, 50.1292301], [14.3062002, 50.1292561], [14.3062052, 50.1292833], [14.3062217, 50.1292852], [14.3061925, 50.1294772], [14.3059155, 50.1299512], [14.3058679, 50.1300035], [14.3058102, 50.1300501], [14.3057556, 50.1300827], [14.3056377, 50.13014], [14.3052152, 50.1299552], [14.3050342, 50.1298938], [14.3047626, 50.1296773], [14.3046608, 50.1296316], [14.3045102, 50.1296471], [14.3044159, 50.1296658], [14.3043974, 50.1296299], [14.3043911, 50.1295541], [14.3043659, 50.1295122], [14.3042847, 50.129375], [14.3040691, 50.1294242], [14.3032525, 50.1296773], [14.3027307, 50.129896], [14.3024335, 50.1300768], [14.3023022, 50.1300204], [14.3023201, 50.1299724], [14.3023285, 50.1299235], [14.302327, 50.1298742], [14.3023158, 50.1298254], [14.3023099, 50.1298094], [14.3021626, 50.1295754], [14.3013302, 50.1296448], [14.3008962, 50.1292518], [14.3007191, 50.1290331], [14.3004653, 50.1286603], [14.3007478, 50.1284325], [14.3003154, 50.1277405], [14.3006348, 50.1276489], [14.3010453, 50.1274306], [14.3010441, 50.127378], [14.301032, 50.1273659], [14.3008819, 50.1273828], [14.300652, 50.1270089], [14.3002026, 50.1266435], [14.2997377, 50.1265078], [14.2994729, 50.1263369], [14.2996147, 50.1262912], [14.2991884, 50.1262361], [14.2988887, 50.12624], [14.298749, 50.1261083], [14.2979027, 50.1258702], [14.2977465, 50.1257737], [14.2976326, 50.1257905], [14.2975021, 50.1257127], [14.2973899, 50.1256819], [14.2972313, 50.1256892], [14.2970433, 50.1256001], [14.2961196, 50.1252265], [14.2957524, 50.1250846], [14.2957128, 50.1250591], [14.2953252, 50.1249104], [14.294936, 50.1248082], [14.2947226, 50.1248138], [14.2946854, 50.1247846], [14.2948529, 50.1247135], [14.295124, 50.124653], [14.2952445, 50.124284], [14.2953199, 50.124016], [14.2955362, 50.1229966], [14.2956403, 50.1226405], [14.2957521, 50.1223864], [14.2959145, 50.1221825], [14.2966211, 50.121597], [14.2969497, 50.121318], [14.2974491, 50.1209639], [14.297391, 50.120897], [14.2971713, 50.1205942], [14.2969993, 50.1204315], [14.29675, 50.1202574], [14.2965155, 50.1201171], [14.2959171, 50.1197815], [14.2956742, 50.119657], [14.2951522, 50.1194341], [14.2949769, 50.1193503], [14.2946105, 50.1191825], [14.294323, 50.1190553], [14.2939331, 50.1189863], [14.2938465, 50.1189512], [14.2935102, 50.1187919], [14.2928802, 50.1184887], [14.2925972, 50.1183574], [14.2925117, 50.1183494], [14.2923404, 50.1182782], [14.2922435, 50.1183165], [14.2920649, 50.1183061], [14.2919124, 50.1180811], [14.2911357, 50.1176297], [14.2905936, 50.1173977], [14.2901221, 50.1171502], [14.2895703, 50.1168214], [14.289325, 50.1166514], [14.2891427, 50.1165804], [14.2888063, 50.1164018], [14.2883495, 50.1162211], [14.2878787, 50.1160691], [14.2871012, 50.1159394], [14.2866969, 50.1159013], [14.2861766, 50.1158598], [14.2859196, 50.1158511], [14.2855605, 50.1157939], [14.285292, 50.1156826], [14.2852765, 50.1156748], [14.2847864, 50.1154661], [14.2846626, 50.1154697], [14.2844589, 50.1156118], [14.2842467, 50.1157462], [14.2840147, 50.1159146], [14.282006, 50.1172269], [14.2814972, 50.1175357], [14.2806698, 50.1180448], [14.2801986, 50.1183176], [14.2798935, 50.1185058], [14.2794116, 50.1187648], [14.2788382, 50.1190811], [14.2738249, 50.1175828], [14.2638381, 50.1145911], [14.2625789, 50.1142033], [14.2619107, 50.1140032], [14.2600445, 50.1134439], [14.2590503, 50.1139675], [14.2589183, 50.114], [14.2588283, 50.1140255], [14.2586741, 50.1140637], [14.2575841, 50.1144243], [14.2571607, 50.1145639], [14.2562275, 50.1135336], [14.2560393, 50.1132815], [14.2563617, 50.1131585], [14.2561186, 50.1128534], [14.2560948, 50.11274], [14.2561104, 50.1125931], [14.2560759, 50.1125388], [14.2556308, 50.1123797], [14.2548735, 50.1120284], [14.2540623, 50.1117578], [14.253186, 50.111518], [14.2521697, 50.1112672], [14.2509873, 50.1109891], [14.2500356, 50.1107913], [14.2496302, 50.1107378], [14.2494898, 50.1107213], [14.2492516, 50.110658], [14.2485113, 50.110531], [14.2473696, 50.1103197], [14.2460551, 50.1100804], [14.2458816, 50.1100607], [14.2454921, 50.1099948], [14.245311, 50.1099725], [14.2451109, 50.1099769], [14.2449845, 50.1099971], [14.24494, 50.1100023], [14.2447631, 50.110069], [14.2432289, 50.1108067], [14.2428891, 50.1109848], [14.2423826, 50.111172], [14.2420241, 50.1112403], [14.241719, 50.1112642], [14.2406792, 50.1112843], [14.2404917, 50.1112976], [14.2402282, 50.1113468], [14.2399128, 50.1114358], [14.2396981, 50.1115198], [14.2393041, 50.1116987], [14.2391229, 50.1117722], [14.2389501, 50.1118065], [14.2388054, 50.1117993], [14.238624, 50.1117434], [14.2385232, 50.1116846], [14.2382931, 50.1114881], [14.2381039, 50.1115816], [14.2380133, 50.1115034], [14.2381532, 50.1114385], [14.237055, 50.1105094], [14.2370135, 50.1102209], [14.2370595, 50.1100222], [14.2371183, 50.1098267], [14.2371932, 50.109625], [14.2375226, 50.1089379], [14.2376092, 50.1087958], [14.2376722, 50.1087253], [14.2377418, 50.1086645], [14.2379332, 50.1085424], [14.2388034, 50.1081268], [14.2389053, 50.1080681], [14.2389903, 50.1080092], [14.2391359, 50.1078764], [14.2392001, 50.1078062], [14.2393145, 50.1076548], [14.239365, 50.1075778], [14.2393993, 50.1075049], [14.239413, 50.107442], [14.239407, 50.1073865], [14.2393738, 50.1073284], [14.2393227, 50.1072816], [14.2392477, 50.1072422], [14.2391699, 50.1072107], [14.2377112, 50.1067655], [14.2376172, 50.1067457], [14.2375209, 50.1067354], [14.2374235, 50.1067368], [14.237333, 50.1067537], [14.2372591, 50.1067857], [14.2371947, 50.1068305], [14.2371466, 50.106876], [14.2371058, 50.1069264], [14.2368946, 50.1072112], [14.2368423, 50.107258], [14.2367789, 50.1073027], [14.2366971, 50.1073381], [14.2366042, 50.1073593], [14.2365082, 50.107366], [14.2364133, 50.1073605], [14.2363232, 50.1073428], [14.235001, 50.1069485], [14.2339017, 50.106618], [14.2327486, 50.106276], [14.2316396, 50.1059397], [14.2310924, 50.1057754], [14.2310141, 50.1057497], [14.2309361, 50.1057126], [14.230911, 50.1056864], [14.230886, 50.1056604], [14.2308559, 50.1056042], [14.2308349, 50.1055515], [14.2308072, 50.1053514], [14.2307898, 50.10529], [14.2307576, 50.1052337], [14.2307122, 50.1051878], [14.2306434, 50.1051465], [14.2305748, 50.1051148], [14.2305009, 50.1050892], [14.2285216, 50.1044969], [14.2283738, 50.1044579], [14.2282166, 50.104421], [14.2280566, 50.104385], [14.2278819, 50.1043477], [14.22771, 50.1043145], [14.2275238, 50.1042822], [14.2273305, 50.1042534], [14.2271407, 50.10423], [14.226772, 50.1041915], [14.226092, 50.1041465], [14.2259158, 50.1041269], [14.2257503, 50.1040946], [14.2255938, 50.1040528], [14.2254652, 50.1040021], [14.2252736, 50.10384], [14.2245904, 50.1032139], [14.2245297, 50.10315], [14.2244687, 50.1030733], [14.2244355, 50.1029963]]]}}, {"type": "Feature", "properties": {"name": "Brno"}, "geometry": {"type": "Polygon", "coordinates": [[[16.4279898, 49.2166657], [16.4288177, 49.2163292], [16.4289488, 49.2162802], [16.4291047, 49.2162162], [16.4292506, 49.2163655], [16.4295071, 49.2165094], [16.429671, 49.2165983], [16.4298676, 49.2166464], [16.4302324, 49.2166517], [16.4303426, 49.2166614], [16.4305483, 49.2166933], [16.4308013, 49.216693], [16.4310469, 49.2166715], [16.4312787, 49.2166199], [16.4315048, 49.2165564], [16.4321099, 49.2163121], [16.4325592, 49.216108], [16.4327852, 49.2159949], [16.4331515, 49.2158358], [16.4336446, 49.2156661], [16.433848, 49.2155865], [16.4342993, 49.2153783], [16.4345029, 49.2152571], [16.4346632, 49.2151111], [16.4346972, 49.2150257], [16.4347224, 49.2149475], [16.4347443, 49.2148758], [16.4347783, 49.2146199], [16.4347954, 49.2144723], [16.4348497, 49.2142742], [16.4348796, 49.2140495], [16.4350331, 49.2138563], [16.4352656, 49.2137484], [16.435564, 49.2136224], [16.435764, 49.2134947], [16.4358597, 49.2133915], [16.4359798, 49.213214], [16.4360327, 49.2131493], [16.4361336, 49.2130632], [16.4363581, 49.2128522], [16.4365702, 49.2125397], [16.4367077, 49.212398], [16.4368114, 49.2123388], [16.4372319, 49.2121947], [16.4374596, 49.2121534], [16.437651, 49.2120862], [16.4382251, 49.211977], [16.4383526, 49.211942], [16.4390418, 49.2123664], [16.4390319, 49.2124579], [16.4395944, 49.212516], [16.4401371, 49.2125602], [16.4405707, 49.2125816], [16.4409211, 49.2125956], [16.4411165, 49.212561], [16.4414329, 49.2124438], [16.4416679, 49.2123709], [16.4420097, 49.2122433], [16.4422192, 49.2120981], [16.4423063, 49.2120407], [16.4424809, 49.2119848], [16.442805, 49.2118247], [16.4429914, 49.2117612], [16.443431, 49.2115576], [16.4437319, 49.2114239], [16.4438405, 49.2113035], [16.4440566, 49.2112703], [16.4442647, 49.2111433], [16.4446727, 49.2109275], [16.4448767, 49.2107766], [16.445152, 49.2106644], [16.4458579, 49.2104432], [16.4463596, 49.210133], [16.4464905, 49.2099821], [16.4468747, 49.2095273], [16.4470003, 49.2092989], [16.447078, 49.2089783], [16.4469903, 49.2086378], [16.4468803, 49.2083492], [16.446716, 49.208306], [16.4465693, 49.208257], [16.446424, 49.2081838], [16.445924, 49.2078779], [16.4454681, 49.2075938], [16.4452767, 49.2074917], [16.4451666, 49.2074488], [16.4448644, 49.207418], [16.4448852, 49.2072963], [16.4448949, 49.2072169], [16.4449081, 49.2071634], [16.4449747, 49.2070867], [16.4451323, 49.2068971], [16.4452332, 49.2067797], [16.4452755, 49.206722], [16.4452875, 49.2067076], [16.4453575, 49.2066102], [16.4455038, 49.2064046], [16.4457539, 49.2061761], [16.4457965, 49.2060596], [16.4458213, 49.2060377], [16.4458198, 49.2055575], [16.4456649, 49.2052557], [16.4458252, 49.2051435], [16.4458039, 49.2050203], [16.4459041, 49.2049313], [16.4460282, 49.2048461], [16.4461478, 49.2047606], [16.4464448, 49.2045672], [16.4466258, 49.2045089], [16.4468657, 49.2044098], [16.4469043, 49.204394], [16.4469288, 49.2043838], [16.4471403, 49.2043051], [16.447439, 49.2042437], [16.4475887, 49.2040559], [16.4475977, 49.2039338], [16.4476159, 49.2038864], [16.4476174, 49.2038665], [16.4476247, 49.2037604], [16.447631, 49.203684], [16.4477468, 49.20347], [16.4480378, 49.2028706], [16.4480633, 49.202812], [16.4480956, 49.2027303], [16.4481463, 49.2025159], [16.4482252, 49.2023448], [16.448489, 49.202043], [16.4489756, 49.2016602], [16.4492721, 49.2015172], [16.4496699, 49.2013831], [16.4498479, 49.2013434], [16.4499152, 49.2013299], [16.4503056, 49.2012632], [16.4506797, 49.2012931], [16.4509705, 49.2011479], [16.4512095, 49.2009956], [16.4514353, 49.2008196], [16.4517514, 49.2006283], [16.4524606, 49.2001257], [16.4527225, 49.1999611], [16.4526662, 49.1998271], [16.4527216, 49.199627], [16.4527626, 49.1995278], [16.4527642, 49.1995131], [16.4528004, 49.1992601], [16.4530511, 49.1990261], [16.4534172, 49.1986594], [16.4535075, 49.198434], [16.4535873, 49.1983898], [16.4537321, 49.1983393], [16.4538589, 49.1980193], [16.4543886, 49.1976837], [16.4543536, 49.1975258], [16.4545314, 49.197443], [16.4544717, 49.1973134], [16.4548301, 49.1968097], [16.4548551, 49.1966768], [16.4549907, 49.1965188], [16.4552065, 49.1958259], [16.4551569, 49.1956273], [16.455312, 49.1954979], [16.4554112, 49.1953099], [16.4556053, 49.1949793], [16.4557144, 49.1947503], [16.4557162, 49.194744], [16.4557895, 49.1945938], [16.4558624, 49.1944901], [16.4561012, 49.1942849], [16.4562919, 49.1942873], [16.456751, 49.1939587], [16.4573957, 49.1936479], [16.4579751, 49.1934243], [16.4586248, 49.1933236], [16.4590961, 49.193191], [16.4599622, 49.1930626], [16.4612545, 49.1927979], [16.4627635, 49.1926223], [16.4634491, 49.1925212], [16.4636596, 49.1924592], [16.4639028, 49.1924196], [16.4642208, 49.1924629], [16.4644387, 49.192359], [16.4644741, 49.1922438], [16.4645488, 49.1921632], [16.4648055, 49.1921721], [16.4649239, 49.1922284], [16.4650954, 49.1922872], [16.4652206, 49.1922726], [16.4653705, 49.1921362], [16.4654746, 49.1921169], [16.4655941, 49.1922345], [16.4658994, 49.1922275], [16.4661847, 49.1922681], [16.4663026, 49.1921898], [16.4664038, 49.1921889], [16.4666114, 49.1921816], [16.466577, 49.1921217], [16.4670087, 49.1921706], [16.4672182, 49.1921929], [16.4674254, 49.1921805], [16.4677785, 49.192234], [16.468106, 49.1923308], [16.4681704, 49.192397], [16.4682698, 49.1924625], [16.4684005, 49.1924658], [16.4685322, 49.1924799], [16.4686391, 49.1924456], [16.4688034, 49.1924849], [16.4689593, 49.192488], [16.4690384, 49.1925565], [16.4694386, 49.1925141], [16.4695527, 49.19253], [16.4697206, 49.1924986], [16.4698092, 49.1925474], [16.4700827, 49.1925521], [16.4702105, 49.1925781], [16.4706041, 49.1925124], [16.4708072, 49.1925289], [16.4709874, 49.1924919], [16.4711666, 49.192439], [16.4712542, 49.1924727], [16.4712842, 49.1925295], [16.4715164, 49.1925563], [16.4715829, 49.1924936], [16.4716787, 49.1924332], [16.4724374, 49.1924127], [16.4725292, 49.1925558], [16.4726693, 49.1925735], [16.4729542, 49.1925728], [16.4735889, 49.1925038], [16.4738373, 49.1924981], [16.4741308, 49.1925033], [16.4744914, 49.1925694], [16.4747327, 49.1928057], [16.4747693, 49.192848], [16.4748753, 49.1930392], [16.4749152, 49.1932526], [16.4749055, 49.193329], [16.474806, 49.1936345], [16.4747245, 49.1937802], [16.4745414, 49.1940121], [16.4745142, 49.1944153], [16.4746359, 49.1946842], [16.4746869, 49.1952533], [16.4746475, 49.195542], [16.4745663, 49.1957817], [16.4742706, 49.1958458], [16.4738473, 49.1958689], [16.4735443, 49.1960222], [16.4734591, 49.1960801], [16.4731809, 49.1960663], [16.4730503, 49.1964342], [16.4729374, 49.1967263], [16.4727524, 49.1968938], [16.4725492, 49.1970826], [16.4722498, 49.197418], [16.4719619, 49.1976918], [16.4719031, 49.1977839], [16.471838, 49.1980822], [16.4721512, 49.1981784], [16.4727162, 49.1981557], [16.4731358, 49.1982433], [16.4734143, 49.1985377], [16.4740783, 49.1985882], [16.4744748, 49.1983081], [16.4746427, 49.1981994], [16.4747033, 49.1981403], [16.4756279, 49.1980528], [16.4761626, 49.19833], [16.4767802, 49.1983481], [16.4770136, 49.1984767], [16.4771044, 49.1985303], [16.4776166, 49.1983121], [16.4778147, 49.1982726], [16.478259, 49.1982705], [16.4786123, 49.1983438], [16.4789325, 49.1985698], [16.4789414, 49.1987435], [16.4790531, 49.1990519], [16.4793052, 49.199149], [16.4795275, 49.1992006], [16.4799717, 49.1990512], [16.4808437, 49.1986743], [16.4811134, 49.1985314], [16.481975, 49.1980245], [16.4822139, 49.1978282], [16.4823674, 49.1976088], [16.4824882, 49.1972395], [16.4825201, 49.1971268], [16.4825964, 49.1968175], [16.4826601, 49.196643], [16.4826188, 49.1963733], [16.4827952, 49.1961554], [16.4829231, 49.1960101], [16.4832085, 49.1958707], [16.4834476, 49.1957782], [16.4836786, 49.195722], [16.4837726, 49.1957153], [16.4840555, 49.1956987], [16.4841689, 49.195665], [16.4842696, 49.1956549], [16.4843272, 49.1956464], [16.4843797, 49.1956426], [16.4845878, 49.1956607], [16.4847427, 49.1956713], [16.4848631, 49.195676], [16.4850573, 49.1955729], [16.4850809, 49.1953746], [16.4851061, 49.1952158], [16.4851386, 49.1949433], [16.4853994, 49.1946285], [16.4856227, 49.1945668], [16.4858335, 49.1945064], [16.4860018, 49.1944666], [16.4861897, 49.1944054], [16.4867708, 49.1941757], [16.4869674, 49.194221], [16.4871995, 49.194369], [16.4876533, 49.1949696], [16.4881372, 49.1952882], [16.4886937, 49.195854], [16.4888046, 49.1959711], [16.4890932, 49.1960158], [16.4891151, 49.1960161], [16.4892052, 49.1960352], [16.4893801, 49.1960656], [16.4898935, 49.196115], [16.4901903, 49.1961291], [16.4912673, 49.1962262], [16.4917502, 49.1963037], [16.4919443, 49.1963245], [16.492191, 49.1963239], [16.4926007, 49.1962923], [16.4931841, 49.1961238], [16.4933361, 49.196049], [16.4939097, 49.1957287], [16.493959, 49.1956996], [16.4940458, 49.1956151], [16.4941293, 49.1954923], [16.494327, 49.1952328], [16.4944033, 49.1951005], [16.4944588, 49.1949559], [16.4944839, 49.194835], [16.4944738, 49.1946721], [16.4944878, 49.1944968], [16.494457, 49.1944285], [16.4942909, 49.1940964], [16.4947825, 49.1940267], [16.494738, 49.1936738], [16.4948053, 49.1928963], [16.4948477, 49.1926777], [16.4948812, 49.1919335], [16.4948184, 49.1916891], [16.4945079, 49.1911607], [16.4944872, 49.190974], [16.4944958, 49.1909286], [16.4945074, 49.1906944], [16.4944975, 49.1902618], [16.4945527, 49.1898228], [16.4945437, 49.1897246], [16.4945463, 49.1896142], [16.4946049, 49.1892872], [16.4945025, 49.189022], [16.4944718, 49.1886841], [16.4945636, 49.1884365], [16.4946857, 49.1882472], [16.494722, 49.1879674], [16.4946282, 49.1876024], [16.4946078, 49.1873234], [16.4945662, 49.1870443], [16.4946146, 49.1867445], [16.4947026, 49.1865866], [16.4947447, 49.186476], [16.4947941, 49.1863731], [16.4949409, 49.1862254], [16.4950703, 49.1861209], [16.4951708, 49.1860715], [16.4955078, 49.1859356], [16.4960563, 49.1855563], [16.4963758, 49.1854293], [16.4972892, 49.1851081], [16.4975329, 49.1849959], [16.4974951, 49.1848845], [16.4974792, 49.1848357], [16.4974349, 49.1847815], [16.4973317, 49.184716], [16.4971671, 49.1846242], [16.4969998, 49.1845515], [16.4969437, 49.18452], [16.4968765, 49.1844861], [16.4975055, 49.1841604], [16.4988397, 49.1835671], [16.5007558, 49.1828559], [16.5047171, 49.1815607], [16.504788, 49.1815415], [16.5048961, 49.1815156], [16.504949, 49.1815042], [16.5053462, 49.1813701], [16.5055305, 49.1813086], [16.5057024, 49.1812496], [16.5070694, 49.1807878], [16.5074304, 49.1806664], [16.5074334, 49.1806656], [16.5075655, 49.1806209], [16.5098663, 49.1798472], [16.5104751, 49.179666], [16.510589, 49.1796319], [16.5114955, 49.1793619], [16.5122088, 49.1792553], [16.5123844, 49.1792336], [16.5126175, 49.179252], [16.5128652, 49.1793108], [16.5130451, 49.1791621], [16.5141758, 49.1782148], [16.5148568, 49.1784259], [16.5157541, 49.1777365], [16.516712, 49.1769854], [16.5175308, 49.1763323], [16.5182604, 49.1757676], [16.5181621, 49.1753495], [16.5184148, 49.1751368], [16.5183995, 49.1751114], [16.5185546, 49.1749292], [16.5186885, 49.1745516], [16.5186864, 49.1745284], [16.5184095, 49.1733103], [16.5181823, 49.1722134], [16.5180101, 49.1715758], [16.5179685, 49.1714212], [16.5202255, 49.1701209], [16.520593, 49.1699093], [16.5208326, 49.1697881], [16.5211663, 49.1696368], [16.5215236, 49.1695388], [16.5216216, 49.169466], [16.5216935, 49.1694301], [16.5218815, 49.1693361], [16.522878, 49.1688655], [16.5231613, 49.1687426], [16.5257271, 49.167731], [16.5259454, 49.1676147], [16.5259659, 49.1675893], [16.5270591, 49.1663911], [16.5282859, 49.1654474], [16.5283753, 49.165226], [16.528418, 49.1652056], [16.528657, 49.1650376], [16.5287113, 49.1649879], [16.5290755, 49.1646457], [16.5294219, 49.1643202], [16.5297628, 49.164538], [16.5302335, 49.1648637], [16.5308611, 49.1653951], [16.5311396, 49.1656858], [16.5314326, 49.1660592], [16.5318175, 49.1666251], [16.5317543, 49.1666417], [16.5317964, 49.1667983], [16.5317346, 49.1669309], [16.5324558, 49.1672417], [16.5334634, 49.1675028], [16.5344077, 49.1676314], [16.5349629, 49.1677161], [16.5357777, 49.1678005], [16.5357714, 49.1678241], [16.5363384, 49.1678126], [16.5369835, 49.1677707], [16.5372212, 49.167921], [16.5374134, 49.1680227], [16.5379457, 49.16791], [16.5386934, 49.1684394], [16.538756, 49.1684838], [16.539251, 49.1688306], [16.5392979, 49.1688634], [16.5396939, 49.1691425], [16.5400565, 49.1693976], [16.5400656, 49.1694044], [16.540662, 49.1698246], [16.5412783, 49.1695477], [16.5418895, 49.1692508], [16.5419948, 49.1691996], [16.5420309, 49.1691838], [16.5420526, 49.169174], [16.5426756, 49.1688893], [16.5432661, 49.1686068], [16.5433316, 49.1686634], [16.5440522, 49.1693213], [16.5440806, 49.1693476], [16.5450402, 49.1702238], [16.5461398, 49.1697872], [16.5463389, 49.169708], [16.5485512, 49.1688401], [16.5489336, 49.1686774], [16.54889, 49.1686356], [16.5488593, 49.1686077], [16.5484145, 49.16819], [16.5483922, 49.1681691], [16.5478882, 49.1676937], [16.5478139, 49.1676262], [16.5478749, 49.167601], [16.5479914, 49.1675545], [16.5480651, 49.1675031], [16.5481015, 49.1674809], [16.5482426, 49.1673949], [16.5484261, 49.1672903], [16.5485924, 49.1671735], [16.5487659, 49.1670662], [16.5489361, 49.1669472], [16.5490359, 49.1668442], [16.5490834, 49.1667896], [16.5490436, 49.166768], [16.549061, 49.1667524], [16.5490729, 49.1667415], [16.549094, 49.1667221], [16.5491021, 49.1667164], [16.5491262, 49.1667068], [16.5491565, 49.1666788], [16.5492819, 49.1664898], [16.5493439, 49.1664005], [16.5493904, 49.1663628], [16.5494139, 49.1663267], [16.5494411, 49.1662752], [16.5495192, 49.1661742], [16.5495567, 49.1661201], [16.549607, 49.166076], [16.5497008, 49.1660089], [16.5497375, 49.1659829], [16.5497772, 49.1659524], [16.5498714, 49.165921], [16.5502076, 49.1658092], [16.5506432, 49.1657615], [16.5508092, 49.1657337], [16.5508268, 49.1657271], [16.5508459, 49.1657148], [16.5509635, 49.1656021], [16.5510618, 49.1655319], [16.5511765, 49.1654447], [16.551213, 49.1654012], [16.5514007, 49.1651655], [16.5515367, 49.1650282], [16.5515968, 49.1650054], [16.5518692, 49.1648795], [16.5521418, 49.1647509], [16.5522848, 49.1646856], [16.5525257, 49.1645759], [16.5525755, 49.1645543], [16.5526377, 49.1645265], [16.5527509, 49.1644827], [16.5528618, 49.1644392], [16.5528933, 49.1644294], [16.5529848, 49.1644065], [16.5531082, 49.1643795], [16.5532294, 49.1643701], [16.5532642, 49.1643683], [16.5532044, 49.1643011], [16.5531036, 49.1642261], [16.5528308, 49.164019], [16.5527784, 49.1639301], [16.5528024, 49.1638439], [16.5528295, 49.1638025], [16.5528216, 49.1637851], [16.5531359, 49.1634965], [16.5535628, 49.1628714], [16.5538563, 49.162564], [16.5539005, 49.1625506], [16.5539073, 49.1625347], [16.553949, 49.1624662], [16.5539735, 49.1624271], [16.5539739, 49.1623984], [16.5539743, 49.1623757], [16.5539794, 49.1623428], [16.5539654, 49.1621703], [16.5539597, 49.1621201], [16.5539614, 49.1620863], [16.5539348, 49.1620029], [16.553919, 49.1619313], [16.5539121, 49.1619122], [16.5539042, 49.1618775], [16.5538915, 49.1618338], [16.5538849, 49.1618035], [16.553857, 49.1616974], [16.5538463, 49.161629], [16.5535166, 49.1609242], [16.5534216, 49.1608446], [16.5534218, 49.1608291], [16.5534286, 49.1607579], [16.5534641, 49.1603666], [16.5535877, 49.1600456], [16.5536105, 49.1599863], [16.5539679, 49.1596494], [16.5545021, 49.1591393], [16.5546627, 49.1589141], [16.5548074, 49.1586298], [16.5547406, 49.1585203], [16.5547151, 49.1584532], [16.5547072, 49.1583957], [16.554716, 49.1583445], [16.5548164, 49.1580311], [16.5548256, 49.1577222], [16.5547432, 49.1574402], [16.5547575, 49.1572457], [16.5547432, 49.1571039], [16.5548344, 49.1568123], [16.5548736, 49.1567923], [16.555445, 49.1565942], [16.5554493, 49.1565265], [16.5556266, 49.1564595], [16.5565499, 49.1561108], [16.5573606, 49.1557553], [16.557515, 49.155688], [16.5577994, 49.155564], [16.5577771, 49.1555403], [16.5576586, 49.155411], [16.5564852, 49.1541242], [16.5571916, 49.153629], [16.5573095, 49.1535507], [16.5576273, 49.1533409], [16.5576796, 49.1533057], [16.5578002, 49.1532255], [16.557862, 49.1531859], [16.5578734, 49.1531768], [16.5579496, 49.153128], [16.5580258, 49.1530846], [16.5580534, 49.1530713], [16.5581201, 49.1530333], [16.5582806, 49.152946], [16.5583021, 49.1529351], [16.5583646, 49.1529003], [16.5583756, 49.1528951], [16.5584096, 49.1528758], [16.5584316, 49.1528644], [16.5584581, 49.1528567], [16.5585437, 49.1528362], [16.5585643, 49.1528311], [16.5585799, 49.152827], [16.5598108, 49.1524949], [16.5601572, 49.152436], [16.5605596, 49.1523678], [16.5606734, 49.152352], [16.560756, 49.1523354], [16.5608334, 49.1523234], [16.5609073, 49.1523078], [16.5609787, 49.1522947], [16.5610489, 49.1522788], [16.5612049, 49.1522489], [16.5619887, 49.1532223], [16.5624612, 49.1538847], [16.562632, 49.1538659], [16.5628132, 49.1538407], [16.5629948, 49.1538191], [16.563152, 49.153776], [16.5633103, 49.1537378], [16.5635136, 49.1537173], [16.5637051, 49.1536967], [16.5637906, 49.1536714], [16.5638276, 49.1536631], [16.5639036, 49.1536612], [16.5639612, 49.1536726], [16.5640715, 49.1536892], [16.5640641, 49.1537174], [16.5640145, 49.1540046], [16.5639609, 49.1544021], [16.564077, 49.1544065], [16.5642552, 49.154409], [16.5644468, 49.1544168], [16.5646795, 49.1544208], [16.5647352, 49.1544192], [16.5648509, 49.1544204], [16.5649761, 49.1544146], [16.5651071, 49.1544031], [16.5655027, 49.1543886], [16.5656447, 49.1543745], [16.5657861, 49.1543501], [16.5659203, 49.1543316], [16.5660688, 49.1543087], [16.5663591, 49.1542838], [16.5665953, 49.1542672], [16.5666532, 49.1542791], [16.5667964, 49.1542976], [16.5669203, 49.1543164], [16.566993, 49.1543307], [16.5671857, 49.1543613], [16.5672478, 49.1543694], [16.5673021, 49.1543821], [16.5680295, 49.1545336], [16.5682126, 49.1545749], [16.5683541, 49.1546055], [16.5684261, 49.1546195], [16.5684942, 49.1546408], [16.5687745, 49.1547001], [16.5690729, 49.1547696], [16.5692096, 49.1548036], [16.5694727, 49.1548579], [16.5696086, 49.1548808], [16.5696084, 49.1548893], [16.5697517, 49.1549142], [16.5701318, 49.1549941], [16.5703993, 49.1550534], [16.570562, 49.1550836], [16.5709623, 49.1551799], [16.5710348, 49.1551919], [16.5711603, 49.1552202], [16.5712847, 49.1552434], [16.5716044, 49.1553071], [16.5718733, 49.1553649], [16.572149, 49.1554351], [16.5723597, 49.1554817], [16.5726638, 49.1555593], [16.5727492, 49.1555838], [16.5731926, 49.155688], [16.5733829, 49.1557345], [16.5736862, 49.1558028], [16.5737879, 49.1558243], [16.5738664, 49.1558464], [16.5743654, 49.1559868], [16.5745365, 49.156044], [16.574627, 49.1560702], [16.5747189, 49.1561059], [16.5749067, 49.1561721], [16.5751118, 49.1562495], [16.5753548, 49.1563486], [16.5759632, 49.156589], [16.576504, 49.1568284], [16.5766341, 49.156886], [16.5762425, 49.1573628], [16.5759489, 49.1576639], [16.5748609, 49.1586717], [16.5743608, 49.1591015], [16.5741166, 49.1592599], [16.5741522, 49.1592744], [16.5748825, 49.1596487], [16.5754571, 49.1599353], [16.5753879, 49.1600126], [16.5753284, 49.1600872], [16.5752014, 49.1602382], [16.5751679, 49.1602723], [16.5749994, 49.1604738], [16.5749387, 49.1606324], [16.5748961, 49.1607504], [16.5748705, 49.1608096], [16.5748268, 49.160931], [16.5748018, 49.1609909], [16.574676, 49.1611969], [16.5745982, 49.1612895], [16.5745691, 49.1613537], [16.5746593, 49.1613679], [16.5748007, 49.1613794], [16.5751378, 49.161566], [16.5754203, 49.1611712], [16.5754341, 49.1611573], [16.5758083, 49.1612492], [16.5759958, 49.1612893], [16.5765246, 49.1614114], [16.5771848, 49.1616267], [16.57731, 49.1616643], [16.5776202, 49.1617478], [16.5776649, 49.1616374], [16.577697, 49.1615837], [16.5778283, 49.1612977], [16.5779486, 49.1610093], [16.5779595, 49.1609898], [16.5779735, 49.1609441], [16.5781088, 49.1606054], [16.5782824, 49.1601507], [16.5787031, 49.1602818], [16.5787735, 49.1602739], [16.5788332, 49.1601926], [16.5789202, 49.1600542], [16.5792164, 49.1595239], [16.5795371, 49.1595794], [16.579703, 49.1596001], [16.579884, 49.1596257], [16.5800785, 49.1596372], [16.5803846, 49.1596718], [16.5808329, 49.1597252], [16.5810804, 49.1597457], [16.581178, 49.1597489], [16.5815869, 49.1597546], [16.5819808, 49.1597628], [16.5820032, 49.1593147], [16.5823994, 49.159367], [16.5824521, 49.1593724], [16.5825849, 49.1593896], [16.5826485, 49.1593958], [16.5828369, 49.1594212], [16.5829186, 49.1594308], [16.5830271, 49.1594465], [16.5832881, 49.1594787], [16.5834565, 49.1594877], [16.5839233, 49.1595362], [16.5841423, 49.1595558], [16.5843084, 49.1595639], [16.5846094, 49.1595625], [16.5848329, 49.1595602], [16.5852651, 49.159553], [16.585488, 49.1595333], [16.5859434, 49.1594987], [16.5862114, 49.159473], [16.5863268, 49.1594581], [16.5870444, 49.1593733], [16.5872052, 49.1593603], [16.5873871, 49.159339], [16.5881578, 49.1592573], [16.5883985, 49.1592704], [16.5888931, 49.1592232], [16.5893929, 49.1591814], [16.5896209, 49.1591639], [16.590517, 49.1590854], [16.5911755, 49.1590338], [16.5918069, 49.1589804], [16.5922204, 49.1589443], [16.5924238, 49.1589218], [16.5930407, 49.1588701], [16.5938584, 49.158805], [16.5938934, 49.1587726], [16.5936289, 49.1575013], [16.5938494, 49.1574987], [16.5940822, 49.1574917], [16.5944301, 49.1574877], [16.5950303, 49.1574757], [16.5917434, 49.1555888], [16.590377, 49.1548091], [16.5908418, 49.1547598], [16.5910831, 49.1547375], [16.5911823, 49.1547332], [16.5917438, 49.1546808], [16.5921016, 49.1546491], [16.5921657, 49.1546421], [16.5921684, 49.1546141], [16.5921699, 49.1543437], [16.5921815, 49.153836], [16.5921834, 49.1536672], [16.5921889, 49.1534956], [16.5921908, 49.1533261], [16.5922033, 49.152983], [16.5922135, 49.1525349], [16.59324, 49.1524378], [16.5940317, 49.1523657], [16.5948635, 49.152285], [16.5963412, 49.1521455], [16.5963187, 49.1512259], [16.5961132, 49.1501026], [16.5955167, 49.1483264], [16.5952993, 49.1474533], [16.5948763, 49.1462268], [16.5946174, 49.145661], [16.5941633, 49.1448782], [16.5938942, 49.1443874], [16.5934331, 49.1430917], [16.593254, 49.1425889], [16.5932436, 49.1425385], [16.5932485, 49.1421653], [16.5929141, 49.141737], [16.5922376, 49.1404909], [16.5918236, 49.1397335], [16.5903426, 49.1370824], [16.5896729, 49.1358311], [16.5925832, 49.1355951], [16.5967332, 49.1352504], [16.5977591, 49.1351346], [16.5979629, 49.1351112], [16.598619, 49.1350375], [16.5991458, 49.1349781], [16.5992019, 49.1363419], [16.5988435, 49.1363864], [16.5990346, 49.1365515], [16.599155, 49.1366648], [16.5992618, 49.136778], [16.5992964, 49.1368594], [16.5993037, 49.1368813], [16.5993484, 49.1370293], [16.5993653, 49.1371154], [16.5993778, 49.1371645], [16.5993886, 49.1372057], [16.5994024, 49.1372649], [16.5994248, 49.1373699], [16.5994268, 49.1373989], [16.5994272, 49.1374122], [16.602965, 49.1372321], [16.603039, 49.1372286], [16.6031409, 49.1372232], [16.6034951, 49.1372052], [16.6034923, 49.1372189], [16.6034876, 49.1372444], [16.6033298, 49.1381008], [16.6064636, 49.1386171], [16.6064548, 49.1384049], [16.607108, 49.1380028], [16.6074423, 49.1378778], [16.608076, 49.1377231], [16.608655, 49.1375218], [16.6087994, 49.1374793], [16.6108764, 49.1369833], [16.6114651, 49.1368513], [16.6117348, 49.1368184], [16.6119929, 49.13681], [16.6122186, 49.1368208], [16.6128215, 49.1368319], [16.6131718, 49.1367523], [16.6135363, 49.1367013], [16.6137281, 49.1366748], [16.6139083, 49.1366469], [16.6140777, 49.1366238], [16.6142563, 49.1365986], [16.6146061, 49.1365517], [16.6147817, 49.1365263], [16.6149534, 49.1365012], [16.615127, 49.1364772], [16.6153083, 49.1364535], [16.6154793, 49.1364307], [16.6158146, 49.1363843], [16.6156948, 49.1360166], [16.6158734, 49.1359601], [16.6177742, 49.1362162], [16.6198167, 49.1364923], [16.6202087, 49.1365845], [16.621016, 49.1366922], [16.621133, 49.1367501], [16.6212476, 49.1368515], [16.6229266, 49.1372177], [16.6229943, 49.1372234], [16.6232815, 49.1372593], [16.623368, 49.1372678], [16.6235371, 49.1372912], [16.6242825, 49.1373664], [16.6251132, 49.1373663], [16.6252231, 49.1373641], [16.6260768, 49.1372755], [16.6267287, 49.137263], [16.627149, 49.137267], [16.627178, 49.137266], [16.6272851, 49.1372683], [16.6280159, 49.1372539], [16.6280639, 49.1372513], [16.6280929, 49.1374124], [16.6281434, 49.1374109], [16.6294402, 49.1373686], [16.6296415, 49.1373616], [16.6299256, 49.1373531], [16.6308343, 49.1373267], [16.6316829, 49.1373031], [16.6317194, 49.1373151], [16.6317204, 49.1373841], [16.6318736, 49.1396605], [16.6319781, 49.1412086], [16.6320513, 49.1423534], [16.6330541, 49.1443721], [16.6333016, 49.1448645], [16.6339194, 49.1460804], [16.6339785, 49.1460697], [16.634066, 49.146087], [16.6341077, 49.1460865], [16.6361263, 49.1457644], [16.6369155, 49.1456423], [16.6402943, 49.1450893], [16.6401763, 49.1432454], [16.6401198, 49.1427318], [16.640164, 49.1425969], [16.6400575, 49.1408764], [16.6400305, 49.1405595], [16.6398816, 49.1383511], [16.6397553, 49.1364159], [16.6396847, 49.1355943], [16.6396614, 49.1350422], [16.6395996, 49.1340279], [16.6396328, 49.1340166], [16.6397412, 49.1338364], [16.6401075, 49.1337093], [16.6417157, 49.1330029], [16.6420138, 49.1328612], [16.642002, 49.1319693], [16.6420015, 49.13186], [16.6420073, 49.1318156], [16.6419582, 49.1317911], [16.6397655, 49.1318091], [16.63917, 49.1318163], [16.6381385, 49.1318232], [16.6336681, 49.131862], [16.6334445, 49.1318573], [16.6323294, 49.1318654], [16.6322696, 49.1318434], [16.6318644, 49.1255078], [16.6272619, 49.1256336], [16.6268474, 49.1256424], [16.6267576, 49.1254677], [16.6268026, 49.1248852], [16.6267497, 49.1239875], [16.6266296, 49.1221892], [16.626582, 49.1214395], [16.626521, 49.1213856], [16.6265058, 49.1210869], [16.6265183, 49.1203031], [16.6264671, 49.1197519], [16.6263931, 49.1194089], [16.6263112, 49.1191041], [16.6259866, 49.1184047], [16.62592, 49.1182548], [16.6255244, 49.1173995], [16.6252989, 49.1168695], [16.6251475, 49.1165284], [16.6248266, 49.115783], [16.624429, 49.1149117], [16.6243795, 49.1147778], [16.6242414, 49.1144233], [16.6241733, 49.1141154], [16.6241531, 49.1140561], [16.624097, 49.1136136], [16.624093, 49.1135251], [16.6241381, 49.1132798], [16.624145, 49.1132282], [16.6242083, 49.1130215], [16.6243434, 49.1127537], [16.6244466, 49.1125885], [16.6249121, 49.1118653], [16.6254631, 49.11105], [16.6256904, 49.1108937], [16.6261024, 49.1103132], [16.6261954, 49.1101112], [16.6263143, 49.1098796], [16.6265711, 49.1101449], [16.6308524, 49.1100734], [16.6352612, 49.1100065], [16.6343373, 49.1113177], [16.63428, 49.1115971], [16.6341868, 49.1118015], [16.6337398, 49.1125714], [16.6333946, 49.1128665], [16.6331416, 49.1132527], [16.6329378, 49.1134524], [16.6325896, 49.1137034], [16.6324846, 49.1138226], [16.6324193, 49.1139627], [16.632341, 49.114289], [16.6322265, 49.1146897], [16.6321642, 49.1151036], [16.6321707, 49.1155199], [16.63229, 49.115794], [16.6323477, 49.1160536], [16.6323158, 49.1162259], [16.6322327, 49.1163786], [16.6322279, 49.1164442], [16.6322477, 49.1164966], [16.6324409, 49.1166374], [16.6327445, 49.1167872], [16.6329444, 49.1168958], [16.6331365, 49.1170887], [16.6332482, 49.1172705], [16.6333827, 49.1174681], [16.6335785, 49.117632], [16.633669, 49.1177637], [16.6337364, 49.1177771], [16.6371825, 49.1184028], [16.6378517, 49.1185149], [16.6397146, 49.1184466], [16.6426596, 49.1180928], [16.6427899, 49.118102], [16.6428616, 49.1180908], [16.6432654, 49.1179828], [16.6462215, 49.1177464], [16.6508619, 49.1172371], [16.652082, 49.1169278], [16.655122, 49.1161622], [16.6586599, 49.1152742], [16.6595256, 49.1150616], [16.6609036, 49.1147097], [16.6614928, 49.1145781], [16.6616246, 49.1145504], [16.6617581, 49.1145313], [16.6653877, 49.1145087], [16.6667198, 49.1145332], [16.6673288, 49.1145532], [16.6713419, 49.1146821], [16.6741823, 49.11463], [16.6742895, 49.1146307], [16.6741583, 49.114945], [16.6741252, 49.1151112], [16.6741952, 49.1157664], [16.6797883, 49.1155235], [16.6803354, 49.1174376], [16.6808142, 49.1191934], [16.6817497, 49.1191503], [16.6817023, 49.1190788], [16.6823449, 49.11892], [16.6824374, 49.1190978], [16.6834223, 49.1189959], [16.6838387, 49.1189503], [16.6839392, 49.1191015], [16.6839454, 49.1191279], [16.6842359, 49.1200289], [16.6845395, 49.1209546], [16.6845597, 49.1210084], [16.6850108, 49.1223942], [16.6856181, 49.1242316], [16.6861942, 49.1259652], [16.6862015, 49.1259838], [16.6862237, 49.1260049], [16.6882329, 49.1252015], [16.6895857, 49.1246897], [16.6897005, 49.1246501], [16.6903691, 49.1254105], [16.6906374, 49.1256506], [16.6918208, 49.1264752], [16.6921246, 49.1267134], [16.6926807, 49.1272064], [16.6928081, 49.1273082], [16.6930412, 49.1271939], [16.6968684, 49.1282235], [16.6968843, 49.1282304], [16.6992913, 49.1269202], [16.6999989, 49.1267326], [16.7042853, 49.1271853], [16.7062554, 49.1282054], [16.7077059, 49.1300664], [16.7077445, 49.1303564], [16.707792, 49.1307134], [16.7078423, 49.131446], [16.7080971, 49.132984], [16.7086797, 49.1354531], [16.7087487, 49.1354429], [16.7088409, 49.1358648], [16.7095334, 49.1389393], [16.7098757, 49.1404975], [16.7090747, 49.1428837], [16.7091082, 49.1435001], [16.7095567, 49.1435209], [16.7098814, 49.1435116], [16.7104275, 49.1435015], [16.7119435, 49.1434437], [16.7119632, 49.143543], [16.7123728, 49.1455116], [16.7123716, 49.1455495], [16.7110534, 49.1453532], [16.7094383, 49.1451226], [16.7088125, 49.1450281], [16.7078228, 49.1449012], [16.7065369, 49.1447735], [16.7053414, 49.1445724], [16.7038702, 49.1442301], [16.70337, 49.1453257], [16.7030391, 49.1453517], [16.7029498, 49.1453588], [16.7001869, 49.1485019], [16.6999264, 49.1498905], [16.6997233, 49.1505465], [16.6995591, 49.1510958], [16.6992789, 49.1518803], [16.699253, 49.1520874], [16.6991761, 49.1525952], [16.6991355, 49.1528463], [16.6990898, 49.15324], [16.6990376, 49.1536624], [16.6988179, 49.1545164], [16.6985863, 49.1553069], [16.6982749, 49.1559267], [16.6981941, 49.1562719], [16.6981462, 49.156415], [16.6979363, 49.1572005], [16.6977332, 49.1580374], [16.6975376, 49.1585596], [16.6970983, 49.1598712], [16.6970587, 49.1599823], [16.6969214, 49.1603222], [16.6968074, 49.1605907], [16.6965742, 49.161063], [16.6964909, 49.1613108], [16.6971356, 49.1613049], [16.6970026, 49.1615122], [16.6962349, 49.1625684], [16.6955246, 49.1632651], [16.6957472, 49.1634798], [16.6961386, 49.1638444], [16.6975124, 49.1651116], [16.6983278, 49.1658626], [16.6991299, 49.1666307], [16.6997574, 49.1672596], [16.7004337, 49.1679248], [16.7012174, 49.1686639], [16.7016595, 49.1690847], [16.702091, 49.1695022], [16.7027805, 49.1701427], [16.703079, 49.1704352], [16.7032647, 49.1706072], [16.7036934, 49.1710062], [16.7045838, 49.1717646], [16.7047691, 49.1719562], [16.7048068, 49.1719384], [16.704826, 49.171993], [16.7038858, 49.1724149], [16.7033069, 49.1726641], [16.7024284, 49.1730135], [16.700118, 49.1739245], [16.697385, 49.1750197], [16.6946197, 49.1761507], [16.694173, 49.1763494], [16.6942297, 49.1764037], [16.694208, 49.176414], [16.693806, 49.179173], [16.6938229, 49.1791759], [16.6938851, 49.1791853], [16.6949244, 49.1793405], [16.6948157, 49.1806731], [16.6946895, 49.1822245], [16.6946862, 49.1822699], [16.6946609, 49.1822695], [16.6946482, 49.1824183], [16.6944669, 49.1840454], [16.69436, 49.1850132], [16.6943558, 49.1850544], [16.6946653, 49.1850998], [16.6956194, 49.1852785], [16.6968825, 49.1855198], [16.6990629, 49.1858911], [16.6997103, 49.1860034], [16.7002225, 49.1860834], [16.7011783, 49.1862586], [16.7017683, 49.1863603], [16.7019783, 49.186395], [16.7027338, 49.1864722], [16.7032605, 49.1865302], [16.7037284, 49.1865919], [16.7043218, 49.1866999], [16.7049188, 49.1867825], [16.7052124, 49.1868549], [16.7052245, 49.1868318], [16.7059254, 49.1870546], [16.7060069, 49.187087], [16.7063157, 49.1872338], [16.7063024, 49.187247], [16.7069671, 49.1875599], [16.707591, 49.1878406], [16.707948, 49.1879435], [16.7083788, 49.1880266], [16.7078294, 49.1889299], [16.7073318, 49.1898354], [16.7073081, 49.1899152], [16.7077271, 49.1900345], [16.7085669, 49.1902155], [16.7093533, 49.190433], [16.7096741, 49.1905549], [16.7103246, 49.1907475], [16.7108783, 49.190964], [16.7114584, 49.1911365], [16.7119497, 49.1912457], [16.7130729, 49.191536], [16.7136023, 49.191661], [16.7136357, 49.1917134], [16.7135907, 49.1917696], [16.7136718, 49.1917865], [16.7137501, 49.1916729], [16.7138252, 49.1915535], [16.7139191, 49.1913143], [16.7139506, 49.191103], [16.7140257, 49.191111], [16.7148405, 49.1912843], [16.7156615, 49.1914536], [16.7172047, 49.1917829], [16.7172203, 49.191764], [16.7175113, 49.1918971], [16.7178266, 49.1921465], [16.7180617, 49.1922728], [16.7182458, 49.1923497], [16.7185013, 49.1924496], [16.7191317, 49.1927002], [16.7195486, 49.1928568], [16.7199623, 49.1929806], [16.7204631, 49.1931395], [16.7206676, 49.1932408], [16.7207908, 49.1934018], [16.7207862, 49.1936892], [16.7207476, 49.1938595], [16.7206831, 49.1939773], [16.7204696, 49.1941624], [16.7203048, 49.1942648], [16.7203365, 49.1942779], [16.7204582, 49.1943372], [16.7203956, 49.194379], [16.7198122, 49.1946402], [16.7194225, 49.1948285], [16.7190069, 49.1950025], [16.7182596, 49.1953531], [16.717987, 49.1955346], [16.7178855, 49.1955938], [16.7176693, 49.1958032], [16.7175023, 49.1960607], [16.7173895, 49.1961929], [16.7173472, 49.1962692], [16.7175485, 49.1963655], [16.7181242, 49.1966461], [16.718207, 49.1966835], [16.7182785, 49.1967295], [16.7182297, 49.1968578], [16.7182686, 49.1971514], [16.7183137, 49.1973246], [16.7184521, 49.1977032], [16.7184747, 49.1979195], [16.7184682, 49.198283], [16.7184649, 49.1983292], [16.7184329, 49.1985909], [16.7184581, 49.1987081], [16.7185241, 49.1988446], [16.7184985, 49.1990062], [16.7184213, 49.1991547], [16.7183452, 49.199309], [16.7182132, 49.1996042], [16.7179524, 49.1999291], [16.7177539, 49.2002065], [16.7176315, 49.2003669], [16.7174789, 49.2005801], [16.717397, 49.2006843], [16.7172422, 49.200894], [16.717254, 49.2013908], [16.7171097, 49.2017728], [16.7169026, 49.2022267], [16.7168446, 49.2023389], [16.7167541, 49.2026362], [16.7167304, 49.2026987], [16.7166254, 49.2029408], [16.716653, 49.2031556], [16.7167331, 49.2032782], [16.7166519, 49.2034539], [16.716672, 49.2036802], [16.7167797, 49.2038596], [16.7168997, 49.2040325], [16.717193, 49.2045074], [16.7173596, 49.2046994], [16.7177488, 49.2050631], [16.7177878, 49.2050879], [16.7178288, 49.2051262], [16.7178657, 49.2051663], [16.7180157, 49.2053018], [16.7181403, 49.205418], [16.7182976, 49.2056436], [16.7183222, 49.2056852], [16.7183983, 49.2058356], [16.7184549, 49.2059873], [16.7185996, 49.2064664], [16.7187233, 49.2066614], [16.7187049, 49.2069489], [16.7186327, 49.2070976], [16.7184559, 49.2075131], [16.7182981, 49.2076818], [16.7181239, 49.207818], [16.7178246, 49.2080266], [16.7177429, 49.2080662], [16.7174334, 49.2082287], [16.7172692, 49.2082998], [16.7170805, 49.208364], [16.7162487, 49.2085747], [16.7158557, 49.2086588], [16.7155075, 49.2087292], [16.7148233, 49.2088758], [16.7146433, 49.208925], [16.7145086, 49.2089735], [16.7142119, 49.2090638], [16.7139555, 49.2091718], [16.7136858, 49.2092986], [16.7135279, 49.2093616], [16.713425, 49.2094196], [16.7133929, 49.2094371], [16.7130816, 49.2096331], [16.7129364, 49.2097351], [16.7128043, 49.2098463], [16.7127414, 49.2099149], [16.7126619, 49.2100161], [16.7125694, 49.2101603], [16.7125101, 49.21027], [16.7124654, 49.2103556], [16.7123861, 49.2105298], [16.7123434, 49.2106449], [16.7123379, 49.2106902], [16.7123403, 49.2107227], [16.7123563, 49.210771], [16.7124407, 49.2109573], [16.7124565, 49.2110124], [16.7124691, 49.2110755], [16.7124725, 49.2111362], [16.7124688, 49.2111917], [16.7124528, 49.2112631], [16.7124254, 49.2113278], [16.7123967, 49.2113731], [16.712209, 49.2115906], [16.7121762, 49.211631], [16.7121608, 49.2116604], [16.7121468, 49.2116981], [16.7121376, 49.2117391], [16.7121348, 49.2117742], [16.712144, 49.2118305], [16.7121566, 49.2118628], [16.7121731, 49.2118942], [16.7121884, 49.211915], [16.7122108, 49.2119359], [16.7122382, 49.2119546], [16.7122759, 49.2119731], [16.7123168, 49.2119873], [16.7123708, 49.2120019], [16.7124796, 49.212025], [16.7125958, 49.2120444], [16.7127328, 49.2120599], [16.7129301, 49.2120698], [16.7129882, 49.2120753], [16.7130322, 49.2120814], [16.7130831, 49.2120935], [16.7131399, 49.2121117], [16.7131983, 49.2121361], [16.7132623, 49.2121675], [16.7133206, 49.2122055], [16.7133766, 49.2122465], [16.7134598, 49.2123242], [16.7135136, 49.2123903], [16.7136999, 49.2126645], [16.71379, 49.2128061], [16.7139905, 49.2131493], [16.7140448, 49.2132276], [16.7141053, 49.213301], [16.7141219, 49.2133184], [16.7141493, 49.2133395], [16.7141771, 49.2133551], [16.7142029, 49.2133646], [16.7142823, 49.213384], [16.7143243, 49.2133914], [16.71437, 49.2133964], [16.7144248, 49.2133981], [16.7144776, 49.2133971], [16.7145321, 49.213391], [16.7145899, 49.2133788], [16.7146604, 49.2133609], [16.714986, 49.2132485], [16.7150911, 49.2132178], [16.7151888, 49.2131845], [16.715265, 49.2131513], [16.7152971, 49.2131336], [16.7153375, 49.2131078], [16.7153693, 49.213082], [16.7154147, 49.213039], [16.7155151, 49.2129642], [16.715563, 49.2129367], [16.7156212, 49.2129109], [16.7156968, 49.2128835], [16.7157735, 49.2128618], [16.7158515, 49.2128419], [16.7159453, 49.2128143], [16.71606, 49.2127833], [16.7161545, 49.2127632], [16.7162327, 49.2127541], [16.7163481, 49.2127464], [16.7164523, 49.212745], [16.7166754, 49.2127508], [16.7169809, 49.212763], [16.717129, 49.2127724], [16.7171916, 49.2127779], [16.7172782, 49.212791], [16.717368, 49.2128075], [16.7174624, 49.2128308], [16.7175552, 49.2128581], [16.71766, 49.212892], [16.7178541, 49.2129632], [16.7179404, 49.2130044], [16.7180193, 49.2130455], [16.7181041, 49.2130981], [16.7181903, 49.2131654], [16.7182643, 49.213236], [16.7183356, 49.2133099], [16.7183923, 49.2133766], [16.7184433, 49.2134473], [16.7184825, 49.2135116], [16.7185169, 49.2135828], [16.7185364, 49.2136456], [16.7185935, 49.2139382], [16.718646, 49.2142653], [16.7187904, 49.2145984], [16.7188632, 49.214741], [16.719046, 49.2150147], [16.7191865, 49.2152134], [16.7192493, 49.2153133], [16.7192693, 49.215349], [16.7193034, 49.2154208], [16.7193275, 49.2154775], [16.7194179, 49.2157277], [16.7195428, 49.2160206], [16.7195811, 49.2160985], [16.7196185, 49.2161628], [16.719658, 49.2162375], [16.7196845, 49.2163071], [16.7197012, 49.2163677], [16.7197105, 49.2164228], [16.7197136, 49.2164784], [16.7197093, 49.2165152], [16.7196988, 49.2165612], [16.7196963, 49.2166206], [16.7197156, 49.2166978], [16.7197309, 49.216726], [16.7197713, 49.2167767], [16.7198055, 49.2168269], [16.719835, 49.2168785], [16.7198632, 49.2169525], [16.7198705, 49.2170076], [16.719865, 49.2170615], [16.7198431, 49.217126], [16.7198092, 49.2171896], [16.7197676, 49.2172485], [16.7196912, 49.2173374], [16.7195065, 49.2175324], [16.7193097, 49.2177167], [16.7191554, 49.2178438], [16.7190933, 49.2178896], [16.7188863, 49.2180166], [16.7186586, 49.2181461], [16.7184889, 49.2182354], [16.7183827, 49.2182865], [16.7182582, 49.2183415], [16.7181583, 49.2183802], [16.7180619, 49.2184113], [16.7180032, 49.2184287], [16.7179042, 49.218454], [16.7177986, 49.2184777], [16.7170097, 49.2186343], [16.7168037, 49.2186683], [16.7165509, 49.2187164], [16.7164641, 49.2187308], [16.7160064, 49.2187844], [16.7159178, 49.2187923], [16.715737, 49.2188008], [16.7156256, 49.2187999], [16.7155153, 49.2188106], [16.7152238, 49.2188832], [16.7149441, 49.2189303], [16.7146492, 49.2189849], [16.7143789, 49.2190407], [16.7139754, 49.2191311], [16.7137901, 49.2191766], [16.7136831, 49.2192068], [16.7135876, 49.2192382], [16.7134947, 49.219273], [16.7134295, 49.2193021], [16.7133938, 49.2193198], [16.7133539, 49.2193462], [16.7132993, 49.2193928], [16.7132529, 49.2194418], [16.7132222, 49.219488], [16.7132018, 49.2195336], [16.713195, 49.2195738], [16.7131947, 49.2196536], [16.7132026, 49.2197154], [16.7132189, 49.2197744], [16.7132639, 49.2198866], [16.7133062, 49.2199404], [16.7133509, 49.2199929], [16.7134106, 49.2200553], [16.7139782, 49.2205769], [16.714061, 49.2206447], [16.7141727, 49.2207286], [16.7142786, 49.2207988], [16.7143336, 49.2208291], [16.7143765, 49.2208474], [16.7144375, 49.2208696], [16.7145219, 49.2208934], [16.7146267, 49.2209134], [16.7147293, 49.2209274], [16.7148577, 49.2209344], [16.7149348, 49.2209356], [16.7150918, 49.2209329], [16.7151938, 49.2209138], [16.7152784, 49.2208909], [16.7153574, 49.2208655], [16.7154618, 49.2208209], [16.7155537, 49.2207758], [16.7156632, 49.2207172], [16.715836, 49.2206139], [16.7162304, 49.2203725], [16.7163042, 49.2203364], [16.7164333, 49.220278], [16.7165468, 49.2202338], [16.7166739, 49.220193], [16.7168498, 49.2201268], [16.7169545, 49.220082], [16.7170367, 49.2200405], [16.717133, 49.2199952], [16.7172315, 49.2199563], [16.7174326, 49.2198862], [16.717538, 49.2198544], [16.7176528, 49.2198228], [16.7177503, 49.219799], [16.7178504, 49.2197774], [16.7179578, 49.2197589], [16.7180624, 49.2197461], [16.7181505, 49.2197387], [16.718245, 49.2197353], [16.7183343, 49.2197378], [16.7184157, 49.2197449], [16.7184963, 49.2197554], [16.7185707, 49.2197715], [16.7186383, 49.219792], [16.7186993, 49.2198176], [16.7187582, 49.2198513], [16.7187984, 49.2198858], [16.7188346, 49.2199317], [16.7187643, 49.2201126], [16.7186966, 49.2202516], [16.7186647, 49.2203116], [16.7186426, 49.2203698], [16.7186331, 49.2204127], [16.7186325, 49.2204472], [16.718647, 49.22048], [16.7186674, 49.2205122], [16.7187642, 49.2205895], [16.7187165, 49.2206775], [16.7185182, 49.2207624], [16.7183835, 49.2208234], [16.7182222, 49.2208893], [16.7181005, 49.2209452], [16.7177079, 49.2211135], [16.7176425, 49.2211547], [16.7175248, 49.2212414], [16.717554, 49.2212904], [16.7176268, 49.2213894], [16.7176366, 49.2214137], [16.7176179, 49.2214277], [16.7175349, 49.2214388], [16.7174376, 49.2214428], [16.7173477, 49.2214337], [16.7172517, 49.2214134], [16.7172017, 49.2214082], [16.7171672, 49.2214239], [16.7170579, 49.2215225], [16.7170321, 49.2215649], [16.7170492, 49.2215977], [16.7170391, 49.221628], [16.7169629, 49.2217143], [16.7168674, 49.2218026], [16.7168411, 49.2218319], [16.7168363, 49.221866], [16.7168594, 49.2219049], [16.7168689, 49.2219468], [16.7168353, 49.2219998], [16.7167894, 49.222043], [16.7165998, 49.2222112], [16.7163312, 49.2224665], [16.7162882, 49.2225138], [16.7162725, 49.2225605], [16.7162829, 49.2226203], [16.7162707, 49.2226799], [16.7161688, 49.2229181], [16.7161444, 49.2229944], [16.7161404, 49.2230664], [16.7161136, 49.2232941], [16.716119, 49.2233791], [16.716155, 49.2234643], [16.7162024, 49.2235382], [16.7162832, 49.2236569], [16.7163002, 49.2237011], [16.7162938, 49.2237402], [16.7162706, 49.2237827], [16.7162067, 49.2239144], [16.7161878, 49.2239832], [16.7162041, 49.2241375], [16.7161434, 49.2243091], [16.7161297, 49.2243985], [16.7161351, 49.2244504], [16.7161147, 49.2244958], [16.7157123, 49.2249899], [16.7155897, 49.225117], [16.7155385, 49.2251672], [16.7154985, 49.2252221], [16.7155021, 49.2252686], [16.7155011, 49.225307], [16.715442, 49.2254343], [16.7154414, 49.2254693], [16.7154514, 49.2254977], [16.7154911, 49.2256412], [16.7154948, 49.2256714], [16.7154793, 49.2256974], [16.7154411, 49.2257467], [16.7154241, 49.2257772], [16.7155148, 49.2258983], [16.715532, 49.2259351], [16.7155521, 49.2259659], [16.7155738, 49.2259866], [16.7155768, 49.2260106], [16.7155698, 49.2260322], [16.715512, 49.2264181], [16.715509, 49.2265061], [16.7155272, 49.2265797], [16.715603, 49.2267072], [16.7156453, 49.2267558], [16.7156951, 49.2267938], [16.7157462, 49.2268194], [16.7157951, 49.2268528], [16.7158198, 49.2268873], [16.7158262, 49.2269324], [16.7158766, 49.2269963], [16.7159425, 49.2270442], [16.7161032, 49.2271177], [16.7161253, 49.2271549], [16.716126, 49.2271944], [16.716107, 49.2272372], [16.7160026, 49.2273453], [16.7160062, 49.2273679], [16.7160189, 49.2273849], [16.7160522, 49.2273847], [16.7161229, 49.227377], [16.7161649, 49.2273785], [16.7163866, 49.2274061], [16.7164075, 49.2274208], [16.7164159, 49.2274382], [16.7164195, 49.2274588], [16.7164105, 49.2274793], [16.7163494, 49.2275474], [16.7163254, 49.2275779], [16.7163334, 49.2276081], [16.7165093, 49.2278527], [16.7165588, 49.2279387], [16.7165884, 49.2279524], [16.7166257, 49.2279516], [16.716742, 49.2279396], [16.7167743, 49.22794], [16.7167961, 49.2279491], [16.7168324, 49.2280044], [16.7168505, 49.2280498], [16.7168699, 49.2280791], [16.7169109, 49.228097], [16.7169763, 49.2281069], [16.7170713, 49.228117], [16.7171247, 49.2281261], [16.7171798, 49.2281528], [16.7172296, 49.2281888], [16.7173524, 49.2282827], [16.7174355, 49.2283634], [16.7174663, 49.2283989], [16.7174766, 49.228437], [16.7174463, 49.2284854], [16.7174102, 49.2285266], [16.7173746, 49.2286602], [16.7173854, 49.2287084], [16.7174108, 49.2287482], [16.7174477, 49.2287865], [16.7175054, 49.2288159], [16.7175853, 49.2288611], [16.7176274, 49.2288997], [16.7176522, 49.2289293], [16.7177152, 49.2290327], [16.7177398, 49.2290651], [16.7177813, 49.2290992], [16.7180679, 49.2292738], [16.7181252, 49.2293136], [16.7181634, 49.2293484], [16.7181847, 49.2293808], [16.7181907, 49.2294364], [16.7181666, 49.2294943], [16.7181639, 49.2295243], [16.7181778, 49.2295499], [16.7182346, 49.2296146], [16.7183681, 49.2296771], [16.718424, 49.2296971], [16.7184867, 49.2297074], [16.7186244, 49.2297012], [16.7186793, 49.2297082], [16.718699, 49.2297282], [16.7187454, 49.2297984], [16.7188376, 49.2298733], [16.7191103, 49.2300539], [16.7191403, 49.2300682], [16.7191725, 49.2300747], [16.7192598, 49.2300738], [16.719376, 49.2300762], [16.7194801, 49.2301151], [16.7196458, 49.2302002], [16.7197013, 49.2302139], [16.7197511, 49.2302078], [16.7198418, 49.2301751], [16.7198748, 49.2301658], [16.7199112, 49.2301678], [16.7199661, 49.2301776], [16.7200778, 49.2302162], [16.7201914, 49.2302439], [16.7202313, 49.2302487], [16.7202687, 49.2302437], [16.7203274, 49.2302245], [16.7203638, 49.2302192], [16.7204055, 49.2302227], [16.7204401, 49.2302349], [16.7204815, 49.2302645], [16.7205206, 49.230301], [16.7205503, 49.2303381], [16.7205895, 49.2303714], [16.7206321, 49.2304008], [16.7206729, 49.2304841], [16.720695, 49.2305566], [16.7206953, 49.2306226], [16.7206745, 49.2307505], [16.7206305, 49.230927], [16.7205707, 49.2311204], [16.720535, 49.2312169], [16.720482, 49.2312964], [16.7204437, 49.2313751], [16.7203946, 49.2314897], [16.7204032, 49.231611], [16.7204322, 49.2318021], [16.7204139, 49.2318424], [16.7203807, 49.2318722], [16.7202644, 49.2319378], [16.7201978, 49.2320204], [16.7201354, 49.232111], [16.7200505, 49.2322466], [16.7199087, 49.2324596], [16.7198378, 49.2325817], [16.7197591, 49.2327675], [16.7197494, 49.2328147], [16.7197571, 49.2328397], [16.7197747, 49.2328672], [16.719825, 49.2329136], [16.7199081, 49.2329642], [16.7199389, 49.2329745], [16.7199691, 49.2329752], [16.7200786, 49.2329463], [16.7201045, 49.2329413], [16.7201333, 49.2329424], [16.7201611, 49.2329488], [16.7202013, 49.2329697], [16.7202205, 49.2330005], [16.7202253, 49.233042], [16.7202458, 49.2330782], [16.7202794, 49.2331095], [16.7203181, 49.2331348], [16.7203735, 49.2331581], [16.7204082, 49.23317], [16.7204362, 49.2331729], [16.7204933, 49.2331647], [16.7206584, 49.2331346], [16.7207283, 49.2331205], [16.7207979, 49.2330878], [16.7208182, 49.2330734], [16.7208195, 49.2330613], [16.7208124, 49.2330454], [16.7207885, 49.2330139], [16.7207876, 49.2329949], [16.7208236, 49.2329766], [16.7208781, 49.2329722], [16.7209152, 49.232978], [16.7209654, 49.2329972], [16.7211159, 49.2330431], [16.7212169, 49.2330637], [16.7212434, 49.2330599], [16.7212538, 49.2330442], [16.7212609, 49.2330216], [16.7213053, 49.2329127], [16.721333, 49.2328598], [16.7213571, 49.2328276], [16.7214135, 49.2327784], [16.7214844, 49.2327353], [16.7215267, 49.2327191], [16.7215818, 49.23272], [16.7216664, 49.2327576], [16.7217357, 49.2328297], [16.7218182, 49.2329067], [16.7219476, 49.2329706], [16.722024, 49.2330002], [16.7221323, 49.2330343], [16.7222346, 49.2330477], [16.7223744, 49.2330529], [16.7225219, 49.2330657], [16.722659, 49.2330914], [16.7228123, 49.2331372], [16.7228259, 49.2331743], [16.7228053, 49.23321], [16.7227483, 49.2332631], [16.7226761, 49.2332907], [16.7226086, 49.2333094], [16.7225428, 49.2333099], [16.722474, 49.2333016], [16.7224052, 49.2333024], [16.7223415, 49.2333102], [16.7223273, 49.233323], [16.7223181, 49.2333394], [16.7223193, 49.2333724], [16.722327, 49.2334074], [16.7223573, 49.2334509], [16.7224238, 49.2335091], [16.7225256, 49.233555], [16.7226876, 49.2336004], [16.7228189, 49.2336691], [16.7229032, 49.2337549], [16.7230259, 49.233838], [16.7230506, 49.2338485], [16.7230802, 49.2338464], [16.7231203, 49.2338385], [16.7232199, 49.2338264], [16.7232594, 49.2338538], [16.7233234, 49.2339368], [16.7233946, 49.2339901], [16.7234527, 49.2340052], [16.7235151, 49.2340059], [16.7235436, 49.2339989], [16.7235591, 49.2339827], [16.7236608, 49.233889], [16.7236978, 49.2338744], [16.7237289, 49.2338695], [16.7237568, 49.2338721], [16.7237805, 49.2338851], [16.7238774, 49.2339575], [16.7239767, 49.2340184], [16.7241145, 49.234132], [16.7241861, 49.2342134], [16.7242077, 49.2342298], [16.7242335, 49.2342394], [16.7242611, 49.2342437], [16.7242872, 49.2342445], [16.7242991, 49.23423], [16.7243134, 49.2341966], [16.7243432, 49.2341697], [16.7243903, 49.2341636], [16.7244328, 49.2341737], [16.7246291, 49.2342541], [16.7247329, 49.2343243], [16.7247706, 49.2343737], [16.7248208, 49.234452], [16.7248521, 49.2344821], [16.7248762, 49.23449], [16.7249025, 49.2344873], [16.7250363, 49.2344557], [16.7250667, 49.2344534], [16.7250803, 49.234468], [16.7250891, 49.2345275], [16.7250904, 49.2346422], [16.7251053, 49.2347106], [16.7251442, 49.2347857], [16.7251606, 49.2348029], [16.7251864, 49.2348131], [16.7253329, 49.234825], [16.7253473, 49.2348444], [16.7253388, 49.2349297], [16.7253538, 49.2349914], [16.7254075, 49.2350466], [16.725505, 49.2351358], [16.7255477, 49.2351932], [16.7255877, 49.2352754], [16.7256336, 49.2353564], [16.7256727, 49.2354188], [16.7257206, 49.2354777], [16.7257451, 49.2355216], [16.7257768, 49.2355885], [16.7258137, 49.2356507], [16.7258866, 49.2357408], [16.7259431, 49.2358367], [16.7260352, 49.2359371], [16.726129, 49.2360194], [16.7262227, 49.236085], [16.7263471, 49.2361505], [16.7263945, 49.2361832], [16.7264061, 49.2362259], [16.7263785, 49.2362923], [16.7263683, 49.2363447], [16.7263721, 49.2363979], [16.7263955, 49.236437], [16.7264348, 49.2364686], [16.7264836, 49.2365026], [16.7265195, 49.2365901], [16.7265484, 49.2366297], [16.7265793, 49.2366395], [16.7266127, 49.236643], [16.7267055, 49.2366369], [16.7267499, 49.2366501], [16.7267816, 49.2366727], [16.7267992, 49.2366983], [16.7268121, 49.2367398], [16.7268328, 49.2367731], [16.7268387, 49.2368032], [16.7268234, 49.2368259], [16.7267566, 49.2368909], [16.7267664, 49.2369181], [16.7267971, 49.2369367], [16.7268475, 49.2369528], [16.726874, 49.2369753], [16.7268881, 49.2369975], [16.7269171, 49.237069], [16.7269323, 49.2370932], [16.7269675, 49.2371038], [16.7270631, 49.237078], [16.7271432, 49.2370525], [16.7273444, 49.2369572], [16.7273751, 49.2369543], [16.727403, 49.2369601], [16.7274517, 49.2369743], [16.7275002, 49.2369729], [16.7276186, 49.2369297], [16.7276518, 49.2369249], [16.7277507, 49.23693], [16.7277801, 49.236936], [16.7277948, 49.236955], [16.7277619, 49.2370256], [16.7277702, 49.2370602], [16.7277931, 49.2370895], [16.7278317, 49.2370984], [16.7278346, 49.2371338], [16.7276197, 49.2374968], [16.7275232, 49.2376502], [16.7274287, 49.238073], [16.7274343, 49.238151], [16.7274688, 49.2384397], [16.7275179, 49.2387204], [16.7275692, 49.2388822], [16.727569, 49.239305], [16.7275631, 49.2394577], [16.7272652, 49.2396098], [16.7272579, 49.2398183], [16.7269849, 49.2400775], [16.7269241, 49.2404243], [16.726864, 49.2405254], [16.7270086, 49.240803], [16.7270993, 49.241116], [16.726895, 49.2415554], [16.7267018, 49.2419305], [16.7266275, 49.2420264], [16.7265943, 49.2420728], [16.7264845, 49.2422108], [16.7262449, 49.2423833], [16.7260968, 49.2425379], [16.7260453, 49.2425387], [16.7259933, 49.2425522], [16.7256277, 49.2430118], [16.725307, 49.2432323], [16.7249281, 49.2435727], [16.7247847, 49.2439631], [16.7248373, 49.2442153], [16.7246348, 49.244526], [16.7242296, 49.2448291], [16.7242057, 49.2448534], [16.7241591, 49.2448952], [16.7228853, 49.2444656], [16.7222876, 49.2443461], [16.7216739, 49.2443075], [16.7210736, 49.2442576], [16.7205296, 49.2442246], [16.7199607, 49.2441997], [16.7196529, 49.2441644], [16.7193809, 49.2440867], [16.7188931, 49.2439191], [16.7184182, 49.2437661], [16.7179385, 49.2436797], [16.7168828, 49.2435245], [16.7165917, 49.2435033], [16.7162879, 49.2435148], [16.7157659, 49.2436133], [16.7152138, 49.2437278], [16.714532, 49.2438847], [16.7142814, 49.2439332], [16.7138787, 49.2439655], [16.7135169, 49.2439084], [16.7133719, 49.2438263], [16.7132297, 49.2436445], [16.7130722, 49.2433482], [16.713061, 49.2431738], [16.7131882, 49.242805], [16.7132091, 49.2424626], [16.7131514, 49.2421303], [16.7129643, 49.2414316], [16.7126556, 49.241077], [16.7124673, 49.2408952], [16.7120867, 49.2407009], [16.7119774, 49.2406333], [16.7118805, 49.2405379], [16.7115969, 49.2401207], [16.7110452, 49.2402809], [16.710616, 49.2404144], [16.7102796, 49.2405694], [16.7101237, 49.2406043], [16.709698, 49.2406147], [16.7091255, 49.240539], [16.7087352, 49.2406227], [16.7087073, 49.2406277], [16.7085917, 49.2403439], [16.7082625, 49.2395082], [16.7080225, 49.2392248], [16.7078349, 49.2388972], [16.7074523, 49.2386452], [16.7075064, 49.2383789], [16.7073279, 49.2380962], [16.7070318, 49.2377845], [16.7067058, 49.2369588], [16.7067066, 49.2366804], [16.7066322, 49.2365488], [16.7063438, 49.2361796], [16.7064849, 49.2356943], [16.7064676, 49.2351212], [16.7065101, 49.2348243], [16.7065329, 49.2344546], [16.7064534, 49.2342227], [16.7064883, 49.2339876], [16.7065782, 49.2337695], [16.7065999, 49.2337077], [16.7065772, 49.2335814], [16.706507, 49.2333359], [16.7063242, 49.2330728], [16.7062282, 49.2330217], [16.7051289, 49.2325742], [16.7047265, 49.2323829], [16.7043787, 49.2321549], [16.7041511, 49.2320263], [16.7039946, 49.2319561], [16.7035728, 49.2318005], [16.7030819, 49.2316066], [16.702707, 49.2314585], [16.7024291, 49.2313216], [16.7023282, 49.2312695], [16.7020507, 49.2310303], [16.7017594, 49.2307757], [16.7014169, 49.230539], [16.7012168, 49.2303689], [16.7010785, 49.2302652], [16.7010726, 49.2302604], [16.7009579, 49.230168], [16.7004654, 49.2297182], [16.7000982, 49.2294165], [16.6997496, 49.2292085], [16.6995075, 49.2290693], [16.6992245, 49.2289199], [16.6990594, 49.2288281], [16.6987549, 49.2286684], [16.6984706, 49.2285367], [16.6982314, 49.228434], [16.6979424, 49.2283192], [16.6976179, 49.2281854], [16.6971449, 49.2279939], [16.696811, 49.2278757], [16.696441, 49.2277499], [16.6961107, 49.2276485], [16.6957795, 49.2275593], [16.6953298, 49.2274529], [16.6949791, 49.2273719], [16.694217, 49.2271899], [16.6934359, 49.2269706], [16.6929151, 49.226786], [16.6924594, 49.2266301], [16.6924285, 49.2265252], [16.6924176, 49.2264805], [16.6922385, 49.2264392], [16.691446, 49.2263489], [16.6910355, 49.2262548], [16.6907948, 49.2261474], [16.6904368, 49.2259351], [16.6901947, 49.2257721], [16.6898589, 49.2253412], [16.6897684, 49.2252982], [16.6895534, 49.2252095], [16.689202, 49.2250787], [16.6890343, 49.2250351], [16.6883034, 49.2249028], [16.6881349, 49.224847], [16.688073, 49.2248044], [16.6873716, 49.2244247], [16.68673, 49.2238355], [16.6866223, 49.2237981], [16.6863433, 49.2236515], [16.6860015, 49.2234179], [16.6855026, 49.2230987], [16.6851576, 49.2228721], [16.6843413, 49.2222052], [16.6839558, 49.2218779], [16.6834413, 49.2213116], [16.6829639, 49.2206409], [16.6826997, 49.2202063], [16.6824005, 49.2196486], [16.6821665, 49.2191531], [16.681724, 49.218275], [16.6815701, 49.2179948], [16.6814848, 49.2178152], [16.6811124, 49.2179031], [16.6804829, 49.2180562], [16.6799775, 49.2175001], [16.6800535, 49.2174312], [16.6797864, 49.2171824], [16.6791978, 49.2175027], [16.6782891, 49.217856], [16.6778139, 49.218027], [16.6775213, 49.2181146], [16.677126, 49.2181247], [16.6760827, 49.2180304], [16.6752438, 49.218796], [16.6740785, 49.2190085], [16.6733762, 49.2191926], [16.6730991, 49.2192788], [16.6722307, 49.2200052], [16.6706156, 49.2205514], [16.6706779, 49.2209918], [16.6704978, 49.2216021], [16.6692488, 49.2216927], [16.6683281, 49.2217531], [16.668156, 49.2217644], [16.6676708, 49.2222105], [16.6668285, 49.2226301], [16.6667042, 49.2229332], [16.6666052, 49.2231972], [16.6663701, 49.2235046], [16.6659531, 49.2239599], [16.6655761, 49.2243859], [16.6650265, 49.2247808], [16.664988, 49.2248105], [16.6648827, 49.2248777], [16.6647939, 49.224932], [16.6646691, 49.2249726], [16.6648698, 49.2253441], [16.6649979, 49.2254799], [16.6653515, 49.2258149], [16.6655995, 49.2260857], [16.6659764, 49.2264789], [16.6661979, 49.2266579], [16.6662847, 49.2267652], [16.6664557, 49.2271264], [16.6665592, 49.227397], [16.6666111, 49.2275674], [16.6666905, 49.2277851], [16.6667201, 49.2279766], [16.6667613, 49.2282782], [16.6667889, 49.228386], [16.6668944, 49.2286264], [16.6670625, 49.2288797], [16.6672204, 49.2290709], [16.6673137, 49.2292598], [16.6676107, 49.2296175], [16.6676803, 49.2296975], [16.667985, 49.2300024], [16.6680702, 49.2300816], [16.6681226, 49.2301234], [16.6684454, 49.2302864], [16.6687056, 49.2304215], [16.6691275, 49.2306127], [16.6695484, 49.2307778], [16.669679, 49.2308061], [16.6705006, 49.2310671], [16.6714601, 49.2314559], [16.6716336, 49.2315463], [16.6717497, 49.2316466], [16.6719361, 49.2318029], [16.6721246, 49.2319803], [16.6723072, 49.2322242], [16.6723524, 49.2322725], [16.6726214, 49.2324991], [16.6728973, 49.2327686], [16.673072, 49.2328968], [16.6733002, 49.2331302], [16.6733521, 49.2333328], [16.6732543, 49.2335291], [16.6726949, 49.2339361], [16.6723656, 49.2340547], [16.6721876, 49.2341003], [16.6719276, 49.2341168], [16.67155, 49.2340845], [16.6711188, 49.2340786], [16.6705937, 49.2341195], [16.6701058, 49.2341287], [16.669909, 49.2340395], [16.669849, 49.2340153], [16.6697385, 49.2339978], [16.6696113, 49.2339965], [16.6693021, 49.2340842], [16.6689353, 49.2341724], [16.6683957, 49.2343133], [16.6680611, 49.2344083], [16.6678012, 49.2349366], [16.6676419, 49.2351457], [16.6671553, 49.2352743], [16.6667892, 49.2353655], [16.6663809, 49.2356058], [16.6660435, 49.2358862], [16.6657593, 49.2363496], [16.6657125, 49.2366349], [16.6658134, 49.2370357], [16.6658809, 49.2376292], [16.6658982, 49.2380895], [16.6657979, 49.2381529], [16.6656183, 49.2383908], [16.6656296, 49.2384447], [16.6656255, 49.2386419], [16.665522, 49.2386899], [16.6654395, 49.2387033], [16.6651416, 49.2390312], [16.6652353, 49.2391566], [16.6651141, 49.2392111], [16.6642686, 49.2394754], [16.6636636, 49.2395015], [16.6629333, 49.2396216], [16.6622323, 49.2397426], [16.6617143, 49.2398365], [16.660979, 49.2398711], [16.6603529, 49.2400709], [16.6600293, 49.2401129], [16.6598557, 49.2401468], [16.6597224, 49.2401845], [16.6596548, 49.2402014], [16.6595417, 49.2402471], [16.6591799, 49.2403825], [16.6590342, 49.2404168], [16.6588809, 49.2404557], [16.6587945, 49.2404746], [16.6587442, 49.240489], [16.6585271, 49.2405594], [16.6583044, 49.2406419], [16.6578511, 49.2408555], [16.6577166, 49.2409028], [16.6574858, 49.2409873], [16.6574617, 49.2409925], [16.6573668, 49.2410263], [16.6572554, 49.2410617], [16.6571239, 49.241108], [16.6569108, 49.2412107], [16.6567059, 49.2413163], [16.6566217, 49.2413725], [16.6564956, 49.2414496], [16.6563982, 49.2415162], [16.6559803, 49.2417706], [16.655697, 49.2418717], [16.6551237, 49.2421244], [16.6543049, 49.2425044], [16.6540916, 49.2426155], [16.6537198, 49.2427613], [16.6531456, 49.2429749], [16.6529591, 49.2430587], [16.6527127, 49.2431372], [16.6525673, 49.2432114], [16.6497539, 49.2443067], [16.649517, 49.2443975], [16.6485355, 49.2446165], [16.6479648, 49.2449045], [16.6477832, 49.2453006], [16.6473827, 49.2452672], [16.6468588, 49.2451807], [16.6464581, 49.2451596], [16.6459625, 49.2451479], [16.645702, 49.2451631], [16.6447187, 49.2451769], [16.6442748, 49.2451429], [16.6440683, 49.2451133], [16.6439706, 49.2450894], [16.6439648, 49.2451042], [16.643947, 49.2450981], [16.6433259, 49.2456361], [16.6423935, 49.2462018], [16.6418912, 49.2466049], [16.6415193, 49.2469653], [16.6413055, 49.2470597], [16.641324, 49.2470926], [16.6416014, 49.2472734], [16.6414032, 49.247912], [16.6417273, 49.2486707], [16.6419488, 49.2492107], [16.6423672, 49.2498024], [16.6424851, 49.2503452], [16.6430837, 49.2508391], [16.6433919, 49.2510034], [16.6434231, 49.2510186], [16.6437506, 49.251198], [16.6443001, 49.2512747], [16.6445289, 49.2513091], [16.6453836, 49.2515326], [16.6463558, 49.251512], [16.6470611, 49.251228], [16.6472229, 49.2511074], [16.647317, 49.2511202], [16.6476425, 49.2511595], [16.6474348, 49.2517279], [16.6474145, 49.2517712], [16.6472997, 49.2520625], [16.6472871, 49.2520872], [16.646709, 49.2527844], [16.6462703, 49.253454], [16.6464595, 49.2543193], [16.6460616, 49.255089], [16.6452474, 49.2557772], [16.6450371, 49.2562393], [16.6449024, 49.2565409], [16.6447037, 49.2571193], [16.6452245, 49.2578143], [16.6451842, 49.2585211], [16.644625, 49.2590954], [16.6440236, 49.2597757], [16.6434545, 49.2604787], [16.6429963, 49.2615551], [16.6427249, 49.2621217], [16.6422683, 49.2624562], [16.6414938, 49.2629198], [16.6410385, 49.2633101], [16.6405566, 49.2634739], [16.6404221, 49.2635229], [16.639859, 49.2640936], [16.6386751, 49.2647408], [16.6381791, 49.2651233], [16.6375743, 49.2652182], [16.6373807, 49.2654961], [16.6373552, 49.2655303], [16.6371027, 49.2658954], [16.6369939, 49.2663563], [16.6370444, 49.2670936], [16.6366633, 49.2675454], [16.6357684, 49.2682275], [16.6348474, 49.2682508], [16.6338194, 49.2684974], [16.633172, 49.2686384], [16.6322571, 49.2686683], [16.6322159, 49.2686683], [16.6317509, 49.268642], [16.6314171, 49.2686427], [16.6309719, 49.2686921], [16.6307222, 49.2686962], [16.6305175, 49.2687153], [16.6302627, 49.2687136], [16.6300407, 49.2687437], [16.6298006, 49.2687662], [16.6295967, 49.2687775], [16.6293337, 49.268696], [16.6290305, 49.2686116], [16.6289556, 49.2685783], [16.6287287, 49.2684724], [16.6283506, 49.2686532], [16.6280693, 49.2688236], [16.6280279, 49.2689325], [16.6278264, 49.2690613], [16.6277512, 49.2692443], [16.6274439, 49.2696664], [16.6274927, 49.2697977], [16.627362, 49.2700928], [16.6273315, 49.2701365], [16.627236, 49.2702848], [16.6269193, 49.2704821], [16.6267407, 49.2705795], [16.6265241, 49.2707601], [16.6262343, 49.2709129], [16.6259741, 49.2709405], [16.6258243, 49.2709757], [16.6256503, 49.2710028], [16.6252922, 49.2710307], [16.6252138, 49.271274], [16.6249922, 49.27147], [16.625088, 49.2718776], [16.6249566, 49.2719373], [16.6248369, 49.2727081], [16.6246222, 49.2732361], [16.6246862, 49.2734213], [16.6245885, 49.2736242], [16.624248, 49.2738507], [16.6237268, 49.2744278], [16.6235799, 49.2747428], [16.6232312, 49.2749213], [16.6220531, 49.2747637], [16.6215806, 49.2746604], [16.6210034, 49.2744515], [16.6203875, 49.2744042], [16.620078, 49.2743894], [16.6197174, 49.274377], [16.6195843, 49.2749942], [16.6192075, 49.2754576], [16.6188901, 49.2758713], [16.6188156, 49.276158], [16.6188496, 49.2766017], [16.6187958, 49.2770931], [16.6185934, 49.2772641], [16.6184735, 49.277296], [16.6180148, 49.2776671], [16.6178995, 49.2778045], [16.6175743, 49.2781198], [16.6179632, 49.2782136], [16.6183368, 49.278296], [16.6186387, 49.2783658], [16.6188526, 49.2784132], [16.6193065, 49.2784705], [16.6196481, 49.2784111], [16.6200337, 49.2783824], [16.6203518, 49.2783866], [16.6208516, 49.2783998], [16.6213708, 49.2783756], [16.6215844, 49.2787894], [16.6216599, 49.2790298], [16.6217806, 49.2792664], [16.621979, 49.2793138], [16.6223232, 49.27943], [16.6224985, 49.2795966], [16.6228183, 49.279727], [16.6235718, 49.2800851], [16.6240057, 49.2806803], [16.6245821, 49.2810526], [16.6243475, 49.281341], [16.6243305, 49.2818577], [16.6240433, 49.2820796], [16.624026, 49.2822201], [16.6238075, 49.2823576], [16.6237505, 49.282628], [16.6237079, 49.2827345], [16.6234885, 49.2829741], [16.6233629, 49.283105], [16.6241406, 49.2829928], [16.6248762, 49.2828836], [16.6265769, 49.2826249], [16.6271464, 49.2825357], [16.6276944, 49.2824573], [16.6296461, 49.2821547], [16.6311475, 49.2819135], [16.6313762, 49.2818822], [16.6318819, 49.2817991], [16.6328072, 49.281644], [16.6332285, 49.2815833], [16.6337286, 49.2815219], [16.6338246, 49.2815253], [16.6337498, 49.2817078], [16.6336135, 49.2819174], [16.633578, 49.2820271], [16.6335619, 49.282185], [16.6335829, 49.282321], [16.6337424, 49.2823565], [16.6340792, 49.2824194], [16.634363, 49.2824885], [16.6347579, 49.2825363], [16.6352645, 49.2825328], [16.6363269, 49.2828975], [16.6366476, 49.2829674], [16.6375809, 49.2831623], [16.6377216, 49.2831937], [16.6382594, 49.2833055], [16.638916, 49.2834473], [16.6391884, 49.2835127], [16.6397889, 49.2836453], [16.6408959, 49.2838845], [16.6419805, 49.2841878], [16.6422914, 49.284234], [16.6424146, 49.2842823], [16.6438237, 49.2847976], [16.6445423, 49.285058], [16.6451387, 49.285279], [16.6461187, 49.2856578], [16.6469456, 49.28597], [16.6474879, 49.2861814], [16.6483756, 49.2865058], [16.648913, 49.286708], [16.6489415, 49.2867388], [16.6484892, 49.2867874], [16.6478758, 49.2868963], [16.6476884, 49.2870396], [16.6472334, 49.2872716], [16.6466665, 49.2873911], [16.6462209, 49.2875328], [16.6455253, 49.2877794], [16.6453121, 49.2878012], [16.6449951, 49.2878164], [16.6448201, 49.2877894], [16.6443728, 49.2876389], [16.6440404, 49.2876074], [16.6431258, 49.2876618], [16.6427471, 49.287692], [16.642577, 49.2876878], [16.6420179, 49.2876196], [16.6413464, 49.2878734], [16.6411786, 49.2879699], [16.6409197, 49.2881943], [16.640829, 49.2884683], [16.6402936, 49.2888952], [16.6400356, 49.2890669], [16.6397701, 49.2893673], [16.6395948, 49.2897481], [16.6394465, 49.2900126], [16.6392824, 49.2901676], [16.6390158, 49.2903559], [16.6389316, 49.2903959], [16.6387783, 49.2904407], [16.6382225, 49.2905935], [16.6377284, 49.2907778], [16.6370665, 49.2908508], [16.6365813, 49.2910306], [16.6363676, 49.2911775], [16.6359457, 49.2913428], [16.6354342, 49.2914645], [16.634821, 49.2916572], [16.6342964, 49.2917735], [16.6338431, 49.2918126], [16.6335891, 49.2918872], [16.6329991, 49.2922412], [16.6324935, 49.292586], [16.6320562, 49.2928346], [16.63168, 49.2931824], [16.6315992, 49.293327], [16.63145, 49.2934521], [16.6303797, 49.2940969], [16.6300617, 49.2943708], [16.6300696, 49.2943101], [16.630125, 49.293993], [16.6302026, 49.2937237], [16.6302791, 49.2935687], [16.6304962, 49.2932281], [16.6305677, 49.2930574], [16.6305499, 49.2927825], [16.6305223, 49.2925954], [16.6303817, 49.2924331], [16.6302217, 49.2922931], [16.630125, 49.2921325], [16.6300467, 49.2918741], [16.6300329, 49.291676], [16.6300353, 49.2916105], [16.6301057, 49.2914039], [16.6302083, 49.2910187], [16.6302108, 49.2909156], [16.6286844, 49.2907913], [16.6289463, 49.2898819], [16.6290142, 49.2896337], [16.6289009, 49.2894715], [16.6288342, 49.289272], [16.6286843, 49.2891249], [16.6285915, 49.2890635], [16.6284533, 49.2889992], [16.6282881, 49.2889336], [16.6281964, 49.2889211], [16.6280917, 49.2889045], [16.6278893, 49.2888852], [16.6278256, 49.2888746], [16.6276888, 49.2888331], [16.6275073, 49.2886449], [16.6268343, 49.2886529], [16.6270453, 49.2881479], [16.627061, 49.2877292], [16.6270629, 49.2874907], [16.6268205, 49.2868451], [16.6263571, 49.2861904], [16.6271306, 49.2861305], [16.6272499, 49.286109], [16.6275876, 49.2860575], [16.6281675, 49.2859277], [16.6285943, 49.2858801], [16.6289276, 49.2857815], [16.6290657, 49.2857855], [16.6296218, 49.2856451], [16.6299593, 49.2854255], [16.6291136, 49.2853667], [16.6287185, 49.2852632], [16.6279675, 49.2851926], [16.6277151, 49.2851961], [16.6272523, 49.2851822], [16.6262491, 49.2852075], [16.6252934, 49.2851746], [16.6246816, 49.2852491], [16.6241875, 49.2853365], [16.6232497, 49.2855511], [16.6226666, 49.2858534], [16.6225495, 49.2858895], [16.6224273, 49.2858991], [16.6221636, 49.2858575], [16.6222265, 49.2861702], [16.622519, 49.2865042], [16.6224969, 49.286686], [16.6219731, 49.2870445], [16.621716, 49.2873996], [16.6214776, 49.2875897], [16.6215451, 49.2877596], [16.6215611, 49.2878641], [16.6214354, 49.2880725], [16.6215014, 49.2881735], [16.6214666, 49.2883142], [16.6215013, 49.2883854], [16.621417, 49.2885143], [16.6214424, 49.2886192], [16.621372, 49.2887442], [16.6211921, 49.2888918], [16.6212593, 49.2890575], [16.6210539, 49.2892583], [16.6207775, 49.2893873], [16.6206102, 49.2896781], [16.6199522, 49.2901696], [16.6198484, 49.2903518], [16.61967, 49.2905335], [16.6194911, 49.290727], [16.6196975, 49.2911238], [16.6195495, 49.2911717], [16.6193035, 49.2907911], [16.6191063, 49.2908675], [16.6189494, 49.2906639], [16.6186914, 49.2907657], [16.618411, 49.2908708], [16.6182323, 49.2909448], [16.6179392, 49.2911032], [16.6177138, 49.2911943], [16.6171436, 49.2913248], [16.616781, 49.2914134], [16.6163882, 49.2915045], [16.6158456, 49.2915871], [16.6155845, 49.2915599], [16.6151687, 49.2915725], [16.614708, 49.2915066], [16.6138885, 49.2915026], [16.6137891, 49.291469], [16.6135759, 49.2914181], [16.6134642, 49.2914368], [16.6133509, 49.2915507], [16.6130995, 49.2913399], [16.6127873, 49.2912972], [16.6125846, 49.2911856], [16.6123795, 49.2912037], [16.6121332, 49.2911652], [16.611876, 49.291165], [16.6112105, 49.291057], [16.6110005, 49.2909562], [16.610466, 49.290631], [16.6102271, 49.2905542], [16.6099685, 49.2904968], [16.6094026, 49.2904313], [16.609097, 49.2903839], [16.6088484, 49.2902678], [16.60851, 49.2901751], [16.6079956, 49.2901096], [16.6078265, 49.2900606], [16.6075367, 49.2900232], [16.607329, 49.2899216], [16.6070419, 49.2896345], [16.6068775, 49.2895651], [16.6068043, 49.2895361], [16.606402, 49.2895124], [16.6062157, 49.2894533], [16.6060478, 49.2892718], [16.6058267, 49.2892537], [16.6054959, 49.2892869], [16.6050848, 49.2892862], [16.6044984, 49.2894706], [16.6043329, 49.2896416], [16.6040057, 49.289722], [16.6036999, 49.2897491], [16.6030517, 49.2899627], [16.6029497, 49.2898681], [16.6027011, 49.2899004], [16.6022684, 49.2899429], [16.6020399, 49.289993], [16.6018717, 49.2901647], [16.6017224, 49.2902788], [16.6017137, 49.2904063], [16.6016675, 49.2906259], [16.6010011, 49.2910434], [16.6008141, 49.2911281], [16.6007332, 49.2911214], [16.6003687, 49.2913238], [16.6001079, 49.2914927], [16.5996416, 49.2917891], [16.599393, 49.2919936], [16.599199, 49.2921333], [16.5989075, 49.2923093], [16.5988327, 49.2924651], [16.5989162, 49.2926129], [16.5991054, 49.2927349], [16.5993195, 49.2928458], [16.5993711, 49.2931221], [16.5994213, 49.2933088], [16.5993487, 49.2934857], [16.5992206, 49.2935597], [16.5991212, 49.2933474], [16.5987423, 49.2930402], [16.5982266, 49.2926922], [16.5982562, 49.2925691], [16.5976398, 49.2920081], [16.5976735, 49.2919171], [16.5976692, 49.2916291], [16.5975327, 49.2912784], [16.5974965, 49.2910133], [16.5972977, 49.2905945], [16.5972016, 49.2902964], [16.5971814, 49.2900345], [16.5969598, 49.2895138], [16.5967709, 49.2892593], [16.5965442, 49.2890089], [16.5963139, 49.2882851], [16.5962104, 49.2879757], [16.5961696, 49.2876422], [16.5961368, 49.2873526], [16.5960788, 49.287235], [16.5958434, 49.2869559], [16.5956551, 49.2866773], [16.5955056, 49.2863887], [16.5954444, 49.2860768], [16.5948854, 49.2857245], [16.5943968, 49.2855943], [16.5939296, 49.2854739], [16.5932346, 49.285285], [16.5930882, 49.2853374], [16.5926715, 49.2855508], [16.5923037, 49.2856472], [16.5916745, 49.2857256], [16.5912527, 49.2856843], [16.591043, 49.2856848], [16.5903157, 49.2855645], [16.5902802, 49.2855419], [16.5896138, 49.2849368], [16.5895271, 49.2847145], [16.5894275, 49.2845548], [16.5893347, 49.2844795], [16.5892314, 49.2843788], [16.5886394, 49.2838418], [16.5886852, 49.2834476], [16.5884488, 49.2833466], [16.5881564, 49.2833065], [16.5878245, 49.2832849], [16.5875625, 49.2832607], [16.5872184, 49.2832412], [16.5867249, 49.2832389], [16.5864689, 49.2832471], [16.5861722, 49.2832529], [16.5859783, 49.283264], [16.5856078, 49.2833146], [16.5851345, 49.2833879], [16.5845092, 49.2835418], [16.5843777, 49.2836068], [16.5843258, 49.283509], [16.5842558, 49.2834105], [16.5840157, 49.2832292], [16.5838356, 49.2831379], [16.5837096, 49.2831232], [16.5826765, 49.2832184], [16.5821921, 49.2833188], [16.5816033, 49.2834346], [16.5812066, 49.2835152], [16.5811121, 49.2835045], [16.5804084, 49.2833522], [16.5797612, 49.2833247], [16.5795548, 49.283342], [16.5793881, 49.2832865], [16.5789856, 49.2831], [16.5787545, 49.2829477], [16.5786781, 49.2826266], [16.5787546, 49.2823579], [16.5788519, 49.2821815], [16.5789803, 49.2819876], [16.5790841, 49.2817103], [16.5792432, 49.2814192], [16.5793298, 49.2814117], [16.5795519, 49.2811238], [16.5797323, 49.2806381], [16.5795929, 49.2801173], [16.5794345, 49.2796507], [16.5793565, 49.2793573], [16.5793484, 49.2791129], [16.579459, 49.2788981], [16.579616, 49.2787985], [16.5794115, 49.2783197], [16.5793529, 49.2782723], [16.5796016, 49.2781046], [16.5800468, 49.2776596], [16.5802856, 49.2773817], [16.5803337, 49.2771664], [16.580183, 49.2770557], [16.5797793, 49.2771818], [16.5792833, 49.2772972], [16.578904, 49.2773479], [16.5784088, 49.2774347], [16.5778951, 49.2775128], [16.5775848, 49.2775156], [16.5773245, 49.2774778], [16.5770487, 49.2775083], [16.5766413, 49.2774744], [16.5763001, 49.2773024], [16.5761039, 49.2771902], [16.5758762, 49.2771162], [16.5756774, 49.2770585], [16.5754238, 49.2768519], [16.5752307, 49.2765638], [16.5750057, 49.2762086], [16.5749829, 49.2761547], [16.5749197, 49.2760244], [16.5745934, 49.275541], [16.5752849, 49.2752488], [16.5758332, 49.2750422], [16.576322, 49.27486], [16.5768851, 49.2747086], [16.5771089, 49.2745855], [16.5771493, 49.2744105], [16.5773382, 49.2742423], [16.5777051, 49.2740626], [16.5775097, 49.2736753], [16.5774426, 49.273369], [16.57718, 49.273356], [16.5769452, 49.2732856], [16.5769321, 49.2729546], [16.5764206, 49.2729139], [16.5758582, 49.2728625], [16.5754435, 49.2728767], [16.5752817, 49.2726451], [16.575205, 49.2721774], [16.5750652, 49.271803], [16.5750309, 49.2714605], [16.5749749, 49.2711043], [16.5749375, 49.2709027], [16.5737429, 49.2707004], [16.5716794, 49.2703735], [16.569658, 49.2700393], [16.5694463, 49.2700031], [16.569199, 49.2707216], [16.5666129, 49.2706478], [16.5666108, 49.2710979], [16.5665864, 49.2712259], [16.5665553, 49.2713896], [16.5663495, 49.2717108], [16.5662894, 49.2718598], [16.5657273, 49.2718091], [16.5651735, 49.2717592], [16.5646116, 49.2717085], [16.5644092, 49.2715787], [16.5643746, 49.2712358], [16.5643668, 49.2709911], [16.5643605, 49.2707931], [16.5643497, 49.2707313], [16.5643343, 49.2706428], [16.5643283, 49.2706085], [16.5643101, 49.2705608], [16.564243, 49.2703845], [16.564161, 49.2702648], [16.5640965, 49.2701706], [16.5640734, 49.2701369], [16.5638723, 49.2699329], [16.5635472, 49.2697114], [16.563439, 49.2694239], [16.5632578, 49.26919], [16.5630512, 49.2690381], [16.5627882, 49.2687525], [16.5624241, 49.2686205], [16.5611991, 49.2684152], [16.5612072, 49.2680652], [16.56174, 49.2677772], [16.5623501, 49.2679768], [16.5627146, 49.2678672], [16.5625126, 49.267524], [16.5624461, 49.2674663], [16.5625289, 49.2670948], [16.5625286, 49.2669999], [16.5627081, 49.2668263], [16.5627922, 49.2667295], [16.5629541, 49.2664903], [16.5630324, 49.2663995], [16.5630635, 49.2663771], [16.5632014, 49.2663137], [16.5633031, 49.2662508], [16.563354, 49.2662229], [16.563455, 49.266141], [16.5634771, 49.2661073], [16.5631753, 49.2660051], [16.5633608, 49.265779], [16.5633898, 49.2657463], [16.5630623, 49.2655373], [16.5628204, 49.26541], [16.5626792, 49.2653496], [16.5625073, 49.2652877], [16.5619209, 49.2652767], [16.5616861, 49.2652787], [16.5611006, 49.2653605], [16.5608604, 49.2654308], [16.5606408, 49.2654882], [16.5606115, 49.2654921], [16.5605614, 49.265496], [16.5601283, 49.2655287], [16.5601033, 49.2655293], [16.5601074, 49.2655458], [16.5600115, 49.2656293], [16.5596425, 49.2656659], [16.5595255, 49.2660221], [16.5594607, 49.266059], [16.5592668, 49.2660805], [16.5589746, 49.2660566], [16.5588265, 49.2660089], [16.5585459, 49.2659439], [16.5583497, 49.2658793], [16.5589557, 49.265514], [16.5589682, 49.2654938], [16.5587563, 49.2653973], [16.5587623, 49.2653866], [16.5586907, 49.2653766], [16.5581681, 49.2653927], [16.5575098, 49.2655512], [16.5568141, 49.265723], [16.5565461, 49.265772], [16.5563203, 49.2662444], [16.5561693, 49.2663272], [16.5558783, 49.2663842], [16.5556727, 49.2663232], [16.5554637, 49.2662613], [16.5552453, 49.2661167], [16.555185, 49.265939], [16.5551586, 49.2657122], [16.5551606, 49.2656876], [16.5551534, 49.26568], [16.5549714, 49.2657058], [16.554635, 49.2657198], [16.5544951, 49.2657569], [16.5541374, 49.2658427], [16.5534672, 49.2659593], [16.5533216, 49.2658204], [16.5536389, 49.2657126], [16.554772, 49.2654125], [16.5549521, 49.2651758], [16.5552507, 49.2650145], [16.5555472, 49.2648486], [16.5563434, 49.2642865], [16.5563377, 49.2642726], [16.556201, 49.2640408], [16.5561556, 49.263952], [16.556044, 49.2637696], [16.5562136, 49.26376], [16.5565569, 49.2637675], [16.5567759, 49.2638275], [16.557205, 49.2638605], [16.5574413, 49.2639447], [16.5575051, 49.2639884], [16.5575998, 49.2641111], [16.5576393, 49.2641565], [16.5579824, 49.2641755], [16.5587775, 49.264123], [16.5590528, 49.2641149], [16.5594632, 49.2639933], [16.5599731, 49.2637937], [16.5604188, 49.263652], [16.5604772, 49.2636303], [16.5605421, 49.2636001], [16.5608497, 49.2634708], [16.5610213, 49.2626269], [16.5611071, 49.2622886], [16.5610852, 49.2620718], [16.5611889, 49.2619474], [16.5615036, 49.2617874], [16.5618099, 49.2615098], [16.5619649, 49.2612176], [16.5618931, 49.2610709], [16.5615499, 49.2609539], [16.5606407, 49.2611548], [16.5603462, 49.2611313], [16.5597306, 49.2606895], [16.5593568, 49.260406], [16.5583506, 49.260588], [16.5581502, 49.2603107], [16.5582734, 49.2601281], [16.5585541, 49.2598871], [16.559005, 49.259616], [16.5591615, 49.259522], [16.5597668, 49.2592304], [16.560029, 49.2589645], [16.5592664, 49.2586876], [16.5588821, 49.2586923], [16.5587761, 49.2587047], [16.5585231, 49.2586941], [16.5581384, 49.2587375], [16.5581872, 49.2581514], [16.5581961, 49.2579954], [16.5582217, 49.2577824], [16.5586428, 49.2569382], [16.558772, 49.2568431], [16.558718, 49.2567943], [16.5588138, 49.256732], [16.5585631, 49.2566012], [16.5582292, 49.2564221], [16.5581787, 49.2563474], [16.558127, 49.2563252], [16.5582493, 49.2557139], [16.5583603, 49.255218], [16.5584248, 49.2550755], [16.5584718, 49.2550095], [16.5585494, 49.2549424], [16.5585621, 49.2549401], [16.5593843, 49.2546009], [16.5602441, 49.2543819], [16.5607376, 49.2542457], [16.5621479, 49.2537556], [16.5621211, 49.253593], [16.5622019, 49.2535627], [16.561889, 49.2534422], [16.5613352, 49.2533971], [16.5612246, 49.2533991], [16.5603621, 49.2534011], [16.5592228, 49.2533502], [16.5591862, 49.2533516], [16.5583819, 49.2533821], [16.5579452, 49.2533904], [16.5576506, 49.2534086], [16.5572725, 49.2534369], [16.5570556, 49.2532526], [16.5563213, 49.2531586], [16.5559933, 49.2531093], [16.5554273, 49.2530884], [16.5550483, 49.2530494], [16.5548243, 49.2530303], [16.5541657, 49.2529942], [16.5538026, 49.2529222], [16.5534171, 49.252771], [16.552845, 49.252806], [16.552703, 49.2529807], [16.5525538, 49.2532578], [16.5525698, 49.253669], [16.552532, 49.2541754], [16.5525409, 49.2544996], [16.5525086, 49.255066], [16.5525404, 49.255422], [16.5525105, 49.2557177], [16.5526185, 49.2561073], [16.5528028, 49.2567189], [16.5528119, 49.25725], [16.5527205, 49.2577182], [16.5524892, 49.2583802], [16.552151, 49.2587302], [16.5520273, 49.2587634], [16.5514898, 49.2588992], [16.5512295, 49.2590131], [16.5510101, 49.2590569], [16.5499962, 49.2591918], [16.5494361, 49.259275], [16.5481759, 49.259112], [16.5472023, 49.2588617], [16.5470288, 49.2588105], [16.546336, 49.2585571], [16.5452393, 49.2576609], [16.5445166, 49.2571285], [16.5440563, 49.2570937], [16.543444, 49.2568904], [16.542789, 49.256476], [16.5425158, 49.2559092], [16.5423727, 49.2558714], [16.5421891, 49.2558151], [16.5419349, 49.255664], [16.5417058, 49.2554966], [16.5415502, 49.2552437], [16.5414597, 49.2549529], [16.5414585, 49.254406], [16.5415689, 49.254002], [16.5415739, 49.2539824], [16.5417704, 49.2535728], [16.541846, 49.2534309], [16.5420059, 49.2532792], [16.5420711, 49.2532294], [16.5425237, 49.2528919], [16.5425131, 49.2528881], [16.5423525, 49.2528061], [16.542644, 49.2525616], [16.5426618, 49.2525037], [16.5422911, 49.2523303], [16.5421905, 49.2522384], [16.5421467, 49.2522001], [16.5417895, 49.2520837], [16.5416018, 49.2519689], [16.541336, 49.25181], [16.5413396, 49.2517442], [16.5413518, 49.2512903], [16.5410685, 49.2511316], [16.5409677, 49.2510019], [16.5408015, 49.2507893], [16.5403615, 49.2506427], [16.5399972, 49.2505504], [16.5394304, 49.2506924], [16.5392991, 49.2510983], [16.5391352, 49.2515105], [16.5390251, 49.252231], [16.5390054, 49.2523987], [16.5389488, 49.2528866], [16.5388675, 49.2534477], [16.5387364, 49.2537509], [16.538662, 49.2541138], [16.5386167, 49.2544695], [16.5386426, 49.2550059], [16.5384974, 49.2553892], [16.5378717, 49.2556526], [16.5376084, 49.2556607], [16.5372233, 49.2556713], [16.5367565, 49.2557426], [16.535638, 49.2557958], [16.5351277, 49.2556917], [16.5346283, 49.2555199], [16.533727, 49.2554204], [16.5336554, 49.2553338], [16.5331816, 49.2553648], [16.5329243, 49.2553391], [16.532259, 49.2550569], [16.5321393, 49.2550006], [16.5319936, 49.2549175], [16.5317917, 49.2547469], [16.5316555, 49.2545138], [16.5315258, 49.254417], [16.5314451, 49.2543831], [16.5315383, 49.254212], [16.5315029, 49.2539397], [16.5309169, 49.2536525], [16.5310092, 49.2534218], [16.5311762, 49.2531155], [16.5309891, 49.2529798], [16.5313114, 49.2525947], [16.5314989, 49.2528071], [16.5316706, 49.2527479], [16.531975, 49.2524565], [16.5319851, 49.2522541], [16.5315769, 49.2520039], [16.5310173, 49.251886], [16.5299087, 49.2516175], [16.5292691, 49.2512557], [16.5289478, 49.2512233], [16.5286623, 49.2511581], [16.5281736, 49.2509515], [16.5280373, 49.2508406], [16.5280955, 49.2507278], [16.5283314, 49.2505938], [16.5287302, 49.2505578], [16.5288215, 49.250525], [16.5289472, 49.2503325], [16.5289235, 49.250279], [16.5290016, 49.2500217], [16.5290851, 49.2499242], [16.5291799, 49.2498897], [16.5295239, 49.2496974], [16.5296166, 49.2495606], [16.5295682, 49.2493289], [16.5296672, 49.249202], [16.5297618, 49.2489593], [16.5299034, 49.2488336], [16.5303771, 49.2487347], [16.530684, 49.2485904], [16.5308742, 49.2484336], [16.5309386, 49.2483355], [16.5310655, 49.248003], [16.5311977, 49.2478284], [16.531336, 49.2476653], [16.5309851, 49.2473218], [16.5309568, 49.2470963], [16.53113, 49.2469267], [16.5311851, 49.2467154], [16.5311717, 49.2465645], [16.5310161, 49.2464444], [16.5310949, 49.2461948], [16.5311787, 49.2457438], [16.5310621, 49.2455481], [16.5311957, 49.2453698], [16.531382, 49.2452952], [16.5314895, 49.2451223], [16.531445, 49.2448713], [16.5317155, 49.2447777], [16.5317419, 49.2446851], [16.5321169, 49.2445077], [16.532671, 49.2440657], [16.5328884, 49.2440288], [16.5330227, 49.2441606], [16.5333188, 49.2442219], [16.5334264, 49.2440976], [16.5335836, 49.2441006], [16.533734, 49.2439192], [16.5339829, 49.2438748], [16.5339901, 49.2437223], [16.5341144, 49.2436527], [16.5341618, 49.2434188], [16.5340407, 49.2434388], [16.5339183, 49.2433773], [16.5341471, 49.2430627], [16.5342029, 49.2429369], [16.5342137, 49.2428612], [16.5342713, 49.2427644], [16.5342966, 49.2425571], [16.5343946, 49.2424787], [16.5344855, 49.2423287], [16.5346353, 49.2421852], [16.5346343, 49.2420989], [16.5343607, 49.2418397], [16.5343433, 49.2418567], [16.534187, 49.2418101], [16.5339212, 49.2418646], [16.533695, 49.241807], [16.533675, 49.2416277], [16.5333998, 49.2413685], [16.5332877, 49.2413455], [16.5332194, 49.2414961], [16.533089, 49.2415922], [16.5328082, 49.2412958], [16.5324067, 49.2411545], [16.5320954, 49.2416665], [16.5319005, 49.2417262], [16.5318301, 49.2416819], [16.5315906, 49.2415801], [16.5311846, 49.2414158], [16.5306931, 49.2412537], [16.5303625, 49.2411484], [16.5301569, 49.2410907], [16.5300275, 49.2411914], [16.5297414, 49.2413701], [16.5292725, 49.2412955], [16.5291067, 49.2412842], [16.5289516, 49.2412276], [16.5287919, 49.2411949], [16.5285872, 49.2411722], [16.5283418, 49.2411812], [16.5280999, 49.2411929], [16.5278336, 49.2411932], [16.5278026, 49.2413811], [16.5277291, 49.2413178], [16.5276225, 49.2412704], [16.5275241, 49.2412464], [16.5273672, 49.241229], [16.5271344, 49.2412113], [16.5267846, 49.2411822], [16.5265219, 49.2411576], [16.5263624, 49.2411448], [16.5259207, 49.241164], [16.5258767, 49.2411677], [16.5259089, 49.2412504], [16.5260223, 49.2414858], [16.5260682, 49.2416492], [16.5260732, 49.2417455], [16.5252922, 49.2418919], [16.5250317, 49.2419471], [16.5247687, 49.2419971], [16.5244955, 49.2420282], [16.5242373, 49.2420842], [16.5239756, 49.2421349], [16.5238073, 49.2421763], [16.5235142, 49.2422357], [16.5232584, 49.2422998], [16.5227596, 49.2424359], [16.5225202, 49.2425174], [16.5222704, 49.2425917], [16.5220085, 49.242647], [16.5217515, 49.2427108], [16.5215053, 49.242792], [16.521244, 49.2428481], [16.520977, 49.2428876], [16.5207073, 49.2429194], [16.5204407, 49.242961], [16.5201668, 49.24298], [16.5198919, 49.2430046], [16.5196194, 49.2430084], [16.519346, 49.2430092], [16.5190667, 49.2430236], [16.5188279, 49.2430264], [16.5171952, 49.2433045], [16.5170974, 49.2433211], [16.5170009, 49.2433377], [16.5171216, 49.2434989], [16.5171882, 49.2436729], [16.5172494, 49.2438491], [16.5173851, 49.2441968], [16.5174589, 49.2444284], [16.5188044, 49.2467107], [16.5178768, 49.2464916], [16.5160377, 49.2474089], [16.5159081, 49.2479838], [16.5134081, 49.2484555], [16.5129907, 49.2485693], [16.5108926, 49.2492716], [16.5102993, 49.249467], [16.5101106, 49.2495249], [16.5104657, 49.2499364], [16.5101058, 49.2506628], [16.5100167, 49.2507881], [16.5099159, 49.2508862], [16.5093155, 49.2513229], [16.5090791, 49.2515309], [16.5088646, 49.2516816], [16.5084133, 49.2519651], [16.5081199, 49.2522137], [16.5079067, 49.2523912], [16.5076039, 49.2525822], [16.5073707, 49.2528258], [16.507378, 49.2528669], [16.5072428, 49.2530325], [16.5070643, 49.253223], [16.5068669, 49.2533895], [16.506823, 49.25342], [16.5066104, 49.2535567], [16.5064198, 49.2536861], [16.5063489, 49.253725], [16.5059559, 49.2539697], [16.5058414, 49.2540436], [16.505267, 49.25432], [16.5050677, 49.2544214], [16.5047139, 49.2546265], [16.5043106, 49.2548445], [16.5038916, 49.2550031], [16.5029274, 49.2552788], [16.5028193, 49.2553311], [16.5025968, 49.2554938], [16.5025456, 49.2555651], [16.5024969, 49.2558608], [16.5023624, 49.2561524], [16.5023157, 49.2563599], [16.5018984, 49.2568847], [16.5022908, 49.2574798], [16.5025308, 49.2578577], [16.5027143, 49.2581365], [16.5027314, 49.2581463], [16.504619, 49.2591874], [16.5045623, 49.2593694], [16.5047266, 49.2595941], [16.5048139, 49.2597052], [16.5048744, 49.2599695], [16.5048641, 49.2601915], [16.5047393, 49.2603795], [16.5050552, 49.261104], [16.5055007, 49.2609897], [16.505275, 49.2605913], [16.5052656, 49.2604459], [16.5052507, 49.2603436], [16.5053701, 49.2600749], [16.5055337, 49.260044], [16.5061367, 49.2601856], [16.5064457, 49.2603311], [16.5066048, 49.2603881], [16.5068982, 49.2605312], [16.5073158, 49.2608425], [16.5073323, 49.2610217], [16.5073543, 49.2612171], [16.5074092, 49.2613775], [16.5076683, 49.2617144], [16.5078051, 49.261998], [16.5081102, 49.2624959], [16.5082295, 49.2630719], [16.5082881, 49.2633333], [16.5083163, 49.2634822], [16.507731, 49.2638475], [16.5075915, 49.2639294], [16.5067966, 49.2644506], [16.5056944, 49.2651512], [16.5055689, 49.265236], [16.5048845, 49.2656675], [16.5041563, 49.2661222], [16.501849, 49.2676113], [16.5011096, 49.268086], [16.5001892, 49.2686478], [16.4985767, 49.2696973], [16.4978247, 49.2701817], [16.4965184, 49.2710107], [16.4955882, 49.2715982], [16.4952653, 49.2717927], [16.4937466, 49.2705644], [16.4935088, 49.2706403], [16.4932816, 49.2708541], [16.4929292, 49.2709396], [16.4926484, 49.2709169], [16.4924639, 49.2709952], [16.4923601, 49.2709561], [16.4922488, 49.2710065], [16.4920999, 49.2709713], [16.4916007, 49.2712361], [16.4915719, 49.2713645], [16.4913225, 49.2713546], [16.4913224, 49.2714776], [16.4911151, 49.2714707], [16.4910378, 49.2715802], [16.4907692, 49.2715298], [16.4906851, 49.2716586], [16.4905397, 49.2715973], [16.4904434, 49.2717199], [16.4902199, 49.2718048], [16.4897532, 49.2719693], [16.4895446, 49.2721399], [16.489239, 49.2722642], [16.4886845, 49.2724639], [16.4884457, 49.2725443], [16.4883179, 49.2725167], [16.4880737, 49.2727013], [16.4877873, 49.2730422], [16.4876995, 49.2732331], [16.4879676, 49.2737164], [16.4880176, 49.274159], [16.4880259, 49.274487], [16.4880527, 49.2746914], [16.488067, 49.2748272], [16.4878713, 49.2753478], [16.487769, 49.275635], [16.4876107, 49.275782], [16.4874615, 49.2759283], [16.487296, 49.2760744], [16.4870107, 49.2763571], [16.4869425, 49.2764423], [16.4867284, 49.2763571], [16.4864652, 49.2766867], [16.4863064, 49.2770048], [16.4858251, 49.2774081], [16.4853207, 49.2774165], [16.48445, 49.2774879], [16.4838133, 49.2775165], [16.4835369, 49.2774927], [16.4831354, 49.277552], [16.4828276, 49.277677], [16.4816883, 49.2779322], [16.4811177, 49.2780664], [16.4805829, 49.2781598], [16.4803667, 49.2783048], [16.4802464, 49.2783294], [16.4798782, 49.2784092], [16.4787432, 49.2786618], [16.479017, 49.2784488], [16.4792413, 49.2780715], [16.4790161, 49.2780145], [16.4786191, 49.2779777], [16.4780694, 49.2778786], [16.4773298, 49.2777028], [16.4771613, 49.2776729], [16.4769603, 49.2776323], [16.4764129, 49.2776083], [16.4760004, 49.2775485], [16.4750213, 49.2772282], [16.4747418, 49.2771158], [16.4745813, 49.2770129], [16.4740512, 49.2765286], [16.4737593, 49.2763399], [16.4734832, 49.2763573], [16.4725687, 49.276876], [16.4720121, 49.2773259], [16.4717096, 49.2776731], [16.4714106, 49.2779531], [16.4713382, 49.2779864], [16.4709674, 49.2781896], [16.4705376, 49.2784662], [16.4701909, 49.2786894], [16.4698809, 49.2788244], [16.4695336, 49.2790312], [16.4693335, 49.2791573], [16.4689748, 49.2794129], [16.468781, 49.2795289], [16.4680831, 49.2797367], [16.4673785, 49.2799964], [16.4670566, 49.2802251], [16.4666761, 49.2806083], [16.4663815, 49.2807268], [16.4657774, 49.2808932], [16.4656474, 49.2809311], [16.4652728, 49.2811422], [16.4650894, 49.2813022], [16.4648879, 49.2815728], [16.4645849, 49.2818447], [16.4645092, 49.2819592], [16.4644906, 49.2819519], [16.4643966, 49.2821835], [16.4643641, 49.28225], [16.4642858, 49.2823701], [16.4641771, 49.2824802], [16.4640513, 49.2825937], [16.463948, 49.2826706], [16.4638917, 49.282705], [16.4636802, 49.2828073], [16.4634694, 49.2827695], [16.4633462, 49.2827585], [16.463101, 49.2827464], [16.4627164, 49.2827019], [16.4623588, 49.2823098], [16.4623785, 49.2823012], [16.462653, 49.2821995], [16.4627667, 49.2821506], [16.4628625, 49.2820973], [16.4629735, 49.2820163], [16.4629142, 49.2819363], [16.4627213, 49.2816851], [16.4625257, 49.2815339], [16.4624001, 49.2813914], [16.4622746, 49.2811437], [16.4623598, 49.2810683], [16.4623171, 49.2809444], [16.4623846, 49.2808662], [16.4621746, 49.2806573], [16.4619875, 49.280723], [16.4617907, 49.2808889], [16.4616706, 49.2809674], [16.4616172, 49.2809784], [16.4613136, 49.2811033], [16.4613086, 49.2805409], [16.4616284, 49.2802556], [16.4614514, 49.2800321], [16.4612708, 49.2799832], [16.4607143, 49.2799562], [16.4604441, 49.2799349], [16.4603328, 49.279898], [16.4600839, 49.2798402], [16.4601475, 49.2797091], [16.4603042, 49.2794598], [16.460193, 49.2793417], [16.4600193, 49.2792651], [16.4599297, 49.2792284], [16.4598012, 49.2791642], [16.4597579, 49.2791487], [16.459714, 49.2791297], [16.4596647, 49.2791486], [16.4587603, 49.2794554], [16.4585863, 49.2793723], [16.4585704, 49.2793746], [16.4585597, 49.2793307], [16.4584959, 49.2792311], [16.4584938, 49.2792175], [16.4584561, 49.2791143], [16.4584341, 49.2790237], [16.4583659, 49.2788158], [16.4582764, 49.2786459], [16.4582304, 49.2784408], [16.4581516, 49.2782536], [16.4580698, 49.2781085], [16.4579789, 49.2780104], [16.4579683, 49.2779562], [16.4579451, 49.2779131], [16.4577936, 49.2780025], [16.4579828, 49.2788474], [16.457514, 49.2788123], [16.4572907, 49.2788098], [16.4572098, 49.2788172], [16.4571783, 49.2788171], [16.4572016, 49.2786383], [16.4570457, 49.2785386], [16.4566, 49.2784287], [16.4566129, 49.278314], [16.45666, 49.2779771], [16.4567415, 49.277703], [16.456741, 49.2775665], [16.4566833, 49.2774386], [16.4565591, 49.2773222], [16.4563529, 49.2771966], [16.4563193, 49.2771694], [16.4561487, 49.2771134], [16.4559398, 49.2770818], [16.455242, 49.2770776], [16.4551218, 49.2770642], [16.4549646, 49.2770077], [16.4547902, 49.2769011], [16.4547712, 49.2769073], [16.4543445, 49.2765031], [16.4543419, 49.2764909], [16.4543203, 49.2764664], [16.4542985, 49.2764493], [16.4542064, 49.2763692], [16.4544118, 49.2762696], [16.4547825, 49.2760652], [16.454622, 49.2759481], [16.4545751, 49.2758423], [16.4549814, 49.2755667], [16.4551013, 49.2753993], [16.4551424, 49.2752367], [16.4551084, 49.275058], [16.455014, 49.2748537], [16.4548284, 49.2746278], [16.4545335, 49.274389], [16.4539225, 49.2740365], [16.4537906, 49.2739541], [16.4534268, 49.273747], [16.453388, 49.2737216], [16.4530317, 49.2735173], [16.4521366, 49.2730253], [16.4516089, 49.2727034], [16.4512831, 49.2725126], [16.4508558, 49.2722663], [16.4507477, 49.2722477], [16.4507465, 49.2721922], [16.4507722, 49.2720945], [16.4507851, 49.2720278], [16.4507767, 49.2718469], [16.4508026, 49.2712196], [16.4508174, 49.2711412], [16.4508509, 49.2709299], [16.4509102, 49.2707222], [16.4509713, 49.2701499], [16.4509547, 49.269895], [16.4508701, 49.2696527], [16.4508431, 49.2694461], [16.4508048, 49.2690503], [16.4508202, 49.268822], [16.4508453, 49.2686017], [16.4509322, 49.2684429], [16.4511809, 49.2681484], [16.4516346, 49.2675866], [16.4515903, 49.2675735], [16.4514724, 49.2675271], [16.4512122, 49.2674309], [16.4511165, 49.2674312], [16.4509304, 49.2673607], [16.4508209, 49.2673467], [16.450704, 49.2672201], [16.4505326, 49.2671136], [16.4504286, 49.2670183], [16.4502676, 49.2668671], [16.4502072, 49.2667882], [16.4500802, 49.2666584], [16.4499242, 49.266545], [16.4498434, 49.2665077], [16.4496117, 49.2663932], [16.4493078, 49.2662535], [16.4491856, 49.2661896], [16.4489747, 49.2661772], [16.448901, 49.2661707], [16.448894, 49.2661725], [16.4486992, 49.2661531], [16.4486678, 49.2661479], [16.448615, 49.2661447], [16.4484151, 49.2661216], [16.4480939, 49.2660428], [16.447927, 49.2659952], [16.4478016, 49.2659446], [16.4476425, 49.2658173], [16.447582, 49.2657281], [16.4475114, 49.2656721], [16.4474185, 49.2656739], [16.4472991, 49.2656812], [16.4471266, 49.265635], [16.4470866, 49.265566], [16.4470807, 49.2652287], [16.4471209, 49.2651463], [16.4471766, 49.2649271], [16.4472662, 49.2645058], [16.4473047, 49.2640686], [16.4473107, 49.2639689], [16.4472857, 49.263866], [16.4472877, 49.26376], [16.4473126, 49.2637138], [16.4473895, 49.2637094], [16.447388, 49.2636824], [16.4473366, 49.2635049], [16.4470266, 49.2623754], [16.4469711, 49.2623352], [16.4467127, 49.262102], [16.4465125, 49.261866], [16.4463996, 49.2617544], [16.446333, 49.2616921], [16.4463312, 49.2616417], [16.4467711, 49.2613973], [16.4470153, 49.2612824], [16.4475909, 49.2610313], [16.4476216, 49.2610161], [16.4478299, 49.2610104], [16.4480156, 49.2608844], [16.4481092, 49.2607391], [16.4482927, 49.2606098], [16.4483916, 49.2605533], [16.4485543, 49.2606067], [16.4486561, 49.2604521], [16.4488275, 49.2603127], [16.4489435, 49.2601918], [16.4490433, 49.2600663], [16.4490554, 49.2599118], [16.4489815, 49.2596636], [16.4489434, 49.2594419], [16.4489306, 49.2593053], [16.4490407, 49.2591357], [16.4491654, 49.2590275], [16.44927, 49.2589653], [16.4496757, 49.2589177], [16.4499283, 49.2587499], [16.4501006, 49.2586319], [16.450258, 49.2585073], [16.4504199, 49.2583666], [16.4504362, 49.2583471], [16.4505537, 49.2581739], [16.4505754, 49.2572577], [16.4505891, 49.2568169], [16.4507081, 49.2567647], [16.4505081, 49.2565923], [16.4503679, 49.2564218], [16.4502248, 49.2561933], [16.4502427, 49.2559625], [16.4503497, 49.2557568], [16.4508967, 49.2554779], [16.4512142, 49.2552801], [16.4514869, 49.2550631], [16.4519821, 49.2547356], [16.4522029, 49.2546231], [16.4523143, 49.2545687], [16.4526735, 49.2544299], [16.4529573, 49.2543617], [16.4531138, 49.254335], [16.4528657, 49.2541914], [16.453423, 49.2540848], [16.4540538, 49.2539795], [16.4542858, 49.253932], [16.4545141, 49.2538529], [16.4546624, 49.2537787], [16.4548269, 49.2536765], [16.4548905, 49.2535715], [16.4549318, 49.2534695], [16.4549533, 49.253355], [16.4549187, 49.253212], [16.4548556, 49.25308], [16.4547627, 49.2529696], [16.454636, 49.2528625], [16.4544713, 49.252785], [16.4542964, 49.2527401], [16.4540253, 49.252711], [16.453748, 49.252716], [16.4535493, 49.2527514], [16.4532742, 49.2528201], [16.4529055, 49.2528814], [16.4523758, 49.2530252], [16.4519159, 49.2530853], [16.4515674, 49.2531272], [16.4511546, 49.2531675], [16.4509565, 49.2532278], [16.4505451, 49.2532921], [16.4502789, 49.2533085], [16.4500481, 49.2532899], [16.4497473, 49.2531947], [16.4495393, 49.2531063], [16.4493202, 49.2529184], [16.449308, 49.2528489], [16.4492775, 49.2527746], [16.4491481, 49.2526734], [16.449071, 49.2525686], [16.449, 49.2524085], [16.4489652, 49.2522327], [16.4489245, 49.2520866], [16.4488452, 49.2520419], [16.4487046, 49.251992], [16.4487849, 49.2519059], [16.4488506, 49.2518417], [16.4488918, 49.2517963], [16.4491031, 49.2518308], [16.4492554, 49.2517876], [16.449484, 49.251674], [16.4497211, 49.2515694], [16.4501013, 49.2514438], [16.4502271, 49.2513987], [16.4506422, 49.2512921], [16.4508476, 49.251269], [16.4516567, 49.2510702], [16.4517043, 49.2510746], [16.4517405, 49.2510609], [16.4520441, 49.2510592], [16.4524299, 49.2510496], [16.4527367, 49.2510582], [16.4529308, 49.25107], [16.4531229, 49.2510995], [16.4535411, 49.2511915], [16.454073, 49.2513225], [16.4541984, 49.2511793], [16.4542116, 49.25116], [16.4542465, 49.251124], [16.4542745, 49.2511042], [16.4525923, 49.2505225], [16.4521406, 49.2503209], [16.4518502, 49.2501434], [16.4515518, 49.2499149], [16.4513305, 49.2495335], [16.4511521, 49.2492949], [16.4506347, 49.2488985], [16.450351, 49.2486403], [16.4497513, 49.2482912], [16.4490345, 49.2479676], [16.4488021, 49.247836], [16.4486603, 49.2477155], [16.448555, 49.2475606], [16.4483951, 49.246896], [16.4482724, 49.2464824], [16.4481479, 49.2461334], [16.4481076, 49.2460763], [16.4479133, 49.2458337], [16.4476974, 49.2455247], [16.4472727, 49.2448285], [16.4472245, 49.2448326], [16.4466141, 49.2446769], [16.4462991, 49.2447296], [16.4459969, 49.2448133], [16.4459711, 49.2447755], [16.4457548, 49.2437575], [16.4454625, 49.2426246], [16.4447772, 49.2420777], [16.444844, 49.2420048], [16.4453298, 49.2416907], [16.4452604, 49.2414899], [16.4451257, 49.2413317], [16.4450716, 49.2412353], [16.4450896, 49.2410695], [16.4451489, 49.2409987], [16.4452805, 49.2409339], [16.4452268, 49.2405586], [16.4451795, 49.2404291], [16.4448644, 49.2401711], [16.4447649, 49.2401097], [16.4444312, 49.2400599], [16.444283, 49.2400019], [16.444095, 49.2397505], [16.4440793, 49.2396254], [16.4441479, 49.2395111], [16.4442003, 49.2391899], [16.4439285, 49.2390641], [16.443859, 49.2390677], [16.443818, 49.2389535], [16.4437708, 49.2388798], [16.4437272, 49.2388216], [16.4435151, 49.2385867], [16.4432871, 49.2384894], [16.4430962, 49.2383917], [16.4428863, 49.2381817], [16.4426108, 49.2379643], [16.4425466, 49.2378568], [16.4424399, 49.23766], [16.4423754, 49.2374353], [16.4422767, 49.2371603], [16.4420648, 49.2369411], [16.441658, 49.2365805], [16.4414545, 49.2363788], [16.4412839, 49.2362835], [16.4405057, 49.2357464], [16.4401419, 49.2354656], [16.4399466, 49.2352187], [16.4393141, 49.235518], [16.4388637, 49.2352494], [16.4383185, 49.2348352], [16.4381469, 49.2347631], [16.437796, 49.234763], [16.4375871, 49.2347606], [16.4374335, 49.2347332], [16.4370383, 49.2347092], [16.4368009, 49.2346667], [16.436736, 49.2345923], [16.436646, 49.2345858], [16.4365279, 49.2346306], [16.4364238, 49.2346249], [16.4353286, 49.2358418], [16.4349658, 49.2356738], [16.4346296, 49.2354842], [16.434264, 49.235289], [16.4337888, 49.2351216], [16.4334183, 49.2349557], [16.432706, 49.2346568], [16.4330733, 49.2345718], [16.434102, 49.2343147], [16.4350996, 49.2340233], [16.4359956, 49.2338629], [16.4369671, 49.2337865], [16.4375128, 49.2337201], [16.4380713, 49.2336355], [16.4389013, 49.2334667], [16.4398366, 49.23333], [16.4397194, 49.2318959], [16.4392904, 49.2316341], [16.4389355, 49.2314896], [16.4386615, 49.2313005], [16.438412, 49.2311752], [16.436224, 49.231705], [16.4353031, 49.2301491], [16.4353818, 49.2301598], [16.4355224, 49.2297144], [16.4355733, 49.2294408], [16.4356291, 49.2292981], [16.4356357, 49.229245], [16.4356535, 49.2291363], [16.4358524, 49.2288945], [16.4361085, 49.2286876], [16.4365549, 49.228842], [16.4368146, 49.2286896], [16.4369208, 49.2287175], [16.4372045, 49.2285007], [16.4373577, 49.2283271], [16.4375143, 49.22789], [16.4376604, 49.2276729], [16.4376928, 49.2275495], [16.4373935, 49.2268994], [16.4371199, 49.2268205], [16.4369022, 49.2268197], [16.4367102, 49.2267746], [16.4362707, 49.2267736], [16.4359363, 49.226746], [16.4357327, 49.226702], [16.4355089, 49.2266102], [16.4354532, 49.2265069], [16.4353531, 49.2264657], [16.4352213, 49.2262118], [16.4346641, 49.2259452], [16.4344976, 49.2257703], [16.4344127, 49.2257069], [16.4345715, 49.2257163], [16.4345177, 49.2256766], [16.4343023, 49.2255001], [16.43374, 49.2250624], [16.4329959, 49.2245059], [16.4329143, 49.2244376], [16.4328094, 49.2243346], [16.4326838, 49.2242059], [16.4326384, 49.224153], [16.4325884, 49.2241048], [16.4325736, 49.2238176], [16.4326274, 49.2234391], [16.4326976, 49.2231143], [16.4318405, 49.2233215], [16.4321678, 49.2227466], [16.4328301, 49.2217689], [16.4330155, 49.2214879], [16.4329659, 49.2214445], [16.4328956, 49.221397], [16.4319118, 49.2208431], [16.4316123, 49.220677], [16.4305476, 49.220191], [16.4304895, 49.2200789], [16.4298256, 49.2190247], [16.4297387, 49.2188807], [16.4297092, 49.2188503], [16.4296518, 49.2186919], [16.4295762, 49.2185636], [16.4295197, 49.2184783], [16.4293885, 49.2183352], [16.4292908, 49.2181348], [16.4291736, 49.2179986], [16.4287485, 49.2174469], [16.4286405, 49.2173001], [16.4279898, 49.2166657]]]}}, {"type": "Feature", "properties": {"name": "Ostrava"}, "geometry": {"type": "Polygon", "coordinates": [[[18.098411, 49.8301354], [18.0984931, 49.8300633], [18.0984822, 49.8299725], [18.0987549, 49.8299074], [18.0984721, 49.8297882], [18.0987336, 49.8297369], [18.0989527, 49.8297482], [18.0991527, 49.8297112], [18.099269, 49.8296896], [18.0994591, 49.8296504], [18.0996139, 49.8295908], [18.0997801, 49.8295785], [18.0998129, 49.8296141], [18.1002824, 49.8296859], [18.1009972, 49.8299156], [18.1011494, 49.830006], [18.1012044, 49.8299965], [18.1014466, 49.8301733], [18.101446, 49.8302181], [18.1015623, 49.8303167], [18.1016299, 49.8306058], [18.1015723, 49.8307503], [18.1016006, 49.8307925], [18.101599, 49.8308531], [18.1016301, 49.8309791], [18.1017157, 49.8310627], [18.1018089, 49.8311539], [18.1021868, 49.8311911], [18.1022643, 49.8312841], [18.1023871, 49.8313046], [18.1026399, 49.8312146], [18.1028344, 49.8313442], [18.1031358, 49.8313383], [18.1034127, 49.8312455], [18.1036698, 49.8312625], [18.1039881, 49.8312302], [18.1042226, 49.8313427], [18.1045524, 49.8314122], [18.1051533, 49.8313885], [18.1054656, 49.8313347], [18.1058545, 49.8313903], [18.1061679, 49.8314114], [18.1064567, 49.8314352], [18.1069849, 49.8314212], [18.1070902, 49.8313911], [18.1073591, 49.8314307], [18.1077765, 49.8313943], [18.1084516, 49.8312631], [18.1085732, 49.8312767], [18.1086095, 49.8312786], [18.1088709, 49.831272], [18.1089859, 49.8312791], [18.109089, 49.8312145], [18.109178, 49.8312058], [18.1093165, 49.8311887], [18.1099598, 49.831116], [18.1101422, 49.830993], [18.110451, 49.8310366], [18.1104561, 49.8310741], [18.1106986, 49.8311612], [18.1108587, 49.8311843], [18.1109013, 49.8311794], [18.1110319, 49.8310242], [18.1111503, 49.8309764], [18.1116347, 49.8310116], [18.1118824, 49.830962], [18.1122, 49.8309229], [18.1125326, 49.8308349], [18.1125008, 49.830655], [18.1125699, 49.8306297], [18.1127074, 49.8306716], [18.1131357, 49.8306452], [18.1132386, 49.8306753], [18.1132251, 49.8308188], [18.1133682, 49.8308236], [18.113465, 49.8306318], [18.1137234, 49.8306315], [18.1138915, 49.8307081], [18.1138726, 49.8308634], [18.1138733, 49.8309424], [18.1139769, 49.8310167], [18.1142782, 49.8310601], [18.1141511, 49.8328443], [18.1149697, 49.8328668], [18.1150404, 49.8329677], [18.1150911, 49.8330677], [18.1152834, 49.8332184], [18.1153804, 49.8332984], [18.1157812, 49.833638], [18.1162051, 49.8339393], [18.116549, 49.8338442], [18.116814, 49.8337764], [18.1171598, 49.8337125], [18.1174161, 49.8336838], [18.117693, 49.8336783], [18.1177765, 49.8336853], [18.1179951, 49.8337192], [18.1180576, 49.8337263], [18.1182954, 49.8337672], [18.1184799, 49.8338277], [18.1186587, 49.8338989], [18.1187804, 49.8339624], [18.1188285, 49.8339893], [18.1189173, 49.8340423], [18.1190656, 49.8341635], [18.1191083, 49.834217], [18.119649, 49.8343536], [18.1200682, 49.8344649], [18.1201305, 49.8344848], [18.1206528, 49.834641], [18.1207999, 49.8346766], [18.1217576, 49.8349328], [18.1222455, 49.8350897], [18.1227732, 49.835248], [18.1229016, 49.8352716], [18.1232769, 49.8352925], [18.1235374, 49.8353168], [18.123631, 49.8353202], [18.1245398, 49.8353329], [18.1249543, 49.8353009], [18.1256828, 49.8353293], [18.1259977, 49.8352386], [18.1264468, 49.8351863], [18.1268067, 49.8351784], [18.1272202, 49.8351495], [18.128965, 49.8349644], [18.1306266, 49.8347206], [18.1331263, 49.8343333], [18.1341309, 49.8342166], [18.1349796, 49.8341236], [18.1352783, 49.8340909], [18.1351974, 49.8340369], [18.1350752, 49.8336978], [18.1350809, 49.8335476], [18.1354353, 49.8327938], [18.1351485, 49.8321685], [18.1357337, 49.8321051], [18.1361523, 49.8320034], [18.1371136, 49.8316408], [18.137251, 49.8314411], [18.1374912, 49.8309457], [18.1369956, 49.8302751], [18.1366001, 49.8296706], [18.1363934, 49.8292073], [18.1360365, 49.8291202], [18.1357322, 49.8292405], [18.1353259, 49.8285265], [18.1360488, 49.8273692], [18.1360476, 49.8272907], [18.135889, 49.8267255], [18.1356586, 49.826355], [18.1358825, 49.826333], [18.1360721, 49.8263093], [18.1362762, 49.826276], [18.1369353, 49.8260956], [18.1372233, 49.8260393], [18.1375854, 49.8259606], [18.1383177, 49.8257686], [18.1387218, 49.8256668], [18.1391801, 49.8255557], [18.1403289, 49.8252574], [18.1408222, 49.8251933], [18.1411763, 49.8251621], [18.1415834, 49.8250202], [18.141655, 49.8250283], [18.1419181, 49.8250155], [18.1418827, 49.8249473], [18.1415412, 49.8241228], [18.1412992, 49.8237009], [18.1408292, 49.8229229], [18.141039, 49.8229588], [18.1409996, 49.8228511], [18.1409429, 49.82278], [18.1408716, 49.8224775], [18.140762, 49.8221651], [18.1404056, 49.8211209], [18.1403186, 49.8206358], [18.14027, 49.8200385], [18.1398405, 49.8192089], [18.1396812, 49.8190379], [18.1397009, 49.818901], [18.1396366, 49.8185537], [18.1394187, 49.8181387], [18.1394882, 49.8178419], [18.1393137, 49.8176382], [18.1394961, 49.8171446], [18.1392481, 49.8166433], [18.1392674, 49.8163268], [18.13918, 49.8159957], [18.1390502, 49.8156971], [18.1386234, 49.8152896], [18.1382321, 49.8146961], [18.1377797, 49.8138448], [18.1375572, 49.813421], [18.1372939, 49.8131668], [18.1371642, 49.8130904], [18.1370286, 49.8130402], [18.1358852, 49.8121636], [18.1350186, 49.8114762], [18.1348953, 49.8113387], [18.1348195, 49.8110956], [18.1347866, 49.8106222], [18.1347081, 49.8103784], [18.1343784, 49.8099137], [18.1343073, 49.8097129], [18.1343209, 49.8094139], [18.1344643, 49.8088853], [18.134551, 49.8086724], [18.1347997, 49.8082226], [18.1348968, 49.8080324], [18.1349095, 49.8079121], [18.1349953, 49.8078889], [18.1351581, 49.8077829], [18.1364675, 49.8077343], [18.1379274, 49.8076145], [18.1380908, 49.8076015], [18.138347, 49.8075799], [18.1384258, 49.8075742], [18.1386133, 49.8074935], [18.1395242, 49.8071075], [18.1405981, 49.8066895], [18.1414452, 49.8065406], [18.1419555, 49.8064171], [18.1422671, 49.8063371], [18.1430721, 49.806132], [18.1434017, 49.8060306], [18.1447179, 49.8058532], [18.1452824, 49.8057537], [18.1463451, 49.8056981], [18.1471665, 49.8056218], [18.1480905, 49.805627], [18.1489858, 49.8058912], [18.1492064, 49.8059551], [18.1500612, 49.8060359], [18.150629, 49.806102], [18.1507818, 49.8061156], [18.1514005, 49.8061755], [18.1522044, 49.806291], [18.1522953, 49.8062389], [18.1522393, 49.8059879], [18.1518509, 49.8048742], [18.151254, 49.8033795], [18.151116, 49.8031039], [18.1510582, 49.8028613], [18.1510138, 49.8026225], [18.1509682, 49.8024729], [18.1507469, 49.8019534], [18.1501761, 49.800747], [18.1498545, 49.800125], [18.1482868, 49.7971659], [18.1480548, 49.7967047], [18.148506, 49.7962742], [18.1482631, 49.795524], [18.14788, 49.7945457], [18.1475866, 49.7944503], [18.1470332, 49.7942819], [18.1469654, 49.7940492], [18.1467924, 49.7938048], [18.146642, 49.7934734], [18.14634, 49.7928591], [18.1460666, 49.7922508], [18.1460355, 49.7924102], [18.1459515, 49.7922416], [18.1458636, 49.7920126], [18.1458243, 49.7916518], [18.1457733, 49.7916332], [18.1449459, 49.7898352], [18.1448102, 49.7894665], [18.1447474, 49.7892818], [18.1447306, 49.7892266], [18.1447294, 49.7892254], [18.144702, 49.7891323], [18.1446833, 49.7890707], [18.1445705, 49.7887168], [18.1444425, 49.788209], [18.1442937, 49.7875589], [18.1442061, 49.7869266], [18.1441635, 49.7864569], [18.1441263, 49.7859013], [18.1440894, 49.7853296], [18.1440234, 49.7853644], [18.144064, 49.7850451], [18.1440539, 49.7848379], [18.1440705, 49.7848175], [18.1441033, 49.7846833], [18.1441064, 49.7845479], [18.1441088, 49.7843882], [18.1441242, 49.7842166], [18.1445408, 49.7841326], [18.1445665, 49.7840107], [18.144566, 49.7839906], [18.1445671, 49.7839889], [18.1445645, 49.7838897], [18.1445751, 49.7838762], [18.1446323, 49.7837672], [18.1447492, 49.7836767], [18.1448877, 49.7836304], [18.1450539, 49.783593], [18.1451169, 49.7835497], [18.1451945, 49.7832899], [18.1452298, 49.7832388], [18.1452334, 49.7831683], [18.1452634, 49.7828469], [18.1452705, 49.782788], [18.1453205, 49.7823467], [18.145306, 49.7818477], [18.1453437, 49.7815983], [18.1453696, 49.7815378], [18.1453593, 49.7812737], [18.1453169, 49.7809422], [18.1453153, 49.7809201], [18.1452169, 49.7806121], [18.144775, 49.7798339], [18.1448074, 49.7798237], [18.1450959, 49.7797534], [18.145425, 49.7796706], [18.1450314, 49.7790899], [18.1440808, 49.7779073], [18.1439017, 49.7776411], [18.1437473, 49.7773582], [18.1434273, 49.7763367], [18.1432609, 49.7758824], [18.1430161, 49.7753719], [18.1427036, 49.7748574], [18.1423221, 49.774341], [18.1418597, 49.7737818], [18.1411256, 49.7729406], [18.1408878, 49.7726282], [18.1406476, 49.7722174], [18.1402083, 49.7714168], [18.1394989, 49.7716597], [18.1393756, 49.7713781], [18.1389972, 49.7708449], [18.1389465, 49.7708009], [18.1394071, 49.7705316], [18.1397884, 49.7702571], [18.1403904, 49.7697014], [18.1413227, 49.7683301], [18.1416047, 49.7668674], [18.1420778, 49.7661856], [18.1422905, 49.7659731], [18.1425592, 49.7658358], [18.1444412, 49.7650569], [18.1444916, 49.7650329], [18.144546, 49.7650847], [18.1451459, 49.7652065], [18.146055, 49.7651257], [18.1482579, 49.7653996], [18.1500009, 49.7657402], [18.1505832, 49.7657649], [18.1519911, 49.7657785], [18.1532048, 49.765589], [18.1540324, 49.7655185], [18.1540764, 49.7654929], [18.1540999, 49.7654512], [18.1540662, 49.7654318], [18.1543133, 49.7653456], [18.1544128, 49.7652513], [18.1544924, 49.7650999], [18.1545328, 49.764922], [18.1545273, 49.7642582], [18.1545544, 49.7626044], [18.1546236, 49.7622697], [18.1547633, 49.7620186], [18.1549579, 49.7618339], [18.1554394, 49.7615131], [18.1568699, 49.7606597], [18.1575033, 49.76025], [18.1577757, 49.760084], [18.1585554, 49.7595628], [18.1591109, 49.7591942], [18.1598946, 49.7588738], [18.1603653, 49.7587277], [18.1609553, 49.7586336], [18.1617523, 49.7585483], [18.162845, 49.7584775], [18.163529, 49.7583575], [18.1639508, 49.7582878], [18.1643773, 49.7582449], [18.1648173, 49.7582433], [18.1651785, 49.7582328], [18.165716, 49.7582059], [18.1660609, 49.7580429], [18.1682856, 49.7599643], [18.1689564, 49.7600773], [18.1699011, 49.7602122], [18.1703575, 49.7602291], [18.1709561, 49.7601984], [18.1717134, 49.7601147], [18.1722953, 49.7600924], [18.172316, 49.7598747], [18.1738186, 49.7592771], [18.1747542, 49.7588831], [18.1751921, 49.7587107], [18.1754844, 49.7585059], [18.175485, 49.7580321], [18.1752461, 49.7575872], [18.1751584, 49.7572852], [18.1751646, 49.7566953], [18.1752578, 49.7564532], [18.1750715, 49.7559988], [18.1749254, 49.7558615], [18.174776, 49.7557296], [18.174654, 49.7555363], [18.1745585, 49.7554028], [18.1738745, 49.7549251], [18.1733704, 49.7544662], [18.17381, 49.7539433], [18.1738193, 49.7539354], [18.1738864, 49.7538524], [18.1743947, 49.7541311], [18.174904, 49.7541391], [18.1753736, 49.7540982], [18.1757451, 49.7539321], [18.1758645, 49.7538832], [18.1760199, 49.7536661], [18.1761621, 49.753281], [18.176352, 49.7528471], [18.1764907, 49.752561], [18.176586, 49.7523151], [18.1765544, 49.7521495], [18.1763129, 49.7519266], [18.177172, 49.7510419], [18.1771829, 49.7504977], [18.1772149, 49.7504819], [18.1774005, 49.7501976], [18.1777631, 49.7503889], [18.1780846, 49.7506513], [18.1784094, 49.7510111], [18.1787459, 49.7514642], [18.1790593, 49.751897], [18.1794264, 49.7525985], [18.1799635, 49.7524243], [18.1807723, 49.7525153], [18.1810086, 49.7522661], [18.1812445, 49.7519331], [18.1814869, 49.7517368], [18.1816135, 49.7514778], [18.1817605, 49.7514715], [18.181982, 49.7514297], [18.1821605, 49.751314], [18.1822531, 49.7510109], [18.1821479, 49.7509296], [18.1818815, 49.7508017], [18.1814716, 49.7507503], [18.1812505, 49.7506576], [18.1814086, 49.750358], [18.1812501, 49.7501908], [18.1811978, 49.7500126], [18.1816355, 49.7497284], [18.1818675, 49.7496593], [18.1820792, 49.7495878], [18.1821524, 49.7494614], [18.1820445, 49.7493056], [18.1817213, 49.7491367], [18.1816356, 49.7490761], [18.1815098, 49.7489128], [18.1816647, 49.748665], [18.1818703, 49.7485139], [18.1818641, 49.7484645], [18.1818486, 49.7483421], [18.1814519, 49.7482135], [18.181174, 49.7482091], [18.1813585, 49.7478335], [18.1816035, 49.7474133], [18.1815773, 49.7472348], [18.1813973, 49.7462434], [18.1818046, 49.745782], [18.1818603, 49.7457189], [18.1819609, 49.7457237], [18.1823894, 49.7457442], [18.1833479, 49.7456632], [18.1837213, 49.745562], [18.1838562, 49.7455158], [18.1839832, 49.7454574], [18.1842829, 49.7452714], [18.1843795, 49.7451484], [18.1844736, 49.7450322], [18.1845158, 49.7448411], [18.184513, 49.7448089], [18.1844742, 49.744424], [18.1843353, 49.7441227], [18.1841541, 49.7436889], [18.1843081, 49.7433424], [18.1843712, 49.7429166], [18.184742, 49.7430375], [18.1851338, 49.7431269], [18.1855534, 49.7431468], [18.1859408, 49.743112], [18.1859722, 49.742779], [18.185913, 49.7425579], [18.1854957, 49.742283], [18.1852627, 49.7422131], [18.1850692, 49.7421603], [18.1848364, 49.7419587], [18.1845588, 49.7418536], [18.1845027, 49.7415541], [18.1842989, 49.7412796], [18.1845308, 49.7413015], [18.1847752, 49.7413251], [18.1849575, 49.7413236], [18.1852973, 49.7410429], [18.1856201, 49.7410086], [18.1857275, 49.7410146], [18.1858018, 49.7409807], [18.1872683, 49.7409803], [18.1880663, 49.7403556], [18.1889245, 49.7399277], [18.1891014, 49.7398495], [18.1894875, 49.7397471], [18.1897394, 49.7397255], [18.1900166, 49.7397538], [18.1902972, 49.7398073], [18.1913214, 49.7398159], [18.1914748, 49.7398198], [18.1916115, 49.739849], [18.1929361, 49.7404079], [18.1932234, 49.7404254], [18.1931382, 49.7403353], [18.1931416, 49.7402716], [18.1932797, 49.7402653], [18.1934556, 49.7402839], [18.1935629, 49.7403727], [18.1938462, 49.7404166], [18.1938316, 49.7403264], [18.1939011, 49.7402777], [18.1939147, 49.7401576], [18.1941905, 49.7400871], [18.1942584, 49.7401617], [18.194945, 49.7398773], [18.1952262, 49.7399042], [18.1953449, 49.739764], [18.1954163, 49.7397602], [18.1954102, 49.7396849], [18.1952584, 49.7395832], [18.1954325, 49.7395041], [18.1954487, 49.7394561], [18.1957616, 49.7393201], [18.1959463, 49.7393198], [18.1963643, 49.7394748], [18.1965079, 49.7396019], [18.1968614, 49.7395765], [18.1969632, 49.739619], [18.1969838, 49.7397124], [18.197064, 49.7396822], [18.1978033, 49.7397333], [18.1977317, 49.7395448], [18.1977319, 49.7394608], [18.1978898, 49.7394393], [18.1980399, 49.7394526], [18.1981925, 49.7393723], [18.1982809, 49.7392838], [18.1985216, 49.7392098], [18.198687, 49.7393781], [18.1990862, 49.7391864], [18.1991303, 49.7392885], [18.1991038, 49.7394134], [18.1995369, 49.7394676], [18.1993997, 49.7393961], [18.1993943, 49.7393236], [18.1995317, 49.7392575], [18.1996037, 49.7391475], [18.1997405, 49.7391656], [18.2001714, 49.7392869], [18.200322, 49.7391731], [18.2002068, 49.7391841], [18.2001595, 49.7390593], [18.2002858, 49.7390136], [18.2003223, 49.7389239], [18.2002225, 49.7389197], [18.2001338, 49.7389767], [18.2000274, 49.7388977], [18.2001262, 49.7388214], [18.2003907, 49.7386795], [18.2004185, 49.7386833], [18.2006815, 49.7386585], [18.2006934, 49.7387119], [18.2007588, 49.7388451], [18.2008847, 49.7387239], [18.2011473, 49.7387264], [18.2013424, 49.738788], [18.2012961, 49.7386766], [18.2013847, 49.7385001], [18.2014929, 49.7384644], [18.2013456, 49.7382749], [18.2014491, 49.7382725], [18.2015692, 49.7381905], [18.2017503, 49.7383754], [18.2018931, 49.7383243], [18.2021965, 49.7381229], [18.2022741, 49.7380239], [18.2023839, 49.7378039], [18.2025946, 49.7378021], [18.2026947, 49.7379261], [18.2028659, 49.7379046], [18.2029103, 49.7380088], [18.2030728, 49.7380301], [18.2031659, 49.7380005], [18.2030354, 49.7379601], [18.2030134, 49.7378752], [18.2031532, 49.7378007], [18.2033112, 49.7379402], [18.2034555, 49.7380065], [18.2035331, 49.73793], [18.2036188, 49.7380058], [18.2036531, 49.7381204], [18.2038002, 49.7381651], [18.2038832, 49.7381096], [18.2039803, 49.7380362], [18.2040757, 49.738154], [18.2041348, 49.7381762], [18.2042812, 49.7381814], [18.2043402, 49.7381834], [18.2045538, 49.7382645], [18.2047938, 49.7381854], [18.2049494, 49.7381999], [18.2050988, 49.7381659], [18.2052231, 49.738226], [18.2053362, 49.7382003], [18.2054122, 49.7381353], [18.2053491, 49.7380405], [18.2054758, 49.7379638], [18.2055403, 49.7381481], [18.2058951, 49.738201], [18.2060864, 49.7380552], [18.2062017, 49.7382112], [18.2058945, 49.7383843], [18.2059189, 49.738415], [18.2060393, 49.738421], [18.2060397, 49.7384049], [18.2062187, 49.738414], [18.206877, 49.738348], [18.2069811, 49.7384018], [18.2073667, 49.7383439], [18.2077037, 49.738401], [18.2078572, 49.7385099], [18.208375, 49.7383265], [18.2088765, 49.7384756], [18.2093016, 49.7385054], [18.2094196, 49.7385675], [18.2094005, 49.7385901], [18.2098076, 49.7386877], [18.2102737, 49.7388856], [18.210713, 49.7390071], [18.2114489, 49.7391416], [18.2114821, 49.7391566], [18.2120284, 49.7393454], [18.2122496, 49.7394329], [18.2125449, 49.7397826], [18.2126139, 49.7398724], [18.2127154, 49.7400115], [18.2128889, 49.7402964], [18.2134016, 49.7408212], [18.2136772, 49.7409742], [18.2142457, 49.7411736], [18.2144308, 49.7411511], [18.2146174, 49.7411401], [18.2159165, 49.7409013], [18.2162832, 49.7409839], [18.2167565, 49.7410972], [18.2169779, 49.7411369], [18.2169948, 49.7411415], [18.2177782, 49.741241], [18.2184269, 49.7412993], [18.218906, 49.7413706], [18.2190256, 49.7414263], [18.2192343, 49.7415073], [18.2196234, 49.741663], [18.2196812, 49.7416473], [18.220041, 49.7415704], [18.2200613, 49.7416026], [18.2202748, 49.7415501], [18.2208277, 49.7414029], [18.2211441, 49.7413561], [18.2213172, 49.7413403], [18.222219, 49.7412082], [18.2229503, 49.7410942], [18.2242845, 49.7410778], [18.2255658, 49.7410087], [18.2258276, 49.7409437], [18.2264712, 49.7406564], [18.2272958, 49.7402917], [18.2281709, 49.7401974], [18.2282827, 49.7401446], [18.2285783, 49.7399788], [18.2301123, 49.7397831], [18.2317196, 49.739015], [18.2319178, 49.7389972], [18.2321177, 49.7389963], [18.2327246, 49.7390319], [18.2331092, 49.7390472], [18.2332557, 49.7390095], [18.2336979, 49.7387356], [18.2339424, 49.7390673], [18.2345637, 49.7388996], [18.23484, 49.7388193], [18.2352885, 49.7387085], [18.2359209, 49.7385], [18.2362008, 49.7388194], [18.2365158, 49.7391054], [18.2366178, 49.7392137], [18.2367658, 49.7393651], [18.2368253, 49.7396026], [18.236827, 49.7397042], [18.2369418, 49.7405682], [18.2385468, 49.7402017], [18.2382718, 49.7395829], [18.2385627, 49.7394423], [18.2387554, 49.7393467], [18.2388319, 49.739334], [18.239762, 49.7391302], [18.2402683, 49.73901], [18.2403122, 49.739001], [18.2402942, 49.7383314], [18.2402164, 49.7374562], [18.2402086, 49.7374325], [18.2405078, 49.7373916], [18.2407306, 49.7372993], [18.2408441, 49.7372122], [18.2409184, 49.7371624], [18.2410768, 49.7370501], [18.2414826, 49.7368244], [18.2417242, 49.7367068], [18.2419967, 49.736633], [18.2427022, 49.7364804], [18.2430926, 49.7363927], [18.24388, 49.7361803], [18.2445494, 49.735978], [18.2452108, 49.7358019], [18.2457346, 49.7354477], [18.2462686, 49.7350472], [18.2471081, 49.7345354], [18.2473549, 49.7343849], [18.2475399, 49.7342899], [18.2475769, 49.7342932], [18.2478985, 49.7340864], [18.2483132, 49.733911], [18.2488336, 49.7337651], [18.2492574, 49.73365], [18.2501251, 49.733453], [18.2506361, 49.7333601], [18.2512623, 49.7332379], [18.2516414, 49.7331438], [18.252511, 49.7329643], [18.2526198, 49.7326505], [18.2526301, 49.7325019], [18.2526059, 49.7321509], [18.2525758, 49.7319169], [18.2525718, 49.7317847], [18.2526052, 49.7316524], [18.2526173, 49.7316399], [18.2523259, 49.7312916], [18.2521106, 49.7307592], [18.2517989, 49.7303259], [18.2515256, 49.7300981], [18.2513009, 49.7295776], [18.2511991, 49.7293581], [18.2510566, 49.7291491], [18.2506719, 49.7288168], [18.2504042, 49.7284391], [18.2504345, 49.7284354], [18.2511199, 49.7282287], [18.2515255, 49.728108], [18.252318, 49.7277352], [18.2535959, 49.7271841], [18.254605, 49.7267122], [18.2552057, 49.7263829], [18.2558572, 49.7257571], [18.2565177, 49.7263585], [18.2566698, 49.7264791], [18.2570578, 49.7267076], [18.2562455, 49.7271505], [18.2570761, 49.7275108], [18.257275, 49.7276081], [18.2574384, 49.727757], [18.2576758, 49.7278554], [18.2581783, 49.7279095], [18.2584185, 49.7279683], [18.2588083, 49.7281415], [18.2589564, 49.7281873], [18.259593, 49.728353], [18.2598375, 49.7284561], [18.2599873, 49.7285335], [18.2602422, 49.7286965], [18.2606235, 49.7288027], [18.260868, 49.7289132], [18.2619237, 49.7291509], [18.2624878, 49.7292609], [18.2633329, 49.7295322], [18.2635082, 49.7295698], [18.2638701, 49.7296025], [18.2644235, 49.7297397], [18.2647188, 49.7298175], [18.2649173, 49.7298547], [18.2652434, 49.7299108], [18.2655106, 49.7299362], [18.2658351, 49.7299977], [18.2663968, 49.7301841], [18.2665154, 49.7302012], [18.2675465, 49.7304188], [18.2677796, 49.7304489], [18.2681736, 49.7304228], [18.2688004, 49.7303898], [18.2688679, 49.7303882], [18.2695985, 49.7305431], [18.2699349, 49.7306373], [18.2700317, 49.7307008], [18.2698447, 49.7309646], [18.2694063, 49.7315378], [18.269283, 49.7317777], [18.2689455, 49.7319695], [18.2686786, 49.7320606], [18.2682926, 49.7324123], [18.2680687, 49.732645], [18.2678562, 49.7329253], [18.2675147, 49.7332224], [18.267346, 49.7334131], [18.2672257, 49.7337487], [18.2671763, 49.7339873], [18.2670965, 49.7343413], [18.2670707, 49.7343846], [18.266973, 49.7345041], [18.2666877, 49.7347048], [18.2666235, 49.7347763], [18.2666008, 49.7348823], [18.266781, 49.7350296], [18.26672, 49.7352141], [18.2667906, 49.7353474], [18.2669116, 49.7354836], [18.2669149, 49.735697], [18.2668791, 49.7358251], [18.2668779, 49.7359675], [18.2669317, 49.7361259], [18.2669615, 49.7362996], [18.2669593, 49.7365388], [18.2670073, 49.7366989], [18.2670697, 49.7368433], [18.2672853, 49.7371635], [18.2672906, 49.7372454], [18.2672426, 49.7374884], [18.2673537, 49.7379263], [18.2673406, 49.7382219], [18.2673466, 49.7383755], [18.2674566, 49.7385799], [18.2675291, 49.7388255], [18.2675329, 49.7389702], [18.2676357, 49.739036], [18.2679952, 49.7391224], [18.2682125, 49.7392416], [18.2682329, 49.7393521], [18.2681519, 49.7395649], [18.2679604, 49.7400498], [18.2675243, 49.7408252], [18.2676443, 49.7409017], [18.2676322, 49.7411587], [18.2676966, 49.7412596], [18.2678007, 49.7412921], [18.2678313, 49.7413727], [18.2678567, 49.7414805], [18.2678314, 49.7416736], [18.2679779, 49.7417963], [18.2679878, 49.7419437], [18.2682059, 49.7421331], [18.2682761, 49.7422615], [18.2683974, 49.7422903], [18.2684493, 49.7424262], [18.2684589, 49.7425928], [18.2685905, 49.7427507], [18.2686535, 49.7428886], [18.2687653, 49.7429854], [18.268845, 49.7430781], [18.2689751, 49.7432426], [18.2691611, 49.7434583], [18.2693452, 49.7436941], [18.2694688, 49.7437884], [18.2696204, 49.7439112], [18.2698685, 49.7440302], [18.2702319, 49.7442932], [18.2702791, 49.7442849], [18.2703905, 49.7443824], [18.2705955, 49.744499], [18.271017, 49.7446871], [18.2713317, 49.7448181], [18.2717225, 49.745013], [18.2721121, 49.7451781], [18.2725568, 49.7453793], [18.2728902, 49.7452148], [18.2729517, 49.7452769], [18.2729765, 49.7452962], [18.2739502, 49.7459367], [18.2745387, 49.7465732], [18.2748366, 49.7468437], [18.2751893, 49.7471142], [18.2754985, 49.7473772], [18.2761544, 49.7479027], [18.2769116, 49.7484795], [18.2772926, 49.7487848], [18.277736, 49.7491254], [18.2779458, 49.7492385], [18.2781144, 49.7492967], [18.2782578, 49.7493254], [18.2784166, 49.7493573], [18.2786743, 49.7494089], [18.2788015, 49.7494589], [18.2788581, 49.7493888], [18.2794936, 49.7496281], [18.2803303, 49.7482871], [18.2810168, 49.7484077], [18.2817571, 49.7485333], [18.2821251, 49.7485041], [18.2827475, 49.7481296], [18.2831846, 49.7483469], [18.283126, 49.7481869], [18.283021, 49.7479354], [18.2827564, 49.7473853], [18.2826088, 49.7470432], [18.2835839, 49.7476795], [18.2842075, 49.748257], [18.2846396, 49.7484886], [18.2846595, 49.7484657], [18.2853583, 49.7486883], [18.2855216, 49.7487498], [18.2854867, 49.7487488], [18.2854828, 49.7488121], [18.2857059, 49.7488192], [18.2865616, 49.7491414], [18.2869033, 49.749207], [18.2869026, 49.7492174], [18.2869675, 49.7492193], [18.2875871, 49.7493382], [18.2882462, 49.7492932], [18.2886926, 49.7493076], [18.2893168, 49.7499728], [18.2895471, 49.7501631], [18.289669, 49.7503394], [18.2898711, 49.7506221], [18.2903096, 49.750628], [18.2907613, 49.7506468], [18.2910951, 49.7506692], [18.2924203, 49.7508183], [18.2956872, 49.7512233], [18.296274, 49.7512476], [18.2973428, 49.7513621], [18.2982127, 49.7508882], [18.2986092, 49.7513502], [18.2992956, 49.7520504], [18.2999396, 49.7528584], [18.3004473, 49.7536971], [18.3008064, 49.7545283], [18.3013041, 49.755344], [18.3025288, 49.7564913], [18.3033889, 49.7571015], [18.3045595, 49.7577288], [18.3048796, 49.7580345], [18.3050198, 49.7581805], [18.3052351, 49.7585173], [18.305777, 49.75914], [18.3061645, 49.7598807], [18.3062793, 49.7600908], [18.3065058, 49.7604252], [18.3067423, 49.7611554], [18.3067536, 49.7617095], [18.3067461, 49.7617572], [18.3065657, 49.7623648], [18.3062655, 49.7629003], [18.3059614, 49.7634521], [18.3051718, 49.764205], [18.3042518, 49.7649785], [18.3035747, 49.7654099], [18.3031314, 49.7657647], [18.3027423, 49.7659915], [18.3021517, 49.7663941], [18.3018356, 49.766625], [18.3009488, 49.7673035], [18.3001823, 49.7679285], [18.2991226, 49.7687337], [18.2986179, 49.769145], [18.2980674, 49.7696041], [18.2971436, 49.7704683], [18.2966891, 49.7710404], [18.2965201, 49.7711991], [18.2969073, 49.7713437], [18.2972965, 49.7714866], [18.2982544, 49.7717969], [18.2983456, 49.7718265], [18.2984199, 49.7718438], [18.2986111, 49.7718882], [18.2989872, 49.771914], [18.2981797, 49.7726236], [18.2978766, 49.7732091], [18.2978233, 49.7733491], [18.2975428, 49.7739078], [18.2961427, 49.776985], [18.2958742, 49.7775067], [18.2957301, 49.7778144], [18.2956712, 49.7779325], [18.2954376, 49.7784431], [18.2953439, 49.7786412], [18.2951699, 49.7790262], [18.2952242, 49.7790637], [18.2948901, 49.779778], [18.2950376, 49.779829], [18.2958958, 49.7801287], [18.2953499, 49.7810078], [18.2959049, 49.7812211], [18.2959436, 49.7812321], [18.2963786, 49.7814618], [18.2967238, 49.7812492], [18.2970532, 49.7810968], [18.2972418, 49.7810044], [18.2973552, 49.7809428], [18.2973731, 49.7809475], [18.2974352, 49.7808687], [18.297692, 49.7807378], [18.2985348, 49.7804822], [18.2992847, 49.7802858], [18.2988575, 49.7800595], [18.2986832, 49.7799423], [18.2985132, 49.7797359], [18.2984017, 49.7794968], [18.2983975, 49.7792566], [18.2985296, 49.7790306], [18.2987026, 49.7788015], [18.2987415, 49.7788034], [18.2991369, 49.7788409], [18.2994513, 49.7788608], [18.2996154, 49.7788651], [18.2998023, 49.7788738], [18.3002484, 49.7788713], [18.3006094, 49.7788641], [18.3007674, 49.778859], [18.3012769, 49.7788178], [18.301476, 49.7787927], [18.301942, 49.7787371], [18.3027981, 49.7786142], [18.3029223, 49.7785522], [18.3030976, 49.7784811], [18.303288, 49.7784482], [18.3033946, 49.7784333], [18.3041369, 49.7783238], [18.3057452, 49.7780164], [18.307291, 49.7777704], [18.3079875, 49.7777004], [18.3086568, 49.7776465], [18.3099094, 49.7775363], [18.3108948, 49.7774455], [18.311644, 49.7773717], [18.3124508, 49.7772906], [18.3125289, 49.7774698], [18.3128796, 49.7782409], [18.3131146, 49.7787214], [18.3131342, 49.778765], [18.3134998, 49.7791616], [18.313501, 49.7791628], [18.313698, 49.7792252], [18.3143601, 49.7796415], [18.3154321, 49.7803952], [18.315574, 49.7804009], [18.3155875, 49.7803983], [18.3159454, 49.7804077], [18.3166593, 49.7804265], [18.3176856, 49.7804474], [18.3180484, 49.7804574], [18.3182255, 49.7804626], [18.3182473, 49.7804627], [18.3184488, 49.7804686], [18.31946, 49.7804884], [18.3196935, 49.7805001], [18.3208187, 49.7805759], [18.3224824, 49.7806204], [18.3225436, 49.7805865], [18.3225848, 49.7806182], [18.3231373, 49.7806293], [18.3240518, 49.7806337], [18.3248635, 49.7806156], [18.3249454, 49.7806014], [18.3252473, 49.7805921], [18.3254392, 49.7805836], [18.3256956, 49.7805754], [18.3258201, 49.7805698], [18.3262423, 49.7805818], [18.3269354, 49.7805837], [18.3303727, 49.7806998], [18.3302385, 49.7805166], [18.3303334, 49.7802673], [18.3304657, 49.7799417], [18.3306876, 49.7796883], [18.3312592, 49.7793904], [18.3312435, 49.7792664], [18.3316487, 49.7791973], [18.3326195, 49.7791369], [18.3329564, 49.7793376], [18.333488, 49.7792103], [18.3345594, 49.7789943], [18.3351702, 49.7788664], [18.3356103, 49.7787581], [18.3360593, 49.7786011], [18.3364616, 49.7784555], [18.3365872, 49.7784127], [18.3369154, 49.7782915], [18.3372402, 49.7781761], [18.337592, 49.7780843], [18.3379091, 49.778006], [18.3382621, 49.7779079], [18.3395432, 49.7774669], [18.3394601, 49.777291], [18.339808, 49.7769901], [18.339827, 49.7769798], [18.3400513, 49.7769645], [18.3401924, 49.7769494], [18.3403859, 49.7768587], [18.3407416, 49.7766848], [18.3408613, 49.7766211], [18.3410978, 49.7762668], [18.3411555, 49.7761844], [18.3413769, 49.7756227], [18.3415413, 49.7754896], [18.3420023, 49.7754857], [18.3421391, 49.775342], [18.3422098, 49.775318], [18.3422574, 49.7750201], [18.342904, 49.7748638], [18.3432836, 49.7747684], [18.3442947, 49.7743504], [18.3447765, 49.7741688], [18.3449789, 49.7740488], [18.3460293, 49.7733327], [18.347132, 49.7725294], [18.3473258, 49.7724076], [18.3473783, 49.7723873], [18.347431, 49.772367], [18.3474575, 49.7724666], [18.3475775, 49.7726841], [18.3475981, 49.7727602], [18.3476085, 49.7729447], [18.3475948, 49.7732064], [18.3475466, 49.7734707], [18.3475758, 49.7735108], [18.3475957, 49.7735277], [18.3476263, 49.7735448], [18.3478044, 49.7736149], [18.3481874, 49.7738536], [18.3483425, 49.7739447], [18.3494973, 49.7746664], [18.3501889, 49.7750509], [18.3508517, 49.7755913], [18.3510982, 49.7757794], [18.351468, 49.7760539], [18.3515522, 49.7761011], [18.3516359, 49.7761407], [18.3517855, 49.7761676], [18.3520779, 49.7761186], [18.3521066, 49.7761753], [18.352141, 49.7767044], [18.3521569, 49.7768462], [18.3521837, 49.7769968], [18.3520816, 49.7772672], [18.3521959, 49.7773543], [18.3522773, 49.7776401], [18.3522718, 49.7776664], [18.352241, 49.7778147], [18.3522044, 49.7778078], [18.3523249, 49.7786042], [18.3523474, 49.7786738], [18.3523637, 49.7799862], [18.3523929, 49.7800269], [18.3520052, 49.7799291], [18.3518769, 49.7800239], [18.3517874, 49.7803239], [18.3517156, 49.7806196], [18.3517016, 49.7809484], [18.3517151, 49.7813103], [18.3517253, 49.7813201], [18.351833, 49.7816274], [18.3520439, 49.7823092], [18.3527946, 49.7824431], [18.3539416, 49.7825794], [18.3556541, 49.7827517], [18.3556601, 49.7829122], [18.3556727, 49.7832482], [18.3557786, 49.7835446], [18.3558602, 49.7837292], [18.3559043, 49.7838121], [18.3559295, 49.7838787], [18.3559491, 49.7839303], [18.3559663, 49.7839526], [18.3560689, 49.7844528], [18.3561354, 49.7847773], [18.3561478, 49.7848203], [18.3561531, 49.7848634], [18.3562374, 49.7853275], [18.356206, 49.7859989], [18.3562208, 49.7863711], [18.3564918, 49.7870233], [18.3568882, 49.7878391], [18.3573769, 49.7886576], [18.3576787, 49.7891857], [18.3577581, 49.7894233], [18.3578666, 49.7899399], [18.3585085, 49.7908501], [18.3591895, 49.7917997], [18.3594724, 49.7921705], [18.3595096, 49.7922191], [18.3596306, 49.7923366], [18.3600204, 49.7927603], [18.3606266, 49.7928617], [18.3609949, 49.7930144], [18.3610313, 49.7931146], [18.3612557, 49.7932773], [18.3614939, 49.7934071], [18.3618233, 49.7936473], [18.3620073, 49.7938047], [18.3621139, 49.7938752], [18.3623242, 49.7940073], [18.3623869, 49.7940917], [18.3623414, 49.7941605], [18.3621229, 49.7943612], [18.3615726, 49.7946592], [18.3612557, 49.794875], [18.3612654, 49.7952259], [18.3612733, 49.7954018], [18.3612733, 49.7954824], [18.3612732, 49.7955045], [18.361245, 49.7955249], [18.3617996, 49.7959633], [18.3613059, 49.7961243], [18.3613503, 49.7961608], [18.3613847, 49.7961891], [18.361414, 49.7962132], [18.3614513, 49.7962439], [18.3614746, 49.796263], [18.3615112, 49.7962931], [18.3615595, 49.796335], [18.3615943, 49.7963653], [18.3616083, 49.7963772], [18.3616334, 49.7963985], [18.3616585, 49.7964198], [18.3616611, 49.796422], [18.3617139, 49.7964667], [18.3617696, 49.7965138], [18.3618146, 49.7965519], [18.361846, 49.7965785], [18.3620343, 49.7967288], [18.3624625, 49.7970908], [18.362658, 49.7971085], [18.3627683, 49.79713], [18.3630536, 49.7971596], [18.3631942, 49.7970993], [18.3634256, 49.7973157], [18.3634531, 49.7973609], [18.3637524, 49.7978858], [18.3638818, 49.7980143], [18.3640815, 49.7982076], [18.3642241, 49.7983667], [18.3641584, 49.7984401], [18.3641493, 49.7985849], [18.3640905, 49.7988157], [18.3640504, 49.7988932], [18.3643834, 49.799284], [18.3646973, 49.7990266], [18.3649581, 49.7989328], [18.3654872, 49.7987155], [18.3662451, 49.7984136], [18.3662556, 49.7975125], [18.3662314, 49.7973734], [18.366185, 49.7971471], [18.3669581, 49.7968133], [18.3676853, 49.7965054], [18.3684909, 49.7966153], [18.3692463, 49.7967437], [18.3696587, 49.797092], [18.3699386, 49.7972657], [18.3702196, 49.7975669], [18.3705239, 49.7978839], [18.3708578, 49.798247], [18.371141, 49.7985638], [18.3713643, 49.7988138], [18.3717906, 49.7992815], [18.3720786, 49.7995967], [18.3724507, 49.800013], [18.3726923, 49.8002894], [18.3733417, 49.8010035], [18.3737432, 49.801447], [18.3740915, 49.8018249], [18.3744603, 49.8021986], [18.3747781, 49.8020657], [18.3761936, 49.8014721], [18.3762911, 49.8017005], [18.376066, 49.8018823], [18.3760021, 49.8020299], [18.3760269, 49.802174], [18.3759939, 49.8023009], [18.3757678, 49.8022764], [18.3755857, 49.8025973], [18.3755785, 49.8026345], [18.3755158, 49.8028765], [18.3752725, 49.8028519], [18.3752325, 49.8028876], [18.3751103, 49.8029859], [18.3750975, 49.8030252], [18.3751553, 49.8031103], [18.375038, 49.8030793], [18.3750036, 49.8031227], [18.3749113, 49.8032287], [18.3747752, 49.8033793], [18.3745931, 49.8035875], [18.3745539, 49.8036233], [18.3743307, 49.8035593], [18.3740562, 49.8036305], [18.373741, 49.803741], [18.373537, 49.8037825], [18.3730733, 49.8038111], [18.3731016, 49.8040553], [18.3731351, 49.8043033], [18.3729562, 49.804953], [18.3728585, 49.8051345], [18.3728591, 49.8054915], [18.3724613, 49.8059597], [18.3723099, 49.8061378], [18.3718652, 49.8065978], [18.3714684, 49.8069959], [18.3708287, 49.8074485], [18.3705006, 49.8076977], [18.3703163, 49.8078545], [18.3702745, 49.8079161], [18.3701607, 49.8081539], [18.370117, 49.8082473], [18.3699889, 49.8085148], [18.3702624, 49.8089564], [18.3703134, 49.8090235], [18.3703163, 49.8091092], [18.3702858, 49.8093672], [18.3705196, 49.8095528], [18.3708162, 49.8098656], [18.3708942, 49.8103683], [18.370951, 49.81079], [18.3710464, 49.8113406], [18.3704312, 49.8116677], [18.3695519, 49.812059], [18.368876, 49.8123648], [18.3683242, 49.8126516], [18.3678362, 49.8129497], [18.3677383, 49.8130172], [18.3670297, 49.8135054], [18.366636, 49.8137945], [18.3665494, 49.813858], [18.3656511, 49.8145849], [18.3652265, 49.8148303], [18.3649445, 49.8150058], [18.3644459, 49.8153973], [18.3641916, 49.8155683], [18.3634934, 49.81596], [18.3631162, 49.8163031], [18.3628108, 49.816698], [18.3625637, 49.8170766], [18.3620482, 49.818074], [18.3621285, 49.8182139], [18.3622835, 49.8189414], [18.362275, 49.8191951], [18.3623903, 49.8200451], [18.3624294, 49.8204916], [18.3622827, 49.8207458], [18.3619438, 49.8213213], [18.3616955, 49.8217708], [18.3616241, 49.8219902], [18.3614875, 49.8223533], [18.3613086, 49.8230836], [18.361333, 49.8235551], [18.3613102, 49.8236517], [18.3614755, 49.8239304], [18.3616516, 49.824153], [18.3620174, 49.8247253], [18.3622296, 49.8249386], [18.3632706, 49.8253263], [18.3636206, 49.8255028], [18.3641569, 49.825906], [18.364271, 49.8263097], [18.3643089, 49.8265604], [18.3643028, 49.8268156], [18.3642444, 49.8270848], [18.3642256, 49.8273921], [18.364372, 49.8278112], [18.3644663, 49.8279952], [18.3645888, 49.8281976], [18.3646184, 49.8282749], [18.3644784, 49.8289081], [18.3644962, 49.8299461], [18.3644515, 49.8299549], [18.364516, 49.8300697], [18.3646749, 49.8303698], [18.3647577, 49.8308315], [18.3648244, 49.8308836], [18.3648096, 49.8310712], [18.3648864, 49.8311917], [18.3652009, 49.8313628], [18.365278, 49.8315657], [18.3652179, 49.8316816], [18.3651772, 49.8317782], [18.3651566, 49.831827], [18.3651282, 49.8318942], [18.365035, 49.8322358], [18.3646905, 49.8327685], [18.3645355, 49.8330082], [18.3643857, 49.8334152], [18.3643366, 49.8335562], [18.3642014, 49.8339448], [18.3641689, 49.8340412], [18.3641449, 49.8341124], [18.3640347, 49.8344391], [18.3637451, 49.8352119], [18.3633114, 49.8360853], [18.363101, 49.8363008], [18.3629765, 49.8367162], [18.3629507, 49.8371495], [18.3630676, 49.8373638], [18.3631699, 49.8375938], [18.3632358, 49.8378367], [18.3633681, 49.838299], [18.3633822, 49.8383906], [18.3633856, 49.8385403], [18.3633566, 49.8387792], [18.3636148, 49.8390547], [18.3637094, 49.8392308], [18.3641019, 49.8396811], [18.3644158, 49.8401713], [18.36493, 49.8404359], [18.3653347, 49.8406483], [18.3657897, 49.8412265], [18.3661037, 49.8417591], [18.3659951, 49.8418911], [18.3653524, 49.8419252], [18.3642297, 49.8418244], [18.3636212, 49.8417254], [18.3629651, 49.8417449], [18.3622801, 49.8419619], [18.3615616, 49.8420786], [18.3609396, 49.8421504], [18.3602643, 49.8424018], [18.359072, 49.8429645], [18.3589413, 49.8429658], [18.358591, 49.843083], [18.3575447, 49.8438864], [18.3568988, 49.8437808], [18.3562614, 49.8440906], [18.3561365, 49.844223], [18.3558199, 49.8443468], [18.3555485, 49.8445092], [18.3555238, 49.8445202], [18.3551639, 49.8445888], [18.3543591, 49.8447552], [18.3540997, 49.844792], [18.3540342, 49.8447815], [18.3537281, 49.8447237], [18.3536494, 49.8447301], [18.3527106, 49.8448187], [18.3523036, 49.8448859], [18.3518482, 49.8449719], [18.3512473, 49.8451424], [18.3510932, 49.8452015], [18.3507622, 49.8453338], [18.3507133, 49.8453498], [18.3503282, 49.8454857], [18.3502123, 49.8455293], [18.3500058, 49.8456149], [18.3498395, 49.8456872], [18.3497112, 49.8457455], [18.3495704, 49.8458007], [18.3489922, 49.8460195], [18.348563, 49.8461849], [18.3483525, 49.8462685], [18.347861, 49.8463649], [18.3472503, 49.8465426], [18.3470963, 49.8465709], [18.3462737, 49.8467434], [18.3459315, 49.8468374], [18.3458457, 49.8468592], [18.3454164, 49.8469826], [18.3452529, 49.8470628], [18.3454397, 49.8471748], [18.3454957, 49.8472184], [18.3455851, 49.8473171], [18.3456228, 49.8474107], [18.3457112, 49.8477197], [18.3457514, 49.8480363], [18.3459279, 49.8488686], [18.345583, 49.848892], [18.345444, 49.8491359], [18.3452054, 49.8491137], [18.3449944, 49.8493943], [18.34485, 49.8497877], [18.3448031, 49.8503381], [18.3449674, 49.8517604], [18.3453287, 49.852366], [18.3457366, 49.8528445], [18.3460568, 49.8534422], [18.3463349, 49.8535454], [18.3466506, 49.8538845], [18.3467487, 49.8540879], [18.3468803, 49.8543503], [18.3477261, 49.8551899], [18.3477533, 49.8555779], [18.3476923, 49.8561318], [18.347602, 49.8566929], [18.3482954, 49.8577568], [18.3483903, 49.8580515], [18.3485171, 49.8583054], [18.3484766, 49.8586658], [18.3485782, 49.8589707], [18.3489111, 49.859791], [18.3490023, 49.8602658], [18.349222, 49.8608392], [18.3492241, 49.8618222], [18.3492145, 49.8627106], [18.3491726, 49.8635533], [18.349454, 49.8640119], [18.3493772, 49.864207], [18.3490864, 49.8646153], [18.348768, 49.8647801], [18.3488527, 49.8650131], [18.3488493, 49.8650763], [18.3488429, 49.8651222], [18.3487698, 49.8651059], [18.34862, 49.8650972], [18.3484846, 49.865117], [18.3482173, 49.8651798], [18.3482721, 49.8654603], [18.3482226, 49.865674], [18.3482577, 49.8658505], [18.3485223, 49.8665883], [18.3483191, 49.866613], [18.3484234, 49.866927], [18.348497, 49.8671782], [18.3484968, 49.8672727], [18.3484204, 49.8672728], [18.3482516, 49.8672878], [18.3481394, 49.8673124], [18.347748, 49.8675052], [18.3474105, 49.8676547], [18.3470892, 49.867778], [18.346964, 49.8677997], [18.3467103, 49.8678405], [18.3466837, 49.8679178], [18.3466605, 49.8680657], [18.3465578, 49.868215], [18.346345, 49.8683002], [18.3460301, 49.8682357], [18.3460108, 49.868241], [18.3459586, 49.8682514], [18.3460128, 49.86835], [18.3462547, 49.868501], [18.3464498, 49.868651], [18.3466339, 49.8687076], [18.3470712, 49.8688916], [18.3471341, 49.868936], [18.3471668, 49.8690002], [18.3471655, 49.8691527], [18.347185, 49.8692016], [18.3472803, 49.8693063], [18.347369, 49.8695228], [18.3474114, 49.8695781], [18.3474349, 49.8696695], [18.3474265, 49.8697254], [18.3473762, 49.8697717], [18.3471944, 49.8698687], [18.3471788, 49.8699065], [18.3471386, 49.8699533], [18.3471232, 49.8699987], [18.3470615, 49.8701394], [18.347072, 49.8701764], [18.3470543, 49.8702366], [18.3469513, 49.8702741], [18.346908, 49.8702588], [18.346933, 49.8702081], [18.3469066, 49.8701338], [18.3468084, 49.8700723], [18.3467073, 49.8700569], [18.3466136, 49.8700784], [18.3465562, 49.870107], [18.3464836, 49.8701713], [18.346444, 49.8702578], [18.3464133, 49.8704035], [18.346425, 49.8704638], [18.3464927, 49.870551], [18.3465584, 49.8705693], [18.3467722, 49.8706527], [18.3468804, 49.870739], [18.3467794, 49.8708001], [18.3467463, 49.870831], [18.3465731, 49.8709082], [18.3465174, 49.8709646], [18.346527, 49.8710101], [18.346481, 49.871045], [18.3464747, 49.8710685], [18.3463835, 49.8710933], [18.3463376, 49.8711194], [18.3461098, 49.8711889], [18.3459922, 49.8712569], [18.3459803, 49.871281], [18.3459007, 49.8713683], [18.3459759, 49.8714227], [18.3460341, 49.8714476], [18.3461308, 49.8715151], [18.3462035, 49.8715928], [18.3462195, 49.8716411], [18.3461944, 49.8716811], [18.3461164, 49.8717042], [18.3460456, 49.8717592], [18.346026, 49.8718025], [18.3460328, 49.8718729], [18.3459922, 49.87196], [18.3460918, 49.8720333], [18.3461003, 49.8720609], [18.3461461, 49.872076], [18.3462899, 49.8721599], [18.3462871, 49.8722128], [18.3462301, 49.8722593], [18.3461258, 49.8723018], [18.3458626, 49.8723745], [18.3454824, 49.8724423], [18.3454241, 49.8724801], [18.3453983, 49.8725196], [18.3453566, 49.8725458], [18.3452556, 49.8726286], [18.3452026, 49.8726372], [18.344765, 49.872801], [18.3443906, 49.8729286], [18.3443002, 49.8729555], [18.344225, 49.8730057], [18.3441627, 49.8730234], [18.3440569, 49.8730465], [18.343965, 49.8730911], [18.3438972, 49.8731016], [18.3438098, 49.8731462], [18.34373, 49.873166], [18.3435797, 49.8732614], [18.3435581, 49.8733309], [18.3435602, 49.8733638], [18.3435292, 49.8734156], [18.3435172, 49.8734675], [18.343443, 49.8735308], [18.3433559, 49.8735826], [18.3433079, 49.8736444], [18.3433009, 49.8736866], [18.3432071, 49.8738086], [18.3431678, 49.8741051], [18.3430184, 49.8742392], [18.3428976, 49.8743757], [18.3427358, 49.8746438], [18.3427317, 49.8747207], [18.3427056, 49.8747591], [18.3426997, 49.8748078], [18.3426428, 49.8749048], [18.342601, 49.8749286], [18.3425947, 49.8750352], [18.3425691, 49.8751457], [18.3424579, 49.8752918], [18.3423156, 49.8754194], [18.3422761, 49.8754906], [18.3422862, 49.8755484], [18.3422678, 49.8756648], [18.3422965, 49.8757741], [18.3422971, 49.8758595], [18.3423417, 49.8759569], [18.3423185, 49.8760517], [18.3422248, 49.8762291], [18.3422393, 49.8762853], [18.3422223, 49.8763786], [18.3422563, 49.8764376], [18.3422481, 49.8764796], [18.3423076, 49.8766301], [18.342329, 49.8767413], [18.3423212, 49.8768483], [18.3422837, 49.8768944], [18.3422749, 49.8770016], [18.3423557, 49.8772007], [18.3425074, 49.8773848], [18.3425618, 49.8775178], [18.3426874, 49.8776086], [18.3429127, 49.8779335], [18.3428803, 49.8780208], [18.3429109, 49.8780854], [18.3427734, 49.8781352], [18.342838, 49.8783572], [18.3425578, 49.8785843], [18.3424456, 49.8787322], [18.3422161, 49.8790346], [18.3417965, 49.8794293], [18.3409886, 49.8799452], [18.3392034, 49.8809997], [18.338051, 49.881686], [18.3373831, 49.882107], [18.3368476, 49.8825444], [18.3362928, 49.8829116], [18.3357382, 49.8830201], [18.3354714, 49.883005], [18.3350932, 49.882986], [18.3344219, 49.8827622], [18.3339523, 49.8822318], [18.3339495, 49.8821304], [18.3340019, 49.8819377], [18.3341016, 49.8814216], [18.3341298, 49.8810583], [18.3340754, 49.8799328], [18.3341729, 49.8793481], [18.3340991, 49.8792756], [18.3335365, 49.8792662], [18.3330179, 49.8793256], [18.3329084, 49.8792243], [18.3332991, 49.8789561], [18.3327239, 49.8782381], [18.3317389, 49.8786104], [18.3302529, 49.8792579], [18.3299149, 49.8793474], [18.3298185, 49.8793655], [18.328731, 49.8793316], [18.3286789, 49.8794757], [18.3278294, 49.8793907], [18.328039, 49.8792971], [18.3276234, 49.8792416], [18.3273386, 49.879194], [18.3269393, 49.8791015], [18.3264394, 49.8789573], [18.3255126, 49.8786488], [18.3251947, 49.878529], [18.3246884, 49.8783103], [18.3246294, 49.8782905], [18.3245748, 49.8782617], [18.3242735, 49.8781307], [18.3239855, 49.8780055], [18.3232738, 49.8775884], [18.3225784, 49.8771067], [18.322228, 49.8768606], [18.3222398, 49.8767626], [18.3219834, 49.876288], [18.3220215, 49.8761736], [18.3218213, 49.8757131], [18.3215737, 49.8751436], [18.3215304, 49.8750439], [18.3214248, 49.8748444], [18.3213113, 49.8745675], [18.3212846, 49.8745024], [18.3211888, 49.8742534], [18.3208398, 49.8734174], [18.3204487, 49.8727258], [18.320338, 49.8725223], [18.3202201, 49.8722748], [18.3198149, 49.8714244], [18.3193959, 49.870703], [18.3192751, 49.8706916], [18.3189735, 49.8710004], [18.3179294, 49.8719568], [18.3175652, 49.8722727], [18.3175052, 49.8722977], [18.3175407, 49.8723386], [18.3172316, 49.8724546], [18.3167604, 49.8728113], [18.3165023, 49.8730031], [18.316217, 49.8731439], [18.3157129, 49.8733571], [18.3146946, 49.873719], [18.3140364, 49.8740225], [18.3134099, 49.8743151], [18.3129753, 49.8745501], [18.3127574, 49.8746939], [18.3127676, 49.8750118], [18.3130496, 49.8751647], [18.3122491, 49.8749339], [18.3119147, 49.8751243], [18.3118991, 49.8750966], [18.3118167, 49.8751636], [18.3116229, 49.8752927], [18.3112269, 49.8753907], [18.3108847, 49.8755495], [18.310399, 49.8758225], [18.3104079, 49.8758553], [18.310066, 49.8760614], [18.3097378, 49.8761653], [18.3092505, 49.8763144], [18.3092035, 49.8763088], [18.3088882, 49.8763478], [18.308586, 49.8762616], [18.3082356, 49.8758773], [18.3081844, 49.8757934], [18.3070849, 49.8749261], [18.3070217, 49.874942], [18.3068747, 49.8748446], [18.3063477, 49.8744284], [18.3058427, 49.8747237], [18.3054515, 49.8751181], [18.3052165, 49.8753244], [18.3046523, 49.8756652], [18.303957, 49.8759967], [18.3035215, 49.8761697], [18.3029655, 49.8764682], [18.3028554, 49.8765175], [18.3011352, 49.8777108], [18.3016586, 49.8782524], [18.3017827, 49.8784121], [18.3020488, 49.8788016], [18.3022007, 49.8790727], [18.3024108, 49.879495], [18.3025275, 49.8798293], [18.3025548, 49.8798849], [18.3026431, 49.8805378], [18.3025265, 49.8819761], [18.3026654, 49.8836328], [18.3032542, 49.8850511], [18.3043339, 49.8863742], [18.3050236, 49.8869917], [18.3057839, 49.8875225], [18.3066864, 49.8880448], [18.3076024, 49.8884704], [18.3090697, 49.8890498], [18.310447, 49.8895733], [18.3119867, 49.8901476], [18.3129165, 49.8905074], [18.3142555, 49.891061], [18.3148446, 49.891292], [18.3162227, 49.8919061], [18.317766, 49.8927216], [18.318401, 49.8932917], [18.3189833, 49.8942299], [18.319224, 49.8949567], [18.3194881, 49.8959094], [18.3197282, 49.8965613], [18.3200706, 49.8973359], [18.3208312, 49.8987154], [18.3214274, 49.8993324], [18.3227081, 49.9002635], [18.3233267, 49.9007173], [18.3241664, 49.9014463], [18.3248297, 49.9021324], [18.325237, 49.9028419], [18.3254599, 49.9038164], [18.3254648, 49.9045355], [18.3252449, 49.9055383], [18.3249218, 49.9061929], [18.324341, 49.9069344], [18.3235005, 49.9077277], [18.3228405, 49.9082465], [18.3218479, 49.9089124], [18.321063, 49.9095924], [18.3208909, 49.9097711], [18.3202978, 49.9103871], [18.3197904, 49.9113693], [18.3196454, 49.9122767], [18.3197639, 49.9131233], [18.3200463, 49.9137759], [18.3180944, 49.9119725], [18.3177831, 49.9111475], [18.3180014, 49.9105651], [18.3181479, 49.9103213], [18.3183253, 49.9100407], [18.3180597, 49.9093222], [18.318226, 49.9090248], [18.3182455, 49.9088818], [18.318364, 49.9086611], [18.3185907, 49.9084739], [18.3186312, 49.9082544], [18.31861, 49.9079368], [18.3186831, 49.9076163], [18.3187993, 49.9073163], [18.3189374, 49.9071], [18.3190294, 49.9069418], [18.3190669, 49.9067989], [18.3190304, 49.9067057], [18.3188028, 49.9062618], [18.318672, 49.9058875], [18.3172544, 49.9060028], [18.3170891, 49.9060162], [18.3142178, 49.9059662], [18.3140507, 49.9061735], [18.3127453, 49.9058814], [18.3130595, 49.9056605], [18.3130703, 49.9055931], [18.3072366, 49.9042457], [18.3061784, 49.9033225], [18.306156, 49.9033088], [18.3057224, 49.9029452], [18.3051015, 49.902412], [18.3037115, 49.9011943], [18.3033579, 49.9008767], [18.3030507, 49.9005663], [18.3028679, 49.9003582], [18.302668, 49.9001127], [18.3025537, 49.899969], [18.3024152, 49.8997746], [18.3022805, 49.8995341], [18.3022287, 49.8994044], [18.3021516, 49.8992816], [18.3020915, 49.899131], [18.3020193, 49.8989855], [18.3019617, 49.8988278], [18.3019072, 49.8987486], [18.3016254, 49.8980788], [18.3014864, 49.8978284], [18.3013243, 49.8977001], [18.3009093, 49.8967835], [18.3005375, 49.8959833], [18.3002054, 49.8952997], [18.300164, 49.895219], [18.2998836, 49.8947037], [18.2991649, 49.8932804], [18.2991299, 49.8930076], [18.298845, 49.8927797], [18.2985892, 49.8925092], [18.2981491, 49.89202], [18.2977338, 49.8915843], [18.2973653, 49.8912578], [18.2967022, 49.8907387], [18.2960814, 49.8903148], [18.2955505, 49.8899871], [18.2948027, 49.8895852], [18.2938952, 49.8890774], [18.2933041, 49.888756], [18.2930812, 49.8886379], [18.2929989, 49.8885174], [18.2929031, 49.88845], [18.2925129, 49.888337], [18.2919432, 49.8880422], [18.2918075, 49.8879702], [18.2917658, 49.8878884], [18.2914115, 49.8877549], [18.291011, 49.8875808], [18.2901956, 49.8871801], [18.2894862, 49.8868076], [18.2890006, 49.8865571], [18.2884211, 49.8861636], [18.2879442, 49.8860422], [18.2878406, 49.8859538], [18.2874965, 49.8860053], [18.2870142, 49.8861654], [18.283329, 49.8869837], [18.2823814, 49.8863228], [18.2805937, 49.8850832], [18.2797277, 49.884479], [18.2796771, 49.8843934], [18.2776346, 49.8819399], [18.2768423, 49.8809785], [18.2765816, 49.8809003], [18.2764042, 49.8808205], [18.2756397, 49.8805539], [18.2752246, 49.8803604], [18.2747036, 49.880167], [18.2705508, 49.881051], [18.2693891, 49.8812983], [18.2671394, 49.8817772], [18.266766, 49.8819665], [18.265883, 49.8824528], [18.265724, 49.8825212], [18.2653901, 49.882602], [18.2650555, 49.8825652], [18.264677, 49.8824986], [18.264519, 49.8824417], [18.2644009, 49.8825074], [18.2627626, 49.8828077], [18.2608379, 49.8832111], [18.2606196, 49.8829278], [18.2602552, 49.8824277], [18.2601237, 49.8822294], [18.2599245, 49.8820355], [18.2594254, 49.8817622], [18.2586622, 49.8812687], [18.2582771, 49.8809951], [18.2577564, 49.8806294], [18.2582581, 49.8800464], [18.2586468, 49.8795525], [18.2588029, 49.8795704], [18.2590479, 49.8792748], [18.2591482, 49.8791466], [18.2586747, 49.8789417], [18.2582596, 49.8787855], [18.2585505, 49.8784974], [18.2581263, 49.8783793], [18.2583717, 49.8780347], [18.2583567, 49.8780095], [18.2580552, 49.8777647], [18.2577639, 49.8776536], [18.2574829, 49.8775513], [18.2571254, 49.8774], [18.2572437, 49.8772794], [18.2569144, 49.8771482], [18.2567723, 49.8770852], [18.2565293, 49.877031], [18.2565152, 49.8770172], [18.2563986, 49.8769755], [18.2562446, 49.8768982], [18.2560071, 49.8768143], [18.2557911, 49.876722], [18.2555358, 49.8766027], [18.2552073, 49.8765196], [18.2548173, 49.8764474], [18.2544648, 49.8763291], [18.2539773, 49.8760989], [18.2539036, 49.8760553], [18.2537059, 49.8758787], [18.2534833, 49.8756903], [18.2531083, 49.8753893], [18.2527393, 49.8751035], [18.2524356, 49.8748939], [18.2520416, 49.8746635], [18.2513054, 49.8743129], [18.250584, 49.8738091], [18.2497241, 49.8731705], [18.2486568, 49.8725301], [18.2479371, 49.8721855], [18.2472203, 49.8718457], [18.2471961, 49.8718615], [18.2463962, 49.8714213], [18.2455243, 49.8709582], [18.244634, 49.8704729], [18.242994, 49.8693265], [18.2421992, 49.868749], [18.2419755, 49.8685845], [18.2407726, 49.8675669], [18.2392613, 49.8662993], [18.2383576, 49.8655373], [18.2377206, 49.8659091], [18.2369984, 49.8661841], [18.2367298, 49.8660765], [18.2364615, 49.865863], [18.2362939, 49.8657251], [18.2357849, 49.8652971], [18.2352551, 49.8648585], [18.2345264, 49.8648595], [18.2337299, 49.8651687], [18.2333243, 49.8647895], [18.2315185, 49.865645], [18.2298766, 49.8642535], [18.2292411, 49.863698], [18.2289435, 49.8634379], [18.2281295, 49.8627559], [18.2277683, 49.8624457], [18.2260396, 49.8634861], [18.2253426, 49.863686], [18.2247547, 49.8641176], [18.2240619, 49.8641363], [18.2234162, 49.8644801], [18.2233157, 49.8645336], [18.222989, 49.8650998], [18.2224879, 49.8654732], [18.2219077, 49.8658777], [18.2217128, 49.8661725], [18.2217737, 49.8662925], [18.2215541, 49.8664212], [18.2211728, 49.8663876], [18.2210361, 49.8663128], [18.2205754, 49.8660606], [18.2199258, 49.865705], [18.219661, 49.8658738], [18.2195792, 49.8658905], [18.2194849, 49.865944], [18.219339, 49.8660969], [18.2192358, 49.8663511], [18.2190629, 49.8665676], [18.2188953, 49.8668542], [18.2188325, 49.8669617], [18.2186397, 49.867176], [18.2184913, 49.8675217], [18.2183524, 49.8675558], [18.2180074, 49.8676405], [18.2179336, 49.8676585], [18.2177229, 49.8677296], [18.2171923, 49.8672971], [18.2170688, 49.867248], [18.2170471, 49.8672775], [18.2167325, 49.8677788], [18.2166175, 49.8679738], [18.2163626, 49.8683718], [18.2159142, 49.8690835], [18.2158964, 49.8691348], [18.2156895, 49.8689647], [18.2154747, 49.8688718], [18.2152598, 49.8688166], [18.2149435, 49.8687201], [18.2143268, 49.868494], [18.2141427, 49.8684341], [18.2139518, 49.8683781], [18.2136558, 49.8682984], [18.2131211, 49.8681646], [18.212901, 49.8681014], [18.2126336, 49.8679928], [18.2122531, 49.8679033], [18.211912, 49.8678535], [18.2117273, 49.8677902], [18.2114308, 49.8675457], [18.2110412, 49.867186], [18.211024, 49.8671901], [18.210789, 49.8672461], [18.2102765, 49.8673527], [18.2101664, 49.8665534], [18.2101481, 49.8660827], [18.2100523, 49.865474], [18.2101312, 49.8650737], [18.2102098, 49.864849], [18.2102311, 49.8647079], [18.2103002, 49.8645781], [18.2104224, 49.8643607], [18.2105182, 49.8641844], [18.2105539, 49.864107], [18.2107309, 49.8638658], [18.210874, 49.8634688], [18.2110233, 49.8627266], [18.2110844, 49.8624375], [18.2111897, 49.861983], [18.2105781, 49.8617294], [18.2106564, 49.8613828], [18.2107186, 49.8611281], [18.210828, 49.8606209], [18.2095893, 49.8605952], [18.2059754, 49.8605204], [18.2060672, 49.8586358], [18.2061225, 49.8574989], [18.206203, 49.8560011], [18.2043415, 49.8559406], [18.2026369, 49.8559088], [18.2009925, 49.8558703], [18.2010572, 49.8556602], [18.2006574, 49.8556228], [18.2004403, 49.8564009], [18.2005287, 49.8570438], [18.2008214, 49.8578392], [18.2003121, 49.8585604], [18.1999049, 49.8595039], [18.1997422, 49.8597949], [18.1996345, 49.8602633], [18.1995296, 49.860593], [18.1994256, 49.860933], [18.1993445, 49.8612405], [18.1991604, 49.8616249], [18.1984761, 49.8626957], [18.1982829, 49.8632455], [18.1980507, 49.8638183], [18.1976741, 49.8637806], [18.1974962, 49.8638765], [18.1972617, 49.8639716], [18.1972107, 49.863424], [18.1973475, 49.8630702], [18.1974829, 49.8627381], [18.1976714, 49.8623328], [18.197759, 49.8620675], [18.1975897, 49.8615406], [18.1973833, 49.8611512], [18.1968222, 49.8605689], [18.1960589, 49.8599168], [18.1956838, 49.8595758], [18.1954263, 49.8593718], [18.1949009, 49.8591913], [18.1944863, 49.8594451], [18.1946628, 49.8595788], [18.194032, 49.8597325], [18.1938654, 49.859776], [18.193444, 49.8598773], [18.1925246, 49.8600926], [18.1922744, 49.8601452], [18.1918963, 49.8602373], [18.1916431, 49.8602951], [18.1912789, 49.8603706], [18.1910593, 49.8603834], [18.1906184, 49.8604969], [18.190492, 49.8606015], [18.1903086, 49.8607532], [18.1890459, 49.8617982], [18.1884626, 49.8623513], [18.1877288, 49.8631336], [18.1874577, 49.8634614], [18.1873698, 49.8635689], [18.1875423, 49.8638647], [18.1880553, 49.8640481], [18.1879708, 49.8641893], [18.1861734, 49.863571], [18.1862224, 49.8630777], [18.1861488, 49.8628873], [18.1860987, 49.8626878], [18.1857244, 49.8630743], [18.1850313, 49.8628462], [18.1847059, 49.8628304], [18.1841026, 49.8628849], [18.1835373, 49.8628362], [18.1827783, 49.8628186], [18.1823096, 49.8627868], [18.1817147, 49.8627237], [18.1808962, 49.8626689], [18.180823, 49.8626708], [18.1804568, 49.862638], [18.1793421, 49.8624531], [18.1790851, 49.8624957], [18.1789064, 49.8624725], [18.1786207, 49.8624296], [18.1782461, 49.8623814], [18.1779146, 49.8623522], [18.1775271, 49.8623094], [18.176915, 49.8621986], [18.1762313, 49.8621194], [18.1758479, 49.8621676], [18.1754973, 49.862439], [18.1746892, 49.8624416], [18.1741221, 49.8625107], [18.1737832, 49.8626283], [18.173513, 49.8623765], [18.1731591, 49.8626224], [18.17284, 49.8625977], [18.1726863, 49.8626995], [18.1721853, 49.862752], [18.1717563, 49.8626699], [18.1709048, 49.8625208], [18.170208, 49.862385], [18.1682989, 49.8617234], [18.1673581, 49.8617302], [18.1669935, 49.8616234], [18.1664399, 49.8612222], [18.1659846, 49.8608886], [18.1654481, 49.8606365], [18.1652433, 49.860184], [18.1649251, 49.8598137], [18.1647337, 49.8595849], [18.1645313, 49.8595915], [18.1641517, 49.8596631], [18.1639599, 49.8597912], [18.1636979, 49.8600472], [18.1632907, 49.8604683], [18.1630082, 49.8607509], [18.162944, 49.8608339], [18.1628949, 49.8609261], [18.1628678, 49.8610581], [18.1627336, 49.861084], [18.1625763, 49.8610208], [18.162286, 49.8610631], [18.1617577, 49.8611455], [18.1614738, 49.8611915], [18.1615043, 49.8615084], [18.1611332, 49.8613976], [18.1608, 49.8613979], [18.1608324, 49.8616123], [18.1604201, 49.8616108], [18.1601305, 49.8615854], [18.1598383, 49.8615833], [18.1595996, 49.8616114], [18.159382, 49.8616629], [18.1591395, 49.8617695], [18.1589548, 49.8618836], [18.1586265, 49.8621961], [18.1584989, 49.8622962], [18.1584235, 49.8623272], [18.1582557, 49.8623445], [18.1579715, 49.8623637], [18.1580981, 49.8631003], [18.1583501, 49.8635284], [18.1586151, 49.8638163], [18.1586725, 49.8640296], [18.158272, 49.8642317], [18.158365, 49.8644367], [18.1582758, 49.864662], [18.1582833, 49.8649583], [18.1581647, 49.8650989], [18.1581821, 49.865237], [18.1580804, 49.8655546], [18.1580129, 49.8656101], [18.1530736, 49.8677429], [18.1528504, 49.8678279], [18.1526898, 49.8678847], [18.1525059, 49.8679666], [18.1524323, 49.8679956], [18.1523103, 49.8680527], [18.1510456, 49.8686193], [18.150217, 49.8692906], [18.150054, 49.86932], [18.1490793, 49.8706193], [18.1485724, 49.8715941], [18.1482673, 49.8716439], [18.146203, 49.8719963], [18.145406, 49.87213], [18.1450205, 49.8722788], [18.1450736, 49.8715146], [18.1442946, 49.8714111], [18.1443102, 49.8710622], [18.1443887, 49.8706421], [18.1435756, 49.870392], [18.1443672, 49.8688021], [18.144741, 49.8681302], [18.1450953, 49.8674999], [18.1453911, 49.8669796], [18.1456121, 49.8667096], [18.1456251, 49.8666516], [18.1454699, 49.8666422], [18.1452749, 49.8664783], [18.1446582, 49.8661969], [18.144431, 49.8659293], [18.1445348, 49.8657395], [18.1441725, 49.8655364], [18.1441704, 49.8651274], [18.1440673, 49.8651177], [18.1437795, 49.8650984], [18.1435214, 49.8650842], [18.1432924, 49.8650689], [18.1425116, 49.8649849], [18.1422615, 49.8650071], [18.1417954, 49.865301], [18.1416349, 49.865463], [18.1414037, 49.8654692], [18.1410392, 49.8659198], [18.1401466, 49.8668883], [18.1397931, 49.8672541], [18.139026, 49.8679535], [18.1385793, 49.8680197], [18.1381967, 49.8684576], [18.1377768, 49.868612], [18.1370353, 49.8689847], [18.1365495, 49.8692353], [18.1363407, 49.8696119], [18.1358845, 49.8699208], [18.1352737, 49.87053], [18.1350331, 49.8709444], [18.1345735, 49.871503], [18.1342468, 49.8718541], [18.1339177, 49.8721685], [18.1337377, 49.8724265], [18.1333531, 49.8730016], [18.1331295, 49.8732558], [18.1326113, 49.8737239], [18.1324049, 49.8739489], [18.1322565, 49.8742701], [18.1318296, 49.8739626], [18.1316646, 49.8738674], [18.1316142, 49.873853], [18.1314355, 49.873808], [18.1318158, 49.8735142], [18.131853, 49.8732942], [18.1317208, 49.8731012], [18.1316226, 49.8727777], [18.1315702, 49.8725734], [18.1314341, 49.8724097], [18.1311498, 49.8722269], [18.1307665, 49.8719704], [18.1299564, 49.8714405], [18.1294798, 49.8710565], [18.1290746, 49.8705475], [18.1290518, 49.8703003], [18.1292205, 49.8700977], [18.1296189, 49.8698322], [18.129814, 49.8696416], [18.1299176, 49.8694429], [18.1299151, 49.8692822], [18.1298942, 49.869033], [18.1299613, 49.8686589], [18.1298718, 49.867929], [18.1299026, 49.8677588], [18.1298299, 49.8672856], [18.1298122, 49.8670144], [18.130084, 49.8667346], [18.1304915, 49.8662681], [18.130602, 49.8660875], [18.1310557, 49.8652673], [18.1313383, 49.8647948], [18.1316549, 49.8641242], [18.1315131, 49.8638117], [18.1314989, 49.8637721], [18.1314341, 49.8635919], [18.1309134, 49.8636286], [18.1306173, 49.8636447], [18.1304786, 49.8636591], [18.1299166, 49.8636839], [18.1295465, 49.8637032], [18.1293989, 49.8637076], [18.1292696, 49.8637177], [18.1287953, 49.8637346], [18.1285584, 49.863723], [18.1284174, 49.8637135], [18.1281211, 49.8636841], [18.1274964, 49.8635853], [18.1271595, 49.8635267], [18.1269149, 49.8634799], [18.1264825, 49.8634373], [18.1257945, 49.8635676], [18.1256334, 49.863558], [18.125352, 49.8634352], [18.1252336, 49.8634698], [18.1249469, 49.8634925], [18.124453, 49.8633112], [18.1242765, 49.863171], [18.1240022, 49.8631686], [18.1234346, 49.862988], [18.1232629, 49.862986], [18.1231952, 49.862836], [18.1230081, 49.8628338], [18.12305, 49.8627704], [18.1229793, 49.862713], [18.1228379, 49.8626844], [18.1227519, 49.8627325], [18.1227085, 49.8626457], [18.1225444, 49.8625849], [18.1225009, 49.8626018], [18.1223626, 49.8625327], [18.1218701, 49.8623147], [18.1216819, 49.8622022], [18.1214097, 49.8618151], [18.1211709, 49.8617636], [18.1208355, 49.8616477], [18.1204115, 49.8614803], [18.1202247, 49.8613569], [18.120075, 49.8613378], [18.1196225, 49.8609976], [18.1194271, 49.86081], [18.1192058, 49.8605335], [18.1188882, 49.8600841], [18.1188151, 49.8600514], [18.1187877, 49.8599133], [18.1187802, 49.8598916], [18.1180595, 49.8588681], [18.1173982, 49.8579787], [18.117216, 49.8577905], [18.1171099, 49.8575938], [18.1170162, 49.857265], [18.116963, 49.8568167], [18.116789, 49.8563269], [18.1164965, 49.8554713], [18.1164789, 49.855238], [18.1163639, 49.8551567], [18.1161729, 49.854811], [18.116436, 49.8547047], [18.1162413, 49.8545135], [18.1160307, 49.8544567], [18.1162786, 49.8541688], [18.1163721, 49.8540254], [18.1162042, 49.8539033], [18.1162508, 49.8537391], [18.1159677, 49.853256], [18.1159614, 49.853128], [18.1159429, 49.8529889], [18.1159074, 49.8528468], [18.1158428, 49.8526722], [18.1158303, 49.852475], [18.1158252, 49.852238], [18.1159575, 49.852001], [18.115709, 49.8518241], [18.1157052, 49.851743], [18.1158676, 49.8514738], [18.1158931, 49.8513583], [18.116029, 49.8511414], [18.115979, 49.850851], [18.1159761, 49.8507188], [18.1158015, 49.8505964], [18.1157325, 49.8504864], [18.115453, 49.8503083], [18.1153744, 49.8503366], [18.1152087, 49.8499968], [18.115491, 49.8499466], [18.1153766, 49.8496431], [18.115197, 49.8495674], [18.114866, 49.8495792], [18.1147425, 49.8494654], [18.1149803, 49.8493342], [18.1148094, 49.8492377], [18.1147715, 49.8488483], [18.1147359, 49.8486644], [18.1147305, 49.848639], [18.1147214, 49.8486063], [18.1146883, 49.8485918], [18.1146408, 49.8485405], [18.1143564, 49.8479994], [18.1140463, 49.8475828], [18.1142356, 49.8473694], [18.1142599, 49.8472962], [18.1141211, 49.8471636], [18.1139809, 49.8471226], [18.1137629, 49.8468654], [18.1133528, 49.8468084], [18.1131512, 49.8465006], [18.1131369, 49.8464788], [18.1127419, 49.8463436], [18.1129014, 49.8461348], [18.1129334, 49.8460928], [18.1128327, 49.845946], [18.1127206, 49.8458399], [18.1125028, 49.8456066], [18.1123682, 49.845466], [18.1122594, 49.8453505], [18.1123512, 49.8452759], [18.1123526, 49.845258], [18.112341, 49.8452391], [18.1123226, 49.8452033], [18.1121167, 49.8451256], [18.1118164, 49.844798], [18.1118527, 49.8446361], [18.1117161, 49.8446664], [18.1113921, 49.8447708], [18.1111963, 49.8448809], [18.1112046, 49.8451502], [18.1112576, 49.8452357], [18.1109283, 49.8453632], [18.1107732, 49.8453738], [18.1105038, 49.8454155], [18.1103387, 49.8454963], [18.1100732, 49.8454477], [18.1097173, 49.8456472], [18.1095151, 49.8457926], [18.1088647, 49.8459005], [18.1085925, 49.8460582], [18.1085633, 49.8459829], [18.1085551, 49.8457602], [18.1084788, 49.8456381], [18.1089452, 49.8454252], [18.1090089, 49.8451611], [18.1093605, 49.844945], [18.109563, 49.8445237], [18.1098488, 49.8442229], [18.1100639, 49.8439234], [18.1102243, 49.8437002], [18.1103905, 49.8436058], [18.1106628, 49.8435566], [18.1105878, 49.8433006], [18.1104185, 49.8432929], [18.1100724, 49.8428805], [18.1098457, 49.8424755], [18.109709, 49.8421569], [18.1097209, 49.8417365], [18.1082857, 49.8416259], [18.1080167, 49.8415167], [18.1073096, 49.8412871], [18.1068748, 49.8412698], [18.1068402, 49.8413528], [18.1055527, 49.841479], [18.1054809, 49.8415502], [18.1052509, 49.8415292], [18.1050433, 49.8414883], [18.1048826, 49.8415291], [18.1047577, 49.8414718], [18.104572, 49.841493], [18.1044152, 49.8414382], [18.1043708, 49.84139], [18.1042619, 49.8412858], [18.1042507, 49.8412091], [18.1043611, 49.8411508], [18.1044551, 49.8412227], [18.1046404, 49.8412734], [18.1048598, 49.8411834], [18.1052229, 49.841278], [18.1056135, 49.8411798], [18.105781, 49.8411976], [18.1058769, 49.841161], [18.1060696, 49.8411844], [18.1061166, 49.8411552], [18.1057183, 49.8401323], [18.1057533, 49.8398251], [18.1059035, 49.8395587], [18.1061067, 49.8395572], [18.1070414, 49.8395434], [18.1077347, 49.8394684], [18.1089451, 49.839452], [18.1097006, 49.8394417], [18.1096083, 49.839293], [18.1093755, 49.8391667], [18.1093901, 49.8390466], [18.1094559, 49.8389332], [18.1096723, 49.8387213], [18.1096895, 49.8386504], [18.1096498, 49.8386301], [18.1095515, 49.8385799], [18.1096935, 49.8385456], [18.1101326, 49.8384394], [18.1102262, 49.838414], [18.1103617, 49.8383954], [18.1104181, 49.8383603], [18.1106643, 49.8387659], [18.1107277, 49.8387307], [18.11085, 49.8385695], [18.1109114, 49.8384817], [18.1110244, 49.8384141], [18.1111977, 49.8383996], [18.111383, 49.8383557], [18.1115925, 49.8382491], [18.1116576, 49.8382325], [18.1118248, 49.8381807], [18.1120591, 49.8381328], [18.1120583, 49.8378476], [18.1123785, 49.8375833], [18.112521, 49.8375232], [18.1130101, 49.8372482], [18.1131823, 49.8371136], [18.1134125, 49.8368631], [18.1135091, 49.8367482], [18.1136952, 49.8365642], [18.11373, 49.8365341], [18.1137404, 49.8365207], [18.1138713, 49.8363534], [18.1139401, 49.8361961], [18.1139392, 49.8360632], [18.1137484, 49.83581], [18.1137517, 49.8357346], [18.1137362, 49.8355944], [18.1137061, 49.8355311], [18.1137064, 49.8352319], [18.1137002, 49.8350816], [18.1137115, 49.8349266], [18.1137121, 49.8347945], [18.1136565, 49.8347277], [18.1134791, 49.8345602], [18.1130386, 49.8339048], [18.1129952, 49.8338128], [18.1128371, 49.8334144], [18.1128053, 49.8333267], [18.1126243, 49.8329643], [18.1124702, 49.8327708], [18.1124415, 49.8327348], [18.1120821, 49.8326792], [18.1114465, 49.8326083], [18.1107364, 49.8325688], [18.1105656, 49.8325944], [18.1103204, 49.8326378], [18.1100291, 49.8327009], [18.1096999, 49.8327823], [18.1089047, 49.833078], [18.1083482, 49.8331693], [18.1081735, 49.8331805], [18.1079777, 49.8332258], [18.1079392, 49.8332322], [18.1078755, 49.8332336], [18.1077514, 49.8332331], [18.1076895, 49.8332256], [18.1076624, 49.8332196], [18.1075988, 49.8332234], [18.107468, 49.8332413], [18.1073584, 49.8332313], [18.1072741, 49.8332358], [18.1072127, 49.833223], [18.1071245, 49.8332104], [18.1070029, 49.8331852], [18.1068804, 49.8331713], [18.1067301, 49.83314], [18.1066522, 49.8330985], [18.1065964, 49.8330437], [18.1065156, 49.8330371], [18.1064805, 49.8330438], [18.1063113, 49.8331085], [18.1062565, 49.8331091], [18.1061604, 49.8331051], [18.1061491, 49.8330867], [18.1060171, 49.8330883], [18.106016, 49.8330508], [18.1059839, 49.8330506], [18.1059417, 49.8330457], [18.10577, 49.8330495], [18.1056046, 49.8330189], [18.1055595, 49.8330132], [18.1053624, 49.8330228], [18.1052098, 49.8330351], [18.105011, 49.833058], [18.1049518, 49.8329806], [18.1049551, 49.832978], [18.1049206, 49.8328081], [18.104926, 49.8327892], [18.1049373, 49.8327719], [18.1049529, 49.8327568], [18.1048486, 49.8327273], [18.1045736, 49.8327172], [18.1044103, 49.8327164], [18.1043649, 49.8327194], [18.1042293, 49.8327402], [18.103922, 49.8328096], [18.1038562, 49.8328012], [18.1035381, 49.8326864], [18.1033878, 49.8326588], [18.1031123, 49.8325795], [18.1030673, 49.8325696], [18.1027424, 49.8325681], [18.1023638, 49.8324085], [18.1016894, 49.8323771], [18.1015364, 49.8323289], [18.1010616, 49.8319433], [18.1008219, 49.8317655], [18.1009416, 49.8314977], [18.1009772, 49.8314115], [18.100686, 49.8307578], [18.1005913, 49.830471], [18.1004954, 49.8303909], [18.1001634, 49.8303418], [18.0998118, 49.8302647], [18.0992674, 49.8303584], [18.0989398, 49.8304268], [18.0984768, 49.8304883], [18.0984727, 49.8304361], [18.098411, 49.8301354]]]}}, {"type": "Feature", "properties": {"name": "Plze\u0148"}, "geometry": {"type": "Polygon", "coordinates": [[[13.2679878, 49.7739727], [13.2680056, 49.7737443], [13.2683267, 49.7732202], [13.2686581, 49.7726035], [13.2689133, 49.7722174], [13.2690682, 49.7720199], [13.2692953, 49.7717579], [13.2696975, 49.771096], [13.2701182, 49.770579], [13.2705169, 49.7701872], [13.2707279, 49.7699293], [13.2717403, 49.7699305], [13.2721649, 49.7699291], [13.2723827, 49.769973], [13.2726044, 49.769898], [13.2732048, 49.7698942], [13.2733968, 49.7698962], [13.2746761, 49.7699962], [13.2750347, 49.7698203], [13.2756024, 49.7695478], [13.2761516, 49.7692887], [13.2764942, 49.7691247], [13.2768969, 49.7689275], [13.2774898, 49.768653], [13.2777604, 49.7684332], [13.2783411, 49.768145], [13.2784542, 49.7680202], [13.2788368, 49.7681059], [13.2795654, 49.7681666], [13.2806766, 49.768228], [13.2813169, 49.768229], [13.2820048, 49.7681751], [13.2824684, 49.7681899], [13.2832397, 49.7681786], [13.2837265, 49.7680637], [13.2841084, 49.7680674], [13.2845298, 49.7680956], [13.2848184, 49.7681751], [13.2850951, 49.7682542], [13.2854152, 49.7683153], [13.2856278, 49.7683216], [13.2859469, 49.7683103], [13.285892, 49.7681731], [13.2859306, 49.7677229], [13.2858234, 49.7674046], [13.2857486, 49.76695], [13.2857001, 49.7669638], [13.2855922, 49.7668398], [13.285517, 49.7668011], [13.2854228, 49.7667917], [13.285134, 49.7669359], [13.2849674, 49.7669653], [13.2848842, 49.7668712], [13.28481, 49.7665601], [13.2848457, 49.7664475], [13.285012, 49.7663683], [13.2853301, 49.7663686], [13.2855342, 49.7663273], [13.2860316, 49.7661863], [13.2861509, 49.7661346], [13.286174, 49.766049], [13.2861081, 49.7659965], [13.2856896, 49.7659882], [13.2856004, 49.7659765], [13.2855337, 49.7658956], [13.2856359, 49.765692], [13.2857078, 49.7655858], [13.2857777, 49.7655391], [13.2862011, 49.7657236], [13.2863709, 49.7657385], [13.2866206, 49.7657086], [13.2867891, 49.7657223], [13.2871307, 49.7658842], [13.2873607, 49.7660203], [13.2875396, 49.7660859], [13.2877383, 49.7660871], [13.2879359, 49.7660354], [13.2881715, 49.7658996], [13.2883169, 49.7657558], [13.2884381, 49.7656702], [13.2885816, 49.7656307], [13.2886695, 49.765616], [13.2889445, 49.7656696], [13.2890073, 49.76571], [13.2890158, 49.7657503], [13.2890087, 49.7657949], [13.2889805, 49.7658811], [13.288723, 49.7660715], [13.2885472, 49.7662161], [13.2884387, 49.7663947], [13.288446, 49.7664277], [13.2884897, 49.7664789], [13.2885605, 49.7664977], [13.2886917, 49.7664589], [13.2889289, 49.7663037], [13.2891703, 49.766188], [13.2893416, 49.7662031], [13.2895271, 49.7663172], [13.2896805, 49.7664906], [13.2899374, 49.766558], [13.2899734, 49.7666289], [13.2898335, 49.7667683], [13.2897534, 49.7667946], [13.2895172, 49.7667614], [13.2892759, 49.7669337], [13.2892574, 49.7670188], [13.2892565, 49.7670861], [13.2893118, 49.7671258], [13.2895381, 49.7671638], [13.2897384, 49.7671768], [13.2900099, 49.7671627], [13.2903138, 49.767101], [13.2903728, 49.7670873], [13.2907312, 49.7669422], [13.2908469, 49.7668287], [13.2908996, 49.7666377], [13.2908911, 49.7665012], [13.2908548, 49.7663423], [13.2906452, 49.7662219], [13.2904411, 49.7660337], [13.2904193, 49.7659603], [13.2904423, 49.7658756], [13.290509, 49.7658227], [13.2906304, 49.7657684], [13.2907714, 49.7657579], [13.2910308, 49.765764], [13.291572, 49.7658138], [13.2917008, 49.7657728], [13.2917257, 49.7657499], [13.2916794, 49.7656271], [13.2916797, 49.7653646], [13.2915694, 49.765296], [13.2910445, 49.7652401], [13.2908978, 49.7651914], [13.2908784, 49.765127], [13.2909714, 49.7649222], [13.2908792, 49.7649168], [13.2906807, 49.7645229], [13.2906112, 49.7644024], [13.290489, 49.7640635], [13.2903745, 49.7637282], [13.2902108, 49.7632631], [13.2901777, 49.7631418], [13.2897721, 49.7619826], [13.2897235, 49.7619178], [13.2897268, 49.7618659], [13.2894614, 49.7612198], [13.2893638, 49.7609531], [13.2893539, 49.7609551], [13.2890384, 49.7609774], [13.2890186, 49.7608746], [13.2889765, 49.7606248], [13.2889544, 49.7603747], [13.2889534, 49.7602805], [13.2889507, 49.7601866], [13.2889498, 49.7600337], [13.2889628, 49.7596066], [13.2889698, 49.7594338], [13.2889605, 49.7592302], [13.2889384, 49.759086], [13.288695, 49.75912], [13.288688, 49.7588272], [13.2886961, 49.758624], [13.2887098, 49.7584906], [13.2887448, 49.7582142], [13.2888151, 49.7578351], [13.2893611, 49.7578924], [13.2896629, 49.7579295], [13.2902891, 49.7580187], [13.2907825, 49.7580767], [13.29065, 49.7577904], [13.2905506, 49.7575418], [13.2904792, 49.75736], [13.2902437, 49.756816], [13.2901529, 49.7565953], [13.2900426, 49.7563409], [13.2898215, 49.7558394], [13.2895963, 49.7553209], [13.2894774, 49.7550508], [13.2893887, 49.7548453], [13.2892575, 49.7545181], [13.2891983, 49.7543706], [13.2891431, 49.7542407], [13.2890633, 49.7540879], [13.2889808, 49.7539162], [13.288884, 49.7537167], [13.2888007, 49.7535509], [13.2887138, 49.7533662], [13.2886308, 49.7531876], [13.2885571, 49.7529954], [13.2885161, 49.7528987], [13.2884741, 49.752803], [13.2883952, 49.7526247], [13.2883391, 49.7525044], [13.2882894, 49.7524745], [13.2882498, 49.7522145], [13.2882327, 49.752103], [13.2882255, 49.7520407], [13.2882154, 49.7519902], [13.2881684, 49.7516793], [13.2881248, 49.7513835], [13.2880971, 49.751193], [13.2880569, 49.7509133], [13.2880416, 49.7508135], [13.2880097, 49.7506177], [13.2879793, 49.7504238], [13.2879509, 49.7502317], [13.28792, 49.7500275], [13.2878926, 49.7498422], [13.2878663, 49.7496526], [13.2878469, 49.7495163], [13.287826, 49.7493719], [13.2878054, 49.7492272], [13.2877852, 49.7490813], [13.2877663, 49.7489474], [13.2876792, 49.7483837], [13.2876581, 49.7482388], [13.2876428, 49.7481297], [13.2875645, 49.7475945], [13.2875104, 49.747289], [13.2874615, 49.7469037], [13.287436, 49.7466585], [13.2874178, 49.7464882], [13.2874174, 49.7463195], [13.2874183, 49.7459664], [13.2874112, 49.7457724], [13.2874083, 49.7453133], [13.2850851, 49.7451781], [13.2850986, 49.7439104], [13.2851188, 49.7426182], [13.285131, 49.7416611], [13.2851489, 49.7404631], [13.2858697, 49.7405347], [13.2869426, 49.7406415], [13.2874087, 49.7407041], [13.2877566, 49.7407852], [13.2880638, 49.7408963], [13.2882672, 49.7408786], [13.2880137, 49.7405389], [13.2876053, 49.7399046], [13.2871687, 49.7392359], [13.2870658, 49.739134], [13.286545, 49.7386327], [13.2854561, 49.7376801], [13.2867233, 49.7377661], [13.2877306, 49.7378241], [13.2896714, 49.7379497], [13.2908042, 49.7380254], [13.2908189, 49.7379752], [13.2910113, 49.7369245], [13.2910913, 49.7364261], [13.2912512, 49.7354972], [13.291362, 49.7353412], [13.2917438, 49.7354322], [13.2919503, 49.7354802], [13.2921856, 49.7355358], [13.2933686, 49.734825], [13.2935514, 49.7348765], [13.2938694, 49.7349577], [13.2940617, 49.7350066], [13.2942749, 49.735051], [13.2945134, 49.7350988], [13.2948172, 49.7351937], [13.2950856, 49.7352308], [13.2952562, 49.7352551], [13.2954659, 49.7352829], [13.2954891, 49.7352877], [13.2955593, 49.7352976], [13.2962791, 49.7353985], [13.2964551, 49.7350052], [13.296492, 49.7350152], [13.2967837, 49.7351006], [13.2969019, 49.7351349], [13.2971277, 49.7351996], [13.297255, 49.7352363], [13.2973073, 49.7352516], [13.2973748, 49.7352717], [13.2976281, 49.7353453], [13.297902, 49.7354119], [13.2981551, 49.7354726], [13.2984907, 49.735552], [13.2985533, 49.7355689], [13.2989885, 49.7356733], [13.2994031, 49.7357698], [13.2996038, 49.7358118], [13.2999221, 49.7358927], [13.3000209, 49.7359199], [13.3004583, 49.7360348], [13.3009888, 49.73609], [13.3010357, 49.7360953], [13.3011094, 49.7361011], [13.3015358, 49.736154], [13.3017583, 49.7361791], [13.3020456, 49.7362124], [13.3023688, 49.7362495], [13.3024099, 49.7362547], [13.3027278, 49.7362898], [13.3028677, 49.7363029], [13.3029584, 49.7363123], [13.3031889, 49.7363341], [13.303226, 49.7363376], [13.3033292, 49.7363466], [13.3035879, 49.7363728], [13.3036289, 49.7363772], [13.3038483, 49.7364028], [13.304062, 49.7364267], [13.3041182, 49.7364328], [13.3041485, 49.7364362], [13.3043894, 49.7364653], [13.3048497, 49.7365531], [13.304912, 49.7365643], [13.3051903, 49.7366174], [13.3055251, 49.7366809], [13.3061835, 49.7368166], [13.3065974, 49.7368945], [13.3071668, 49.7369989], [13.3073376, 49.7370299], [13.3073792, 49.7370378], [13.3074065, 49.7370422], [13.3075772, 49.7370727], [13.3078253, 49.737116], [13.3078294, 49.7370426], [13.3078312, 49.7369772], [13.3079149, 49.7367574], [13.3079861, 49.7364378], [13.308075, 49.7357184], [13.3043322, 49.7353364], [13.3019294, 49.7349983], [13.3002949, 49.734645], [13.2993698, 49.734355], [13.2975988, 49.7338362], [13.2977183, 49.7336562], [13.2984275, 49.7328909], [13.2990345, 49.7322285], [13.2997797, 49.7314279], [13.3008268, 49.7302959], [13.3016439, 49.7294091], [13.3059641, 49.7247335], [13.3035672, 49.7230184], [13.3011064, 49.7212306], [13.2989215, 49.7196493], [13.2982006, 49.7191352], [13.2958752, 49.7177029], [13.2949684, 49.7171512], [13.2948452, 49.717077], [13.2944806, 49.7168575], [13.2946419, 49.7167218], [13.2946438, 49.7167135], [13.294657, 49.7166571], [13.294887, 49.7161157], [13.295716, 49.7144645], [13.2961888, 49.7137227], [13.2964841, 49.7133367], [13.2967359, 49.7129184], [13.2974245, 49.7116197], [13.2977173, 49.7112151], [13.298479, 49.7102207], [13.2989068, 49.7093909], [13.2990489, 49.7092322], [13.2994883, 49.7088333], [13.3000235, 49.7084601], [13.3003349, 49.7081642], [13.3009192, 49.7075563], [13.3011656, 49.7073281], [13.3013119, 49.7070569], [13.3014253, 49.7069309], [13.3014459, 49.7068134], [13.3017219, 49.7060788], [13.3019873, 49.7054615], [13.3023671, 49.7044913], [13.302471, 49.7042975], [13.3022814, 49.7039953], [13.3017366, 49.703994], [13.3009781, 49.7036785], [13.3006693, 49.7034094], [13.3003684, 49.7030185], [13.3006457, 49.7025932], [13.3011618, 49.7021262], [13.3016192, 49.7019162], [13.3019669, 49.7016198], [13.3023726, 49.7014892], [13.3023099, 49.7012678], [13.3027285, 49.701206], [13.3033314, 49.7007849], [13.303411, 49.7007263], [13.303582, 49.7006412], [13.3035561, 49.700451], [13.3026649, 49.7001009], [13.3026395, 49.6996648], [13.3026416, 49.699315], [13.3029726, 49.6986701], [13.3030247, 49.6985745], [13.3031126, 49.6986158], [13.3033465, 49.6982771], [13.3038689, 49.6975513], [13.3039863, 49.6967899], [13.3039531, 49.6964049], [13.3042668, 49.696034], [13.3047752, 49.6955535], [13.3049404, 49.6950696], [13.3049588, 49.6946579], [13.3045983, 49.693208], [13.3043703, 49.6930655], [13.3043009, 49.6926756], [13.3042736, 49.6918187], [13.304168, 49.6915237], [13.3039182, 49.6911705], [13.3038671, 49.6910892], [13.303811, 49.6910134], [13.3037191, 49.6908575], [13.3036854, 49.6907215], [13.3036213, 49.6904011], [13.3035764, 49.6902768], [13.3035785, 49.6901039], [13.3035825, 49.6900012], [13.3036047, 49.689774], [13.3036265, 49.689198], [13.3036432, 49.6890854], [13.3036955, 49.6888845], [13.3037003, 49.6888497], [13.3037701, 49.6885765], [13.3038322, 49.6879775], [13.3038745, 49.6876041], [13.303902, 49.6874866], [13.3036918, 49.6869846], [13.3033334, 49.6864193], [13.303225, 49.6860118], [13.3031853, 49.6858624], [13.3031597, 49.6857458], [13.3031546, 49.6857005], [13.3031233, 49.6855711], [13.302968, 49.685333], [13.3027025, 49.684966], [13.3023751, 49.6844929], [13.3023499, 49.6844631], [13.3031476, 49.6840742], [13.304513, 49.683412], [13.3058364, 49.6832114], [13.3063271, 49.6829639], [13.3072054, 49.6825162], [13.3079965, 49.6823292], [13.3086381, 49.6822269], [13.3087953, 49.6821939], [13.3099054, 49.681972], [13.3104238, 49.682234], [13.3112104, 49.6818832], [13.3122067, 49.6814012], [13.3128725, 49.6811787], [13.3130948, 49.6810029], [13.3132733, 49.6808547], [13.3140968, 49.6803467], [13.3146008, 49.6801184], [13.3147411, 49.6800481], [13.3150799, 49.6797116], [13.3155247, 49.679338], [13.3155615, 49.6793027], [13.3156958, 49.6791569], [13.3158329, 49.6791961], [13.3160866, 49.6794529], [13.3165948, 49.6799224], [13.3170254, 49.6801984], [13.3171641, 49.6803157], [13.3173892, 49.6805229], [13.3175683, 49.6807271], [13.3178979, 49.6810899], [13.3179572, 49.6811626], [13.3182645, 49.6815573], [13.3185803, 49.6818533], [13.3187322, 49.6820098], [13.3189254, 49.6819871], [13.3191112, 49.6819331], [13.3191156, 49.6821849], [13.3192406, 49.6823356], [13.3200968, 49.6831051], [13.32035, 49.6834311], [13.3206675, 49.6836038], [13.3210374, 49.6836612], [13.3214246, 49.6836802], [13.322053, 49.6835321], [13.3223359, 49.6832967], [13.3225178, 49.6830881], [13.3227188, 49.6829757], [13.322994, 49.6830103], [13.3231831, 49.6831026], [13.3235651, 49.6835302], [13.3236992, 49.6838616], [13.3237755, 49.6841587], [13.3237702, 49.6844214], [13.324006, 49.6844446], [13.3240632, 49.6844475], [13.3241461, 49.6845218], [13.3241894, 49.6845455], [13.3244731, 49.6845291], [13.3244083, 49.6843739], [13.324396, 49.6842749], [13.3243943, 49.6842407], [13.3243876, 49.6841851], [13.3243077, 49.6839833], [13.3244932, 49.6839229], [13.3249021, 49.6838002], [13.3253838, 49.6835265], [13.3256823, 49.6831549], [13.3260197, 49.682952], [13.3261279, 49.6828968], [13.3265107, 49.6826064], [13.326853, 49.6823823], [13.3270111, 49.6821535], [13.3272988, 49.682058], [13.3275847, 49.6816815], [13.3278071, 49.6816233], [13.3281687, 49.6814649], [13.3282878, 49.681324], [13.3287282, 49.6815271], [13.3289168, 49.6816626], [13.3292723, 49.6818237], [13.3296387, 49.681749], [13.3302214, 49.681684], [13.3303116, 49.6813692], [13.3304531, 49.6811634], [13.3310964, 49.6808094], [13.3313573, 49.6810033], [13.331605, 49.6811708], [13.331868, 49.6813275], [13.332241, 49.6815411], [13.3326974, 49.6817038], [13.332982, 49.6817305], [13.3333714, 49.6816617], [13.333637, 49.6816803], [13.3344432, 49.6817565], [13.3347829, 49.6817802], [13.3358352, 49.6818142], [13.3370847, 49.681881], [13.3370779, 49.6819486], [13.3390254, 49.6820901], [13.3400951, 49.6822195], [13.340527, 49.6822581], [13.3406109, 49.6822446], [13.3422356, 49.6822723], [13.3422724, 49.6823036], [13.3423919, 49.6822506], [13.3427626, 49.6824921], [13.3432263, 49.6827591], [13.3435616, 49.6828933], [13.3435461, 49.6822455], [13.3449008, 49.6822389], [13.347495, 49.6822764], [13.3487466, 49.6822898], [13.3495614, 49.6823028], [13.3514829, 49.6823139], [13.3514728, 49.6826159], [13.3514583, 49.6828449], [13.3514092, 49.6834857], [13.3516507, 49.6834833], [13.3518628, 49.6834463], [13.3534727, 49.6831856], [13.3550117, 49.6829474], [13.3562244, 49.6827249], [13.3569133, 49.6826222], [13.3573559, 49.6825393], [13.3579148, 49.6824163], [13.3590257, 49.6821616], [13.359234, 49.6821281], [13.3603196, 49.6818879], [13.3607411, 49.681823], [13.3621032, 49.6818325], [13.3632572, 49.6819038], [13.3637786, 49.6819473], [13.3642067, 49.6819913], [13.3646273, 49.6814836], [13.3648297, 49.6812441], [13.3650531, 49.6808604], [13.3650742, 49.6808211], [13.3651433, 49.680846], [13.3651639, 49.6808556], [13.3666334, 49.6814387], [13.36747, 49.6817611], [13.3684958, 49.6821776], [13.3692341, 49.6825178], [13.3698332, 49.6828884], [13.3704367, 49.6832345], [13.370767, 49.6833622], [13.3717025, 49.6837652], [13.3724703, 49.6840877], [13.3728454, 49.6842714], [13.3729566, 49.6843343], [13.3744171, 49.6852338], [13.3748935, 49.6854478], [13.3760334, 49.6858341], [13.376334, 49.6859031], [13.3769834, 49.6860594], [13.3763742, 49.6888009], [13.3765969, 49.6888152], [13.376577, 49.6890741], [13.3771105, 49.6890856], [13.3779817, 49.6891434], [13.3780008, 49.6893834], [13.3787396, 49.6893998], [13.3797028, 49.6894666], [13.3806926, 49.6895436], [13.3819147, 49.6896132], [13.3830348, 49.689694], [13.383094, 49.6896401], [13.3831062, 49.6892661], [13.3831362, 49.6889485], [13.3836877, 49.6889669], [13.3842926, 49.6889777], [13.3848725, 49.688995], [13.3858521, 49.6890072], [13.3866423, 49.6889812], [13.386868, 49.6890712], [13.3869962, 49.6890409], [13.387171, 49.6890247], [13.3873367, 49.6891714], [13.3873765, 49.6892091], [13.3874919, 49.6892963], [13.3876708, 49.6894038], [13.3877662, 49.6894443], [13.3879416, 49.6894819], [13.3881453, 49.6893872], [13.388399, 49.6893219], [13.3893048, 49.6891361], [13.3893668, 49.6892304], [13.3893875, 49.6892548], [13.3896713, 49.6892023], [13.3903933, 49.6890738], [13.3907569, 49.6890073], [13.3907606, 49.6886715], [13.3907278, 49.6885611], [13.3910001, 49.6885594], [13.3915777, 49.6885637], [13.3921059, 49.6883042], [13.3921473, 49.6884377], [13.3927281, 49.688547], [13.3927763, 49.6886901], [13.3933821, 49.6888561], [13.3939805, 49.6890121], [13.39396, 49.6890709], [13.3943902, 49.6892142], [13.3944473, 49.6892872], [13.3946261, 49.6894106], [13.394696, 49.6894857], [13.3958101, 49.6888872], [13.3960742, 49.6888056], [13.3961899, 49.6888269], [13.3964376, 49.688902], [13.3967692, 49.6890184], [13.3972832, 49.6891418], [13.3976714, 49.6892908], [13.3981494, 49.6896119], [13.3984267, 49.6896939], [13.398639, 49.6897187], [13.3992473, 49.6896926], [13.399411, 49.6896941], [13.400053, 49.6897392], [13.400727, 49.6897828], [13.4012765, 49.6897764], [13.4017407, 49.6897077], [13.4023806, 49.6895482], [13.4032341, 49.6890723], [13.4035096, 49.6886809], [13.4035956, 49.6884161], [13.4033588, 49.687798], [13.4033375, 49.6877081], [13.4029037, 49.6866286], [13.4028394, 49.686408], [13.4026355, 49.6853695], [13.4022153, 49.6847628], [13.4017733, 49.6846255], [13.4014926, 49.6844556], [13.401483, 49.6843722], [13.4009117, 49.6838159], [13.4006351, 49.6836813], [13.4003447, 49.6835822], [13.400376, 49.6834751], [13.4003634, 49.683439], [13.400244, 49.6832137], [13.4003459, 49.6831492], [13.4008241, 49.6828467], [13.401351, 49.6825212], [13.4013675, 49.6820512], [13.4013894, 49.6816649], [13.4016045, 49.6813135], [13.4020172, 49.6811318], [13.4025494, 49.6809052], [13.4030548, 49.6810271], [13.4034958, 49.6811702], [13.4037742, 49.6812318], [13.4045764, 49.6814566], [13.405079, 49.6814758], [13.4053391, 49.6814122], [13.4054086, 49.6813971], [13.4061248, 49.6813627], [13.4069571, 49.6813079], [13.4074584, 49.6812799], [13.4077571, 49.6812314], [13.4081818, 49.6811995], [13.4087389, 49.6811672], [13.4090624, 49.6810771], [13.4096092, 49.6811005], [13.4100191, 49.6811922], [13.4106149, 49.6812466], [13.4110818, 49.6811928], [13.4113946, 49.6812129], [13.4118467, 49.6812924], [13.4121991, 49.6813054], [13.4124424, 49.6813167], [13.4134563, 49.6812965], [13.4136834, 49.6812694], [13.414139, 49.6812596], [13.4151209, 49.6812574], [13.4157351, 49.6812241], [13.4161763, 49.6811848], [13.4167329, 49.6811379], [13.4169868, 49.6810907], [13.4170024, 49.6810878], [13.417742, 49.6812349], [13.4184139, 49.6813745], [13.4185253, 49.6814004], [13.4190228, 49.68149], [13.4195199, 49.6815822], [13.4197024, 49.681613], [13.4200661, 49.6816738], [13.421217, 49.6818824], [13.4219576, 49.6820183], [13.4220681, 49.682029], [13.4224843, 49.6820968], [13.4225114, 49.6820178], [13.4226804, 49.6820156], [13.4229229, 49.681973], [13.4232427, 49.6818957], [13.4237044, 49.6817699], [13.4239716, 49.6814934], [13.4242497, 49.6811774], [13.4244761, 49.6808836], [13.4247585, 49.6805353], [13.4248565, 49.680388], [13.4250103, 49.6802163], [13.4252349, 49.6799707], [13.4253693, 49.679814], [13.425451, 49.6796998], [13.4255988, 49.6795568], [13.4256739, 49.6794704], [13.4258948, 49.6792479], [13.4260673, 49.6790449], [13.4263543, 49.67874], [13.4264143, 49.6786203], [13.4265267, 49.6781957], [13.4266289, 49.6777294], [13.4266389, 49.6776155], [13.4267969, 49.6776013], [13.4272406, 49.6778232], [13.4277376, 49.6777925], [13.4281045, 49.6778322], [13.42856, 49.6779307], [13.4288352, 49.6779488], [13.429355, 49.6780437], [13.4300398, 49.67821], [13.4303699, 49.6783303], [13.4305971, 49.6783662], [13.4313561, 49.6786113], [13.4316311, 49.6786465], [13.4319694, 49.6787416], [13.432524, 49.6787853], [13.432915, 49.6788462], [13.4335254, 49.6788938], [13.4337685, 49.6789608], [13.4341125, 49.6789971], [13.4345499, 49.6790654], [13.4348777, 49.6791038], [13.435133, 49.6791746], [13.4357805, 49.6792814], [13.435859, 49.6792647], [13.4361169, 49.6793024], [13.4367312, 49.6794361], [13.4376763, 49.6795786], [13.4379031, 49.6796347], [13.4384904, 49.6798183], [13.438592, 49.6796931], [13.4387555, 49.679447], [13.4390826, 49.6789134], [13.4396846, 49.6793547], [13.439773, 49.6794074], [13.4409117, 49.6798262], [13.4415462, 49.6800132], [13.4416531, 49.6799889], [13.4416961, 49.6799992], [13.4424532, 49.6801802], [13.4426364, 49.6802126], [13.4422688, 49.6805935], [13.4417441, 49.6811416], [13.4422812, 49.6814154], [13.4428325, 49.6816558], [13.4430814, 49.6817403], [13.4435363, 49.6819632], [13.4437696, 49.6820453], [13.444137, 49.6822365], [13.4446882, 49.682548], [13.4455753, 49.6828059], [13.4459451, 49.6831803], [13.4462113, 49.6834594], [13.4465433, 49.6837574], [13.4465929, 49.6837955], [13.4467172, 49.683891], [13.4470201, 49.6841062], [13.4470828, 49.6841507], [13.4471702, 49.6841909], [13.4479578, 49.6844099], [13.4475897, 49.6845476], [13.4468349, 49.6847523], [13.4462771, 49.6848739], [13.4456951, 49.6849588], [13.4452326, 49.6850173], [13.444845, 49.685125], [13.4442194, 49.6853374], [13.4435451, 49.6855743], [13.4428137, 49.6858535], [13.4422931, 49.686018], [13.4415782, 49.6865979], [13.4414304, 49.6865223], [13.4412288, 49.6867257], [13.4410058, 49.6869238], [13.4403993, 49.6874891], [13.4402459, 49.6876264], [13.4396999, 49.6882803], [13.4396497, 49.6883292], [13.4398077, 49.6884028], [13.4404349, 49.6886394], [13.4408462, 49.6887993], [13.4413737, 49.6889963], [13.441321, 49.6890844], [13.4410942, 49.6895351], [13.4408396, 49.6901096], [13.4405202, 49.6908142], [13.4401996, 49.6915037], [13.4398844, 49.6922066], [13.4395663, 49.6928982], [13.4394472, 49.6930883], [13.4390672, 49.6936487], [13.4387306, 49.6941798], [13.4389676, 49.695223], [13.4390835, 49.6955923], [13.4389659, 49.6961367], [13.4389616, 49.6962665], [13.4384357, 49.6963904], [13.4380789, 49.6964802], [13.4371411, 49.6966827], [13.4353915, 49.6970731], [13.4346287, 49.6972272], [13.4320493, 49.6977937], [13.4316322, 49.6978739], [13.4314743, 49.6979083], [13.4314292, 49.6979334], [13.4309612, 49.6980279], [13.4310036, 49.6981229], [13.4309657, 49.698129], [13.4310145, 49.6981738], [13.4313909, 49.6987493], [13.4315223, 49.6990096], [13.4315725, 49.6992166], [13.4316155, 49.6995963], [13.4316168, 49.7000492], [13.431598, 49.7003722], [13.4316235, 49.7006486], [13.4316087, 49.7008589], [13.4315758, 49.7009471], [13.4314098, 49.7011499], [13.4311286, 49.7013719], [13.4307872, 49.7015958], [13.4303922, 49.7017132], [13.4301533, 49.7016844], [13.4299597, 49.7017131], [13.4294465, 49.7021021], [13.4293943, 49.7021731], [13.4293255, 49.702282], [13.4293068, 49.702385], [13.4292956, 49.7024804], [13.4294935, 49.7026543], [13.4295449, 49.702826], [13.4293425, 49.7030033], [13.4291915, 49.7030265], [13.4290559, 49.7029804], [13.4290219, 49.7030157], [13.429154, 49.703206], [13.4292753, 49.7033022], [13.4296303, 49.7034983], [13.430027, 49.7036566], [13.430114, 49.7037108], [13.4307044, 49.7041276], [13.4309154, 49.7044879], [13.4308793, 49.7046411], [13.4308178, 49.7048183], [13.4309755, 49.7049571], [13.4311027, 49.7051352], [13.4312192, 49.7051892], [13.4315945, 49.7052278], [13.4316894, 49.7052877], [13.4317414, 49.7054057], [13.4318448, 49.7055073], [13.4319388, 49.7054702], [13.4323119, 49.7056792], [13.4327725, 49.7059606], [13.4328399, 49.7060604], [13.4328424, 49.7062561], [13.4327397, 49.7065333], [13.432714, 49.7066777], [13.4330042, 49.7066492], [13.4330695, 49.7066492], [13.4331145, 49.7065848], [13.4332441, 49.7065048], [13.4334741, 49.7063527], [13.4337875, 49.706162], [13.4338005, 49.7060747], [13.4340859, 49.7059965], [13.4342528, 49.7059064], [13.4346051, 49.7058479], [13.4349292, 49.7056915], [13.43555, 49.7052192], [13.4356874, 49.7055174], [13.4359681, 49.7062924], [13.4360486, 49.7065002], [13.4360779, 49.7065782], [13.4361179, 49.7066882], [13.4361897, 49.7068867], [13.4362641, 49.7070768], [13.4363704, 49.7073347], [13.4364199, 49.7074488], [13.4364351, 49.7074922], [13.4364776, 49.7076104], [13.4365622, 49.7078478], [13.4366451, 49.7080839], [13.4367281, 49.7083193], [13.4368175, 49.708571], [13.4368951, 49.708788], [13.4368934, 49.7088014], [13.4369005, 49.7088266], [13.4369961, 49.7090552], [13.4370858, 49.709288], [13.4371754, 49.7095319], [13.4372794, 49.709809], [13.4373559, 49.7100067], [13.4374299, 49.7102512], [13.4375453, 49.7106032], [13.4377588, 49.7105583], [13.4385163, 49.7104444], [13.4386174, 49.710104], [13.4388807, 49.7095048], [13.439234, 49.7089273], [13.4394132, 49.7090009], [13.4398078, 49.7092707], [13.4399815, 49.708951], [13.4401733, 49.7085934], [13.4403692, 49.7081827], [13.4405744, 49.7078814], [13.4406207, 49.7078078], [13.4406996, 49.7076067], [13.4406741, 49.7075779], [13.4413045, 49.7073299], [13.4415789, 49.7072293], [13.4419244, 49.7071592], [13.4422462, 49.7071268], [13.4426671, 49.7071221], [13.4431432, 49.7071597], [13.4435453, 49.7072183], [13.4442352, 49.7073507], [13.4442713, 49.7073571], [13.4446359, 49.7074046], [13.4448206, 49.7074666], [13.4450564, 49.7077088], [13.4449582, 49.7078034], [13.4447151, 49.7078427], [13.4444895, 49.7079016], [13.444314, 49.7080049], [13.4438904, 49.7084736], [13.4435953, 49.7086119], [13.4435004, 49.7087882], [13.4434506, 49.7089084], [13.4434349, 49.7091168], [13.4434059, 49.7091953], [13.4433047, 49.709332], [13.4432363, 49.7094457], [13.4431823, 49.7095917], [13.4431862, 49.7098269], [13.4431647, 49.7099401], [13.4431014, 49.7100723], [13.4430436, 49.7101455], [13.4428844, 49.7102921], [13.442788, 49.7104216], [13.4426571, 49.7107032], [13.4426197, 49.710837], [13.4425378, 49.7110333], [13.4426585, 49.7111143], [13.4423724, 49.7115165], [13.4421373, 49.7117518], [13.442021, 49.7119645], [13.442011, 49.712106], [13.4420761, 49.7122944], [13.4422873, 49.7124273], [13.4425231, 49.7124505], [13.4427414, 49.7124129], [13.4430139, 49.7122818], [13.4433216, 49.7122512], [13.4436368, 49.7123502], [13.4439157, 49.7125027], [13.4439293, 49.7127141], [13.4437791, 49.7128784], [13.443574, 49.7129905], [13.4434454, 49.7130402], [13.442726, 49.7131429], [13.4424584, 49.7132778], [13.4423688, 49.7133604], [13.4421472, 49.7135893], [13.4420095, 49.7137851], [13.4419714, 49.7138662], [13.4419669, 49.7140545], [13.4420343, 49.7143261], [13.4419831, 49.7145959], [13.4419537, 49.7146404], [13.4417789, 49.7147555], [13.4416769, 49.7148034], [13.4414154, 49.7148364], [13.4414483, 49.7149142], [13.4414874, 49.7150316], [13.4416946, 49.7149353], [13.4419207, 49.7148686], [13.4421658, 49.71477], [13.4422559, 49.7146113], [13.4428577, 49.7141541], [13.4431547, 49.7139248], [13.4436451, 49.7135542], [13.4437032, 49.7136486], [13.4437854, 49.7136489], [13.4440711, 49.713728], [13.4445042, 49.7138426], [13.4446704, 49.7138611], [13.4449244, 49.7139363], [13.4451223, 49.7139719], [13.4453002, 49.7140858], [13.4454038, 49.7141552], [13.4454902, 49.7142034], [13.4459736, 49.7144351], [13.4464262, 49.7146359], [13.4466833, 49.7147225], [13.4467593, 49.7147443], [13.4467264, 49.7147851], [13.4466512, 49.7148814], [13.4464432, 49.7151425], [13.4463949, 49.7152049], [13.4467605, 49.715461], [13.4469663, 49.7155977], [13.4471205, 49.7157545], [13.4476634, 49.7161065], [13.4476723, 49.7163085], [13.447783, 49.7165036], [13.4478003, 49.7166401], [13.4478043, 49.7167524], [13.4477681, 49.716922], [13.4476957, 49.717059], [13.4477044, 49.7172842], [13.4477058, 49.7175264], [13.4476405, 49.717907], [13.4475548, 49.7181105], [13.4474374, 49.718306], [13.4471439, 49.7186029], [13.4471118, 49.7188405], [13.4471478, 49.7189381], [13.4471077, 49.7191123], [13.4471225, 49.7192157], [13.4470566, 49.7193639], [13.4471748, 49.7195193], [13.4471709, 49.7195771], [13.4471617, 49.7196072], [13.4471766, 49.7197843], [13.4471602, 49.7198931], [13.4471711, 49.7199327], [13.4470862, 49.7200436], [13.4468626, 49.7202546], [13.4467371, 49.7204105], [13.4468761, 49.7204902], [13.4470001, 49.7205486], [13.4474441, 49.7207108], [13.4480426, 49.7209197], [13.4480827, 49.7209363], [13.4487594, 49.7211157], [13.4492191, 49.7212042], [13.4497209, 49.7212753], [13.4497352, 49.7212499], [13.4497994, 49.7209918], [13.4498453, 49.7205868], [13.4497994, 49.7205611], [13.4497788, 49.7203941], [13.4503024, 49.7204429], [13.4505543, 49.7204349], [13.4513541, 49.7206431], [13.4515919, 49.7207185], [13.4515792, 49.7207446], [13.4515694, 49.7207674], [13.45158, 49.7208306], [13.4515761, 49.7210238], [13.4516243, 49.7211854], [13.4516246, 49.721265], [13.4515875, 49.7213638], [13.4514932, 49.7214995], [13.4513547, 49.7216624], [13.4511039, 49.7218437], [13.4510116, 49.7219068], [13.4508446, 49.7220198], [13.4499235, 49.7225787], [13.449689, 49.7227572], [13.4493695, 49.7230729], [13.4491287, 49.7233211], [13.4490138, 49.7234509], [13.4487453, 49.7237838], [13.4506109, 49.7242231], [13.4510711, 49.7242981], [13.4516129, 49.7244361], [13.451527, 49.7244523], [13.4514675, 49.7244703], [13.451432, 49.7244959], [13.4513079, 49.7246365], [13.4510448, 49.7249922], [13.4509113, 49.7251314], [13.4505681, 49.7254282], [13.4502454, 49.7256663], [13.4499294, 49.7259517], [13.4498698, 49.7260114], [13.4493273, 49.7265609], [13.4488974, 49.7269797], [13.4491707, 49.7271185], [13.4497553, 49.727382], [13.4499744, 49.7274532], [13.4501731, 49.7275152], [13.4513096, 49.7277214], [13.4520411, 49.7278089], [13.4523645, 49.7278562], [13.4533574, 49.7280997], [13.4537891, 49.7281989], [13.4537777, 49.7282588], [13.4537711, 49.7282597], [13.4521728, 49.7284989], [13.451186, 49.7286473], [13.4510144, 49.7286667], [13.4501322, 49.7287233], [13.4497051, 49.7287781], [13.4493714, 49.7288378], [13.4491392, 49.7288858], [13.4490269, 49.7289132], [13.449262, 49.7294705], [13.449366, 49.7297467], [13.449475, 49.7299661], [13.449612, 49.7302244], [13.4498838, 49.7307842], [13.4501124, 49.7313087], [13.4503694, 49.7318795], [13.450555, 49.732297], [13.4507327, 49.7327356], [13.4509021, 49.733102], [13.4509898, 49.7333165], [13.4510552, 49.7334699], [13.4511541, 49.733746], [13.4511947, 49.7339682], [13.451207, 49.734131], [13.4511128, 49.7343252], [13.4508582, 49.7346973], [13.4505019, 49.734992], [13.4505427, 49.7350342], [13.4514622, 49.7350269], [13.4518852, 49.7349689], [13.4528485, 49.7347325], [13.4542663, 49.7343222], [13.4551844, 49.7342624], [13.4551895, 49.7342995], [13.4550885, 49.7346341], [13.4549817, 49.7350963], [13.4549282, 49.7353658], [13.454843, 49.7358407], [13.4548919, 49.735839], [13.4548395, 49.7359859], [13.4547508, 49.7361682], [13.4546189, 49.7363372], [13.4550918, 49.7362792], [13.4560398, 49.7361624], [13.4564208, 49.7360301], [13.4568678, 49.7358465], [13.45717, 49.7357134], [13.4573276, 49.7356284], [13.4574914, 49.7355009], [13.4577634, 49.7352938], [13.4586176, 49.735421], [13.4588078, 49.7354299], [13.4587905, 49.7356072], [13.4587064, 49.7356584], [13.4585779, 49.7356243], [13.4584592, 49.7357425], [13.4586932, 49.7358598], [13.458858, 49.7359385], [13.4590979, 49.7360548], [13.4596427, 49.7362914], [13.4599608, 49.7364544], [13.4603003, 49.7365765], [13.4606653, 49.7367835], [13.4611096, 49.736983], [13.4615805, 49.7370814], [13.4621122, 49.7372743], [13.4624085, 49.7374005], [13.4628606, 49.737738], [13.4631537, 49.7379226], [13.4636608, 49.7382356], [13.4639001, 49.738362], [13.4642829, 49.7385302], [13.4646538, 49.7386759], [13.464941, 49.7387319], [13.4651706, 49.738786], [13.4657128, 49.7389263], [13.4661617, 49.7390702], [13.4666006, 49.7391524], [13.4667989, 49.7392014], [13.4670332, 49.7392523], [13.4666738, 49.7394149], [13.466165, 49.7396276], [13.4659604, 49.7397379], [13.4656276, 49.739915], [13.4658602, 49.7401828], [13.4660818, 49.7408514], [13.4662759, 49.7414921], [13.4663427, 49.7418162], [13.4665866, 49.7422468], [13.4667439, 49.7425531], [13.4670166, 49.7428377], [13.4670715, 49.7428931], [13.467191, 49.7430023], [13.4676677, 49.7432231], [13.4680417, 49.743311], [13.4684011, 49.7433909], [13.4688249, 49.743476], [13.4691735, 49.7435408], [13.46951, 49.7436283], [13.4696966, 49.7439212], [13.4698611, 49.7441754], [13.4700522, 49.744485], [13.4701047, 49.7446921], [13.4701799, 49.7449908], [13.4702518, 49.7452882], [13.470267, 49.7456965], [13.4703024, 49.7462072], [13.4703518, 49.7463449], [13.4703482, 49.7464725], [13.4703814, 49.7468154], [13.4705107, 49.7470878], [13.4707112, 49.7474256], [13.4708507, 49.7477692], [13.470923, 49.7479357], [13.4711126, 49.7483829], [13.4712094, 49.7486551], [13.4712687, 49.7492291], [13.471303, 49.7493879], [13.471385, 49.7495443], [13.4715305, 49.749753], [13.4716597, 49.749977], [13.4716816, 49.7500499], [13.4716779, 49.7501421], [13.4716517, 49.7502366], [13.4715884, 49.750447], [13.4715317, 49.750544], [13.4714827, 49.7508986], [13.4714926, 49.7511129], [13.471507, 49.7512509], [13.471556, 49.7515357], [13.4715937, 49.7518477], [13.4716669, 49.7520157], [13.4717315, 49.7522141], [13.4717703, 49.7523589], [13.4717994, 49.7524713], [13.4718713, 49.7526379], [13.4719498, 49.7528207], [13.4721893, 49.7533049], [13.472343, 49.7537469], [13.4723596, 49.7539096], [13.4723764, 49.7540566], [13.4723804, 49.7541528], [13.4723629, 49.7542874], [13.4723206, 49.7544102], [13.4722233, 49.7546237], [13.472197, 49.7547907], [13.4722221, 49.754953], [13.4723095, 49.7553058], [13.4723399, 49.7554488], [13.472387, 49.7556502], [13.4723979, 49.7557963], [13.472406, 49.756046], [13.4724137, 49.7562539], [13.4722552, 49.7562878], [13.4722603, 49.7563802], [13.4720556, 49.7563924], [13.4718796, 49.7564103], [13.4718314, 49.7564206], [13.4718372, 49.7566884], [13.4718453, 49.7568723], [13.4718133, 49.7571101], [13.4717643, 49.7574285], [13.4717542, 49.7576114], [13.4717765, 49.7577606], [13.471836, 49.7579459], [13.4719173, 49.7581089], [13.4720327, 49.758352], [13.4722934, 49.7588466], [13.4724347, 49.7590859], [13.4725886, 49.7592722], [13.4727947, 49.7594458], [13.4731921, 49.7596882], [13.4735952, 49.7599187], [13.4736347, 49.7599458], [13.4738564, 49.7601091], [13.4740621, 49.7602485], [13.4743728, 49.7605267], [13.4745686, 49.7607271], [13.4747443, 49.7609079], [13.4750847, 49.7612804], [13.475443, 49.7616105], [13.475763, 49.7618903], [13.4758248, 49.7619971], [13.4758418, 49.7623608], [13.475795, 49.7624052], [13.4754567, 49.7624939], [13.4749245, 49.7626665], [13.4747029, 49.7627259], [13.4744809, 49.7627662], [13.4742113, 49.7628172], [13.4739862, 49.7628515], [13.4738168, 49.7628677], [13.4735077, 49.7628839], [13.4731779, 49.7629071], [13.4728663, 49.7629212], [13.47247, 49.762972], [13.4721513, 49.7630054], [13.4717735, 49.763016], [13.4713983, 49.7629946], [13.4709574, 49.7629729], [13.4706509, 49.762955], [13.4703053, 49.7629127], [13.469979, 49.7628493], [13.4697932, 49.7628037], [13.4698043, 49.7628346], [13.4698442, 49.7629695], [13.4698935, 49.7636771], [13.4699047, 49.7638837], [13.4699753, 49.7641688], [13.4700212, 49.7643312], [13.4701392, 49.7650427], [13.4702221, 49.7654234], [13.4702259, 49.7654681], [13.4703877, 49.7662055], [13.4704747, 49.766798], [13.470558, 49.7674909], [13.4706184, 49.7677729], [13.4706598, 49.7685125], [13.4706554, 49.768576], [13.4708118, 49.7689867], [13.4709257, 49.7692806], [13.4710941, 49.7697342], [13.4711694, 49.769902], [13.4705806, 49.7699879], [13.4704637, 49.770117], [13.4701024, 49.7699472], [13.4697651, 49.769789], [13.4698988, 49.7701197], [13.4700438, 49.7704487], [13.4702324, 49.7707044], [13.471003, 49.7713769], [13.4712054, 49.7715938], [13.4713926, 49.7718144], [13.4715176, 49.7720639], [13.4715051, 49.7721984], [13.4714318, 49.772597], [13.4712932, 49.773085], [13.4711524, 49.773571], [13.4711523, 49.7738407], [13.4711464, 49.7741215], [13.4713459, 49.7744591], [13.4715727, 49.7747889], [13.4717997, 49.7751223], [13.4699429, 49.775077], [13.4685808, 49.7750421], [13.4665399, 49.7749863], [13.466207, 49.7749859], [13.4652559, 49.7749476], [13.4641273, 49.7749149], [13.4625254, 49.7744134], [13.4609893, 49.7739281], [13.4606422, 49.7738064], [13.4603799, 49.7737062], [13.4603258, 49.7736792], [13.4602809, 49.773793], [13.4594307, 49.7734911], [13.4585118, 49.77378], [13.4577267, 49.7740326], [13.4542217, 49.7751477], [13.4532908, 49.7754487], [13.4523326, 49.7757478], [13.4514825, 49.7760154], [13.4506977, 49.7762674], [13.4487178, 49.7768965], [13.4477508, 49.7772024], [13.44713, 49.7773962], [13.4467127, 49.777541], [13.4464006, 49.7776257], [13.4459395, 49.7777742], [13.4454456, 49.7779359], [13.4453224, 49.7777801], [13.4454151, 49.7776276], [13.4454401, 49.7771185], [13.4457201, 49.7765874], [13.4457083, 49.7763665], [13.4460213, 49.7761912], [13.4459188, 49.7761189], [13.4458762, 49.7758911], [13.4462689, 49.7757999], [13.4466339, 49.7757041], [13.4468592, 49.7756257], [13.4474068, 49.7753541], [13.4475871, 49.7752498], [13.4476314, 49.7750831], [13.4475967, 49.7748922], [13.4474952, 49.77473], [13.447286, 49.7744718], [13.4469423, 49.7741626], [13.4466874, 49.7737866], [13.4463205, 49.7735762], [13.4454737, 49.7734105], [13.4443035, 49.7733322], [13.4440624, 49.7733121], [13.4437548, 49.7733044], [13.443507, 49.7733073], [13.4431409, 49.7733199], [13.442702, 49.773277], [13.4423412, 49.7732236], [13.4420456, 49.7732582], [13.4410786, 49.7734902], [13.4407052, 49.7735987], [13.4400402, 49.7738119], [13.4393967, 49.7739756], [13.4387329, 49.7741617], [13.4384791, 49.7742336], [13.4381422, 49.7743367], [13.4377333, 49.7744016], [13.4373462, 49.7744226], [13.4369114, 49.7744917], [13.436393, 49.774632], [13.4358747, 49.774795], [13.4351522, 49.775121], [13.434424, 49.7754245], [13.4340679, 49.7756033], [13.4333024, 49.775925], [13.4328408, 49.7760195], [13.4319302, 49.7761833], [13.4313029, 49.7763322], [13.4304971, 49.7765802], [13.4298567, 49.7767735], [13.4293224, 49.7769043], [13.4289391, 49.777022], [13.4286302, 49.7772202], [13.4284714, 49.7773477], [13.4281545, 49.7777356], [13.4280099, 49.7780583], [13.4280104, 49.7781909], [13.4280721, 49.7783339], [13.428213, 49.7784992], [13.4284442, 49.7787193], [13.4288707, 49.7790005], [13.4295581, 49.7793927], [13.4306352, 49.779879], [13.4309664, 49.7800021], [13.431459, 49.7800382], [13.4321105, 49.7802733], [13.4323595, 49.7803884], [13.4326397, 49.7805568], [13.4331463, 49.7809511], [13.4335695, 49.7812706], [13.4337615, 49.7814425], [13.4338871, 49.7816101], [13.4340396, 49.7818649], [13.4340075, 49.7820169], [13.4339253, 49.7822971], [13.4337604, 49.7830468], [13.4338285, 49.783245], [13.4339385, 49.7838261], [13.4341869, 49.7842031], [13.4344095, 49.7844164], [13.4347374, 49.7846258], [13.4349074, 49.7849206], [13.4348852, 49.7852751], [13.4346684, 49.7854778], [13.4341607, 49.7857706], [13.4338445, 49.7860159], [13.433576, 49.7861919], [13.4332395, 49.7863941], [13.4323403, 49.7867394], [13.4315518, 49.7870048], [13.4307592, 49.7871873], [13.4303165, 49.7872577], [13.4296218, 49.7872755], [13.4291078, 49.7872941], [13.4287673, 49.7872907], [13.4279847, 49.7872423], [13.4278048, 49.7872419], [13.4272967, 49.7871236], [13.4269734, 49.7870347], [13.4266356, 49.7868542], [13.4259049, 49.7864912], [13.4249806, 49.7859895], [13.424439, 49.7855466], [13.4233006, 49.7845379], [13.4227836, 49.784011], [13.4226118, 49.7837412], [13.4225195, 49.7836078], [13.4221977, 49.7832571], [13.4218796, 49.7830343], [13.4217214, 49.7828281], [13.4216763, 49.7826574], [13.4217911, 49.7823359], [13.4221172, 49.7817545], [13.4221557, 49.7815933], [13.4221226, 49.7814416], [13.4220273, 49.7812574], [13.4218285, 49.7808046], [13.4215998, 49.7802949], [13.4214667, 49.7799761], [13.4212392, 49.7795337], [13.4209761, 49.7791954], [13.4207681, 49.778886], [13.4202432, 49.7786363], [13.4201302, 49.7785916], [13.4194071, 49.7784468], [13.4192366, 49.7784355], [13.4190336, 49.7784372], [13.4183684, 49.7784761], [13.4177716, 49.7785823], [13.4174053, 49.778728], [13.4168317, 49.7788581], [13.4158334, 49.7788231], [13.4151771, 49.778762], [13.4144614, 49.7788993], [13.4144559, 49.7791878], [13.414319, 49.779204], [13.4140261, 49.7794711], [13.4136485, 49.7795774], [13.4132557, 49.7795765], [13.4130987, 49.7799101], [13.4131004, 49.7799622], [13.4130921, 49.7804819], [13.4129378, 49.7808217], [13.4126803, 49.7810505], [13.4116649, 49.7811844], [13.4105626, 49.7820542], [13.4103835, 49.7820561], [13.410123, 49.7820758], [13.4099074, 49.7821003], [13.4099053, 49.7823418], [13.4099113, 49.7832895], [13.4098879, 49.7837836], [13.4098847, 49.784341], [13.4098891, 49.7847886], [13.4098805, 49.7855535], [13.4098695, 49.7862617], [13.4099065, 49.7864536], [13.4101646, 49.7875784], [13.410394, 49.7886126], [13.41069, 49.7899199], [13.4109566, 49.7910842], [13.4110789, 49.7916355], [13.4111244, 49.7920712], [13.4110508, 49.7920706], [13.4107086, 49.7920319], [13.410323, 49.791781], [13.4102662, 49.7917102], [13.409989, 49.7911368], [13.408998, 49.7907471], [13.4081055, 49.7904043], [13.4078005, 49.7909117], [13.407594, 49.7914028], [13.407439, 49.7919046], [13.4072933, 49.792451], [13.4070843, 49.7929913], [13.4070307, 49.7935179], [13.4070157, 49.7938633], [13.4071184, 49.7940334], [13.4074179, 49.7943917], [13.4076197, 49.7947248], [13.4078394, 49.7950496], [13.4081352, 49.7956016], [13.4082506, 49.7961037], [13.4082628, 49.7964819], [13.4082102, 49.7971426], [13.4084058, 49.7977711], [13.408585, 49.7983696], [13.4085614, 49.7986928], [13.4082824, 49.7992251], [13.407993, 49.7996113], [13.4077865, 49.7998021], [13.4074123, 49.8002104], [13.4070786, 49.8009768], [13.4070202, 49.8016068], [13.40709, 49.8021868], [13.4069804, 49.8025387], [13.4069423, 49.8027498], [13.4069096, 49.8028813], [13.4059714, 49.8035302], [13.4054969, 49.8040052], [13.4048823, 49.8044427], [13.4042343, 49.8049487], [13.4033115, 49.8053455], [13.4028263, 49.8055011], [13.4022236, 49.8056351], [13.4018043, 49.8057026], [13.4012566, 49.8057641], [13.398805, 49.8055716], [13.3982383, 49.8055343], [13.398163, 49.8055294], [13.3954733, 49.8053943], [13.3946383, 49.8053521], [13.3935286, 49.8052962], [13.3926422, 49.8054111], [13.3924436, 49.8054291], [13.392203, 49.805451], [13.3919797, 49.8054572], [13.3914736, 49.8054711], [13.3904379, 49.8054562], [13.390104, 49.8054136], [13.3900209, 49.8054123], [13.3897543, 49.8054056], [13.3891486, 49.8052788], [13.3887414, 49.8052195], [13.3876654, 49.8050456], [13.3869839, 49.8049565], [13.3862769, 49.8049613], [13.3851504, 49.8050768], [13.3846212, 49.8050944], [13.3838729, 49.8050503], [13.3834202, 49.8050045], [13.383253, 49.8050003], [13.3822238, 49.8049896], [13.3804516, 49.8049678], [13.3797111, 49.8049454], [13.3790238, 49.8049291], [13.3779155, 49.8048889], [13.376346, 49.8051062], [13.3759885, 49.8050573], [13.3757386, 49.8049617], [13.3750244, 49.8044532], [13.3744084, 49.8039699], [13.3741179, 49.8038402], [13.3734828, 49.8035291], [13.3724283, 49.8030179], [13.3719338, 49.8029432], [13.3713666, 49.8027983], [13.3706785, 49.8025592], [13.3702709, 49.8023401], [13.3698768, 49.8020346], [13.3695624, 49.8018531], [13.3690978, 49.8018436], [13.3689086, 49.8018773], [13.3673863, 49.8016687], [13.3665032, 49.8012777], [13.3656362, 49.8012104], [13.3651169, 49.8013111], [13.3640293, 49.8011008], [13.3637718, 49.801003], [13.3625918, 49.8007729], [13.3622291, 49.8006272], [13.3616858, 49.8004674], [13.3606794, 49.8003786], [13.3599523, 49.8004462], [13.3580308, 49.8003989], [13.3565038, 49.8003949], [13.3556471, 49.8002497], [13.3539161, 49.8005231], [13.352583, 49.8007202], [13.3520212, 49.800774], [13.3517184, 49.8007579], [13.351615, 49.8006752], [13.3515146, 49.8007353], [13.3517222, 49.7998366], [13.3518488, 49.7993675], [13.3521618, 49.7982958], [13.3529728, 49.7969929], [13.3538015, 49.7962642], [13.3545759, 49.7955799], [13.3548381, 49.795096], [13.3554127, 49.794109], [13.3558884, 49.7932276], [13.3562294, 49.7926018], [13.3569403, 49.7921296], [13.3587564, 49.7909664], [13.3592805, 49.7905613], [13.3608165, 49.7893266], [13.3611695, 49.7888443], [13.3614326, 49.7884796], [13.3613916, 49.7881464], [13.361344, 49.7878728], [13.361795, 49.7876415], [13.3625066, 49.7872907], [13.3632411, 49.786953], [13.3626179, 49.786647], [13.3620544, 49.7865701], [13.3613933, 49.7864472], [13.3613286, 49.7860162], [13.3609842, 49.7857622], [13.3609, 49.7856445], [13.3609129, 49.7855327], [13.3607075, 49.785484], [13.3606011, 49.7854071], [13.3604195, 49.7852173], [13.3603257, 49.7850095], [13.3597208, 49.7846145], [13.35963, 49.7845874], [13.3593291, 49.7845575], [13.3591976, 49.7844887], [13.359082, 49.7844876], [13.3586993, 49.7843702], [13.3573846, 49.7840487], [13.3571066, 49.7839259], [13.3566034, 49.7838235], [13.3560888, 49.7837576], [13.3550955, 49.7835528], [13.3545834, 49.7834164], [13.3546498, 49.78324], [13.3546481, 49.7828641], [13.3546086, 49.7824772], [13.3545246, 49.7821413], [13.3543094, 49.7817152], [13.3541154, 49.7813179], [13.3541175, 49.7812063], [13.3541022, 49.7810552], [13.3540802, 49.7808365], [13.3540423, 49.7805741], [13.3540153, 49.7803695], [13.3540138, 49.7802807], [13.3540108, 49.7800956], [13.3539654, 49.7798784], [13.3538817, 49.7796276], [13.3538233, 49.7795119], [13.353661, 49.7793064], [13.353389, 49.7790019], [13.3532798, 49.7788208], [13.3529893, 49.7783201], [13.3528728, 49.7781456], [13.3526595, 49.7778832], [13.3522645, 49.7774515], [13.3520709, 49.7771881], [13.3520621, 49.7771752], [13.3520387, 49.7771793], [13.3520321, 49.7771663], [13.3520109, 49.7771668], [13.3519246, 49.7771693], [13.351337, 49.7771985], [13.3507319, 49.7772074], [13.3506892, 49.777208], [13.3507302, 49.7769114], [13.350737, 49.7768598], [13.3507455, 49.7766646], [13.3507495, 49.7765751], [13.3507437, 49.7765773], [13.3507138, 49.7766019], [13.3507011, 49.7766225], [13.3506655, 49.7766154], [13.3505673, 49.7765924], [13.3505311, 49.7765905], [13.3505338, 49.7765766], [13.3505284, 49.7765443], [13.350512, 49.7765149], [13.3504872, 49.7764935], [13.3504543, 49.7764766], [13.3504107, 49.7764631], [13.3501975, 49.7764491], [13.3499719, 49.7764004], [13.3499249, 49.7763902], [13.3498049, 49.7763309], [13.349707, 49.7763096], [13.3496909, 49.7763073], [13.3496647, 49.7763075], [13.3496423, 49.7763118], [13.349603, 49.7763254], [13.3495766, 49.7763378], [13.3495568, 49.7763506], [13.3495395, 49.7763669], [13.3494109, 49.7763436], [13.3493714, 49.7763401], [13.3493868, 49.7763149], [13.3493868, 49.7762872], [13.3493734, 49.7762627], [13.3493528, 49.776244], [13.3493204, 49.7762267], [13.3492944, 49.7762188], [13.348928, 49.776139], [13.3483218, 49.776008], [13.3481813, 49.7759786], [13.348128, 49.7759695], [13.3481374, 49.7759468], [13.3480199, 49.7759285], [13.3478345, 49.7759014], [13.3474864, 49.775851], [13.3474613, 49.7758479], [13.3474348, 49.7758479], [13.3474078, 49.7758519], [13.3473844, 49.7758585], [13.3473617, 49.7758684], [13.3473431, 49.7758798], [13.3473138, 49.7759041], [13.3473668, 49.7758418], [13.3473906, 49.7757921], [13.3473837, 49.7757285], [13.3473847, 49.7757153], [13.3473763, 49.7757011], [13.3473726, 49.7756818], [13.3473748, 49.7756672], [13.3473807, 49.7756537], [13.3474028, 49.7756216], [13.3474103, 49.7756141], [13.3474417, 49.7755884], [13.3475087, 49.7755393], [13.3475289, 49.7755265], [13.3474755, 49.7755009], [13.3473983, 49.7754621], [13.3471966, 49.7756013], [13.3463604, 49.7762164], [13.3457317, 49.7766393], [13.3452691, 49.7769944], [13.3446711, 49.7774283], [13.3445849, 49.7774909], [13.3434334, 49.7783265], [13.3433539, 49.7783335], [13.3430928, 49.7783995], [13.3419976, 49.7786217], [13.340709, 49.7788966], [13.3400708, 49.779044], [13.3395003, 49.7791959], [13.3387986, 49.7793346], [13.3383632, 49.7794186], [13.3375749, 49.7796271], [13.3377254, 49.7798743], [13.3373453, 49.779765], [13.3371539, 49.7797134], [13.336926, 49.7797009], [13.3365887, 49.7795854], [13.3363422, 49.779356], [13.3361916, 49.7794725], [13.336095, 49.7796964], [13.3360714, 49.7799818], [13.3359564, 49.7804904], [13.3356956, 49.7804909], [13.3357598, 49.7798334], [13.3351661, 49.780011], [13.3341463, 49.7803537], [13.3330978, 49.7806864], [13.3330313, 49.780709], [13.3330339, 49.7805957], [13.3330397, 49.7804876], [13.3330589, 49.7803728], [13.33326, 49.7795809], [13.331973, 49.7799313], [13.3312534, 49.7801424], [13.3302871, 49.7804161], [13.3291336, 49.780734], [13.3287548, 49.780633], [13.3284785, 49.7804675], [13.3282383, 49.7802356], [13.3280667, 49.7799686], [13.3277778, 49.7793909], [13.3275801, 49.7789528], [13.3274013, 49.7785033], [13.3271114, 49.7778538], [13.3270533, 49.7777315], [13.3260236, 49.7778961], [13.3260176, 49.7778619], [13.325508, 49.777963], [13.3251114, 49.7781017], [13.3246822, 49.7783061], [13.3241564, 49.7786144], [13.3230077, 49.7793602], [13.3228989, 49.7795518], [13.3227205, 49.779708], [13.3229503, 49.7798391], [13.3229607, 49.7798851], [13.3227704, 49.78004], [13.322161, 49.7803938], [13.3216255, 49.7806514], [13.3209535, 49.7809647], [13.3209665, 49.7810098], [13.3206116, 49.7812437], [13.3202526, 49.7815911], [13.3199365, 49.782019], [13.3197808, 49.7822806], [13.3194535, 49.7825732], [13.3188273, 49.7831436], [13.3184946, 49.783512], [13.3184542, 49.7835813], [13.3181646, 49.7840443], [13.3179159, 49.7843518], [13.3175777, 49.7846887], [13.3177083, 49.784868], [13.3175281, 49.7850894], [13.3175048, 49.7851073], [13.3173368, 49.7850536], [13.3170908, 49.7849607], [13.3168153, 49.7849528], [13.316371, 49.7848854], [13.3159639, 49.7849579], [13.3155416, 49.7849018], [13.315235, 49.784808], [13.3149291, 49.7846691], [13.3146153, 49.7844374], [13.3145091, 49.7843617], [13.3140375, 49.7841404], [13.3138423, 49.7839397], [13.3137287, 49.7838288], [13.3135354, 49.7836499], [13.3132026, 49.7833914], [13.3129732, 49.7832245], [13.3129698, 49.7831598], [13.3128557, 49.7829735], [13.3127587, 49.7828282], [13.3127695, 49.7827187], [13.3125188, 49.7827404], [13.3120066, 49.7829574], [13.3116274, 49.7830592], [13.3111363, 49.7831434], [13.3108037, 49.7832605], [13.3103557, 49.783453], [13.309926, 49.7837315], [13.3098051, 49.7837943], [13.3095329, 49.7839899], [13.3094294, 49.7841798], [13.3091905, 49.7847128], [13.3088663, 49.7850644], [13.3086794, 49.7853838], [13.3085682, 49.7855808], [13.3084386, 49.7857721], [13.3083117, 49.7859841], [13.3076444, 49.7860909], [13.3075559, 49.786089], [13.3072713, 49.7860745], [13.3068256, 49.785919], [13.3064248, 49.7857906], [13.3057982, 49.7857949], [13.3053198, 49.7857456], [13.304873, 49.7858186], [13.3042035, 49.7860678], [13.3036292, 49.7864054], [13.3034413, 49.7865635], [13.3032087, 49.7868335], [13.3029743, 49.7870983], [13.3027789, 49.7872455], [13.3034085, 49.7877506], [13.303932, 49.7882521], [13.3042494, 49.7886], [13.3045529, 49.7891219], [13.3048644, 49.789387], [13.3045628, 49.789623], [13.3044187, 49.7897384], [13.3036617, 49.7903601], [13.30329, 49.790798], [13.3030695, 49.790327], [13.3026564, 49.7895675], [13.3024253, 49.7892888], [13.3021905, 49.7890255], [13.3019019, 49.7887595], [13.3013451, 49.7883344], [13.3010179, 49.7881048], [13.3006254, 49.7878969], [13.3005235, 49.7881817], [13.3003442, 49.7886659], [13.3002865, 49.7887804], [13.3002655, 49.788839], [13.3002473, 49.7889995], [13.3002015, 49.7891816], [13.3000048, 49.789721], [13.2999173, 49.78993], [13.2998026, 49.7901724], [13.2996902, 49.7904394], [13.2995142, 49.7909905], [13.2993703, 49.7914596], [13.2992124, 49.7920403], [13.2991815, 49.7923066], [13.2991672, 49.7924715], [13.2991561, 49.7930425], [13.2990716, 49.7932942], [13.2990292, 49.7934488], [13.298753, 49.7938817], [13.2980168, 49.7938558], [13.2974575, 49.7938458], [13.2969264, 49.7938552], [13.2964666, 49.7939016], [13.2958215, 49.7939624], [13.2952468, 49.7940411], [13.2947613, 49.7941275], [13.2942953, 49.7943167], [13.2940975, 49.7943869], [13.2937246, 49.7944855], [13.2932622, 49.7945706], [13.2929626, 49.7945755], [13.2922415, 49.7945972], [13.2916522, 49.794635], [13.2911547, 49.7946822], [13.2894484, 49.7949024], [13.2889846, 49.7949741], [13.2881276, 49.795043], [13.2878966, 49.7946236], [13.2875509, 49.7940835], [13.2876801, 49.7940944], [13.2876816, 49.7938458], [13.2877577, 49.7933896], [13.2867082, 49.793341], [13.2859037, 49.7933764], [13.2858862, 49.7930808], [13.2858076, 49.7929149], [13.2853773, 49.7928383], [13.2846933, 49.7925902], [13.283744, 49.7925475], [13.2837516, 49.7919679], [13.2838011, 49.791546], [13.2833399, 49.7915902], [13.2826711, 49.7915597], [13.282671, 49.7912663], [13.2816293, 49.7913482], [13.2811772, 49.7914065], [13.2807986, 49.7914885], [13.281037, 49.7911601], [13.2797707, 49.7914257], [13.2796851, 49.7910276], [13.2796641, 49.7907819], [13.2795304, 49.7905265], [13.2792569, 49.790203], [13.2788964, 49.7899235], [13.278726, 49.7897623], [13.2786906, 49.789557], [13.2788737, 49.7889672], [13.2792589, 49.788624], [13.2794816, 49.7881457], [13.2796571, 49.7877808], [13.2787575, 49.7875504], [13.2784609, 49.7874684], [13.2779179, 49.7873562], [13.2781081, 49.7869995], [13.2784139, 49.7866262], [13.2785833, 49.7862393], [13.2787372, 49.7858014], [13.2788652, 49.7854067], [13.2789091, 49.7851304], [13.2788315, 49.7847768], [13.2783958, 49.7836939], [13.2782144, 49.7837607], [13.2779704, 49.7839104], [13.2771476, 49.7833627], [13.27643, 49.7828582], [13.2755513, 49.7826764], [13.2753675, 49.7822303], [13.2751087, 49.7816155], [13.2750413, 49.781397], [13.2749345, 49.7809719], [13.2748762, 49.7807666], [13.2748007, 49.7805316], [13.2747734, 49.7802789], [13.2748021, 49.7799145], [13.2748487, 49.7795866], [13.2745381, 49.7795141], [13.2741664, 49.7793373], [13.2737047, 49.7792748], [13.2734725, 49.7791313], [13.2730847, 49.7796145], [13.2729194, 49.7793877], [13.2728593, 49.7792767], [13.2727429, 49.7790949], [13.2723775, 49.7787752], [13.2720682, 49.7785405], [13.2718698, 49.778393], [13.2711984, 49.7780131], [13.2708855, 49.7781448], [13.2704778, 49.7777223], [13.270247, 49.7775025], [13.269974, 49.7771924], [13.2698963, 49.7770705], [13.2697823, 49.7761962], [13.2697274, 49.775794], [13.2696649, 49.7753992], [13.2694368, 49.7753529], [13.2690404, 49.7749585], [13.2683923, 49.7744449], [13.2680802, 49.7740873], [13.2679878, 49.7739727]]]}}, {"type": "Feature", "properties": {"name": "Liberec"}, "geometry": {"type": "Polygon", "coordinates": [[[14.9529697, 50.7796847], [14.9529986, 50.7795705], [14.9530722, 50.7794042], [14.9531615, 50.7792708], [14.9534543, 50.7789018], [14.9535671, 50.7787857], [14.9537591, 50.7786269], [14.9540758, 50.7783414], [14.9539588, 50.7782811], [14.953991, 50.7780894], [14.9541014, 50.7779823], [14.954106, 50.7779256], [14.9542141, 50.7779015], [14.9542918, 50.7777869], [14.954429, 50.7777721], [14.9544725, 50.7776632], [14.9545416, 50.7776245], [14.9546334, 50.777615], [14.9546999, 50.7775653], [14.9547648, 50.7775287], [14.9549072, 50.7774195], [14.9550686, 50.777382], [14.9551597, 50.7774166], [14.9552646, 50.7774022], [14.9553873, 50.7773602], [14.9555095, 50.7773785], [14.9558245, 50.7772655], [14.9558828, 50.7771233], [14.9560295, 50.7770486], [14.956142, 50.7770342], [14.9562086, 50.7769855], [14.9564525, 50.7768659], [14.9565856, 50.7768771], [14.9566863, 50.7768239], [14.9569261, 50.7767483], [14.9570381, 50.776673], [14.957112, 50.7766191], [14.9572558, 50.7765683], [14.9573884, 50.7765121], [14.9575285, 50.7764863], [14.9576688, 50.7763365], [14.9577119, 50.776213], [14.9578819, 50.7761373], [14.9580671, 50.7760196], [14.9581245, 50.7759675], [14.9583536, 50.7756936], [14.9584114, 50.7756468], [14.958554, 50.7756133], [14.9586689, 50.775532], [14.9594391, 50.7752734], [14.9607598, 50.7747895], [14.9611699, 50.7745901], [14.9613139, 50.7744896], [14.9614784, 50.7742103], [14.9621741, 50.7736292], [14.9624988, 50.7734069], [14.9631568, 50.7729141], [14.964094, 50.7721424], [14.9644421, 50.7718955], [14.9649988, 50.7715093], [14.965801, 50.7711155], [14.9663167, 50.7708412], [14.9673927, 50.7703763], [14.967448, 50.7701258], [14.9677361, 50.7697346], [14.9679229, 50.7692421], [14.9681036, 50.7688491], [14.9683066, 50.7687107], [14.9687171, 50.7684626], [14.9689478, 50.768197], [14.9690285, 50.7680805], [14.9690986, 50.7680064], [14.9690763, 50.7678275], [14.9690638, 50.7673109], [14.9691188, 50.7668015], [14.9690949, 50.7666937], [14.9690611, 50.766056], [14.9689777, 50.7655511], [14.9689587, 50.7654069], [14.9689297, 50.7650896], [14.9689564, 50.7650005], [14.9689785, 50.7647856], [14.9690731, 50.7647111], [14.9694766, 50.764231], [14.9696921, 50.7639047], [14.9701083, 50.7635192], [14.9701231, 50.7634917], [14.9701552, 50.7634536], [14.9704537, 50.7629602], [14.9706151, 50.7627322], [14.9706359, 50.7627374], [14.9707086, 50.7625005], [14.9709293, 50.7620558], [14.9709782, 50.7619478], [14.971152, 50.7617269], [14.9713577, 50.7613943], [14.97164, 50.7608102], [14.9716951, 50.7605401], [14.9717438, 50.7604668], [14.9721669, 50.7603622], [14.972359, 50.7602813], [14.9724539, 50.760169], [14.9725449, 50.7599545], [14.9725696, 50.7597816], [14.9726076, 50.7597001], [14.9727214, 50.75907], [14.9728447, 50.7586127], [14.9729748, 50.7583031], [14.9730287, 50.7581116], [14.9731342, 50.7579731], [14.9731892, 50.757843], [14.9731991, 50.7575789], [14.9732748, 50.7573042], [14.9733138, 50.7570778], [14.9733256, 50.7570406], [14.9732953, 50.7570398], [14.9733778, 50.7568686], [14.9734467, 50.7567773], [14.9736255, 50.7566202], [14.9737893, 50.7563845], [14.9739064, 50.7561696], [14.9739313, 50.756178], [14.9740313, 50.7560365], [14.9740775, 50.7560048], [14.9741342, 50.7560086], [14.9741972, 50.7559339], [14.9743429, 50.7557901], [14.9745159, 50.7556104], [14.9745017, 50.7556024], [14.9746375, 50.7554997], [14.974949, 50.7554027], [14.9751038, 50.7553197], [14.9753497, 50.7552562], [14.9756014, 50.7552285], [14.9758315, 50.7550847], [14.9760485, 50.7547487], [14.9764304, 50.7544626], [14.9764479, 50.7544665], [14.9771433, 50.7538677], [14.9779983, 50.7528438], [14.9779329, 50.752471], [14.9779515, 50.7523042], [14.9785015, 50.7521201], [14.9796879, 50.752132], [14.9803282, 50.752162], [14.9808593, 50.7520656], [14.9814545, 50.7517349], [14.9821796, 50.7510249], [14.9822249, 50.75045], [14.9821985, 50.7503266], [14.9820799, 50.7501853], [14.9820965, 50.7501742], [14.981006, 50.7495171], [14.9808042, 50.7493164], [14.9803834, 50.7488094], [14.9802296, 50.7486549], [14.9799142, 50.7484215], [14.9791143, 50.7476487], [14.9790806, 50.7476493], [14.9788158, 50.7474353], [14.9786925, 50.7470818], [14.9785669, 50.7462295], [14.9788624, 50.7458932], [14.9788843, 50.7458924], [14.9789149, 50.7457413], [14.9786976, 50.7449158], [14.9787218, 50.744675], [14.9787042, 50.7441832], [14.9786853, 50.7440205], [14.9786593, 50.744016], [14.9787072, 50.7438021], [14.9787209, 50.7436643], [14.9787308, 50.7432571], [14.9787026, 50.7430879], [14.9786583, 50.7429665], [14.9785238, 50.7426719], [14.978474, 50.7425162], [14.9784815, 50.7423582], [14.9786598, 50.7418559], [14.9788116, 50.7415454], [14.978878, 50.7412964], [14.9789434, 50.7409465], [14.9789785, 50.7407145], [14.9790293, 50.740424], [14.9793216, 50.7397767], [14.9792353, 50.739329], [14.9799049, 50.739106], [14.9816497, 50.7379895], [14.9819389, 50.7373679], [14.982017, 50.7369241], [14.9820598, 50.7366816], [14.982283, 50.7352861], [14.982538, 50.7348022], [14.9829905, 50.7343925], [14.9832394, 50.7339616], [14.9831556, 50.7334418], [14.983423, 50.7331529], [14.9840224, 50.7325186], [14.985888, 50.7317389], [14.9865462, 50.7312455], [14.9873704, 50.7302398], [14.9878438, 50.7295747], [14.9881246, 50.7291346], [14.9883559, 50.7289467], [14.9886133, 50.7288083], [14.9886009, 50.7282105], [14.9900157, 50.7282836], [14.9901301, 50.7281768], [14.9902849, 50.7280617], [14.9904168, 50.7280187], [14.9906697, 50.7279963], [14.9909896, 50.7279177], [14.9912539, 50.7279015], [14.9916145, 50.727855], [14.9919552, 50.7277942], [14.9922507, 50.7278042], [14.9926199, 50.7277907], [14.992825, 50.7278114], [14.9931165, 50.7278308], [14.9937682, 50.727809], [14.9953458, 50.7276774], [14.9955431, 50.7276132], [14.9959849, 50.7274248], [14.996225, 50.7273027], [14.9964073, 50.7272351], [14.9969177, 50.7271141], [14.9974138, 50.7269795], [14.9975303, 50.7269318], [14.9976385, 50.7268861], [14.9978509, 50.7267964], [14.9982422, 50.7266177], [14.9989271, 50.7265622], [14.9990637, 50.7265431], [14.9992647, 50.7264844], [14.9996799, 50.7262067], [14.9998752, 50.7257878], [15.0001529, 50.7251075], [15.0004, 50.7248563], [15.000936, 50.7244086], [15.0018105, 50.7235473], [15.0018435, 50.723484], [15.0023607, 50.7229951], [15.0025285, 50.7226432], [15.002588, 50.7225895], [15.0030999, 50.721831], [15.0033027, 50.7211684], [15.00346, 50.7206075], [15.0034533, 50.7205717], [15.0036854, 50.7199191], [15.0039715, 50.719351], [15.0043319, 50.7186871], [15.0044541, 50.7184374], [15.0045691, 50.7181204], [15.0049664, 50.7176654], [15.0049204, 50.7176375], [15.0056302, 50.7171292], [15.0065637, 50.7165609], [15.0066395, 50.7165342], [15.0090914, 50.7157995], [15.0101514, 50.7157784], [15.0107461, 50.7156835], [15.0111021, 50.7156133], [15.0114854, 50.7156084], [15.0118564, 50.7156142], [15.012481, 50.7155302], [15.0125834, 50.7151405], [15.0126452, 50.7146585], [15.0129941, 50.7140258], [15.0131734, 50.7138174], [15.0132058, 50.7137967], [15.0135382, 50.7135169], [15.0136597, 50.7134192], [15.0138414, 50.7132511], [15.0138503, 50.7132116], [15.0146189, 50.7126573], [15.0150663, 50.7123974], [15.0154623, 50.7121577], [15.015868, 50.7117979], [15.016125, 50.7115122], [15.0164034, 50.7110217], [15.0165223, 50.7108846], [15.0166748, 50.710687], [15.0167525, 50.7105825], [15.0177139, 50.7100146], [15.0184489, 50.7099679], [15.0199224, 50.7098272], [15.0207779, 50.7096668], [15.0220082, 50.7094765], [15.0231775, 50.7094852], [15.0233034, 50.7094892], [15.0239544, 50.7095208], [15.0246626, 50.7096709], [15.0261776, 50.7095086], [15.0265726, 50.7093613], [15.0266429, 50.7093792], [15.0282779, 50.7095657], [15.0287089, 50.7103645], [15.0295237, 50.7103977], [15.0303253, 50.7104372], [15.0306593, 50.7105248], [15.031319, 50.7105972], [15.0316664, 50.7106776], [15.0324553, 50.7107818], [15.0324583, 50.7108341], [15.031694, 50.7111613], [15.0317317, 50.7111964], [15.0322731, 50.7118136], [15.0326988, 50.7122365], [15.0328101, 50.7123338], [15.0331496, 50.7125294], [15.0337713, 50.7128105], [15.0343472, 50.713151], [15.0346255, 50.7133232], [15.0349746, 50.7133822], [15.0351462, 50.7134375], [15.0356608, 50.7136506], [15.0359129, 50.7136903], [15.035957, 50.7137347], [15.0363237, 50.7138349], [15.036743, 50.7140215], [15.037074, 50.714216], [15.0373335, 50.7143511], [15.0376113, 50.7144605], [15.0373602, 50.7147139], [15.0370302, 50.7151427], [15.0369084, 50.7154068], [15.0368411, 50.7155718], [15.0366254, 50.7159867], [15.0366664, 50.7159953], [15.0365541, 50.7160501], [15.0365047, 50.716181], [15.0365141, 50.7163455], [15.03606, 50.7167283], [15.0356525, 50.7169616], [15.0352414, 50.717178], [15.0347166, 50.7175012], [15.0343323, 50.7177703], [15.0342006, 50.7178549], [15.0332409, 50.71853], [15.0323731, 50.7191895], [15.0323069, 50.7192211], [15.0321931, 50.7193038], [15.0320222, 50.7195819], [15.0317024, 50.7198863], [15.031962, 50.7199865], [15.0321054, 50.7201414], [15.0321317, 50.7203402], [15.0322618, 50.7204264], [15.0323214, 50.7204012], [15.0323223, 50.7204733], [15.0325493, 50.7207087], [15.0326609, 50.7206926], [15.0329023, 50.7206627], [15.0330994, 50.7207639], [15.0333179, 50.7208823], [15.0333857, 50.7209958], [15.0334989, 50.7210826], [15.0340204, 50.7211559], [15.0346781, 50.7213079], [15.035526, 50.7211508], [15.036481, 50.7214938], [15.0366506, 50.7215464], [15.0367512, 50.7217114], [15.0370428, 50.7217548], [15.0371647, 50.7217839], [15.0376986, 50.7219736], [15.0382222, 50.7220457], [15.0389138, 50.7223307], [15.0392895, 50.7223559], [15.0394515, 50.7223654], [15.0395001, 50.7223947], [15.0397422, 50.7225529], [15.0399185, 50.7224988], [15.0402197, 50.7223428], [15.0402279, 50.7222697], [15.0404202, 50.7221651], [15.040765, 50.7221183], [15.0408109, 50.7221282], [15.040876, 50.7220865], [15.0410478, 50.7220066], [15.0410949, 50.721933], [15.0413181, 50.7218584], [15.0414719, 50.7218303], [15.0420387, 50.7217315], [15.042854, 50.7215095], [15.0445098, 50.7218099], [15.0451008, 50.7221996], [15.04581, 50.7225148], [15.0460801, 50.7225172], [15.0461778, 50.7225733], [15.0470838, 50.7237061], [15.0468352, 50.7237956], [15.0465661, 50.7238663], [15.0462918, 50.7239731], [15.0460914, 50.7241395], [15.0460237, 50.7242014], [15.0459279, 50.7244259], [15.0459082, 50.7245721], [15.0459105, 50.7250736], [15.0458905, 50.7251119], [15.0458693, 50.725147], [15.0457637, 50.7252218], [15.0458573, 50.7252952], [15.0464636, 50.7251645], [15.0466133, 50.7251105], [15.0467136, 50.7250429], [15.0466079, 50.7249537], [15.0465978, 50.7247655], [15.0464958, 50.7245605], [15.0465014, 50.7244556], [15.0466951, 50.7242808], [15.0467588, 50.724201], [15.0468117, 50.7240996], [15.0471887, 50.7243918], [15.0475764, 50.7246223], [15.0479419, 50.7245208], [15.0481454, 50.724459], [15.0483022, 50.7244062], [15.0485427, 50.724156], [15.0486628, 50.7242367], [15.049412, 50.7240585], [15.0493815, 50.724029], [15.0495568, 50.7240167], [15.0498862, 50.7239759], [15.0502885, 50.7238572], [15.0503704, 50.7238492], [15.0510821, 50.7236629], [15.0514292, 50.7236099], [15.0515151, 50.7241916], [15.0527615, 50.7236354], [15.0531015, 50.7238799], [15.0541425, 50.7231308], [15.0543771, 50.7229105], [15.0546219, 50.7225693], [15.0545768, 50.7225734], [15.0549976, 50.722428], [15.0555209, 50.7222794], [15.0559134, 50.7221973], [15.0582333, 50.7219001], [15.0583616, 50.7219171], [15.0584807, 50.7217701], [15.0590677, 50.7210939], [15.0594796, 50.7206236], [15.0612338, 50.7185982], [15.0613468, 50.7184078], [15.061531, 50.7175595], [15.0616704, 50.7174337], [15.0616908, 50.7174129], [15.0618459, 50.71731], [15.0620105, 50.7172113], [15.0624568, 50.717029], [15.064794, 50.7163656], [15.0661316, 50.7160354], [15.0661949, 50.7160217], [15.0662436, 50.7161293], [15.0663054, 50.7161708], [15.0663709, 50.7161913], [15.066635, 50.7162002], [15.0668631, 50.7161659], [15.067114, 50.7161061], [15.0672213, 50.7162688], [15.0673259, 50.7164471], [15.067346, 50.7164747], [15.06725, 50.7165082], [15.0670477, 50.7165883], [15.0666904, 50.7167662], [15.066543, 50.7168545], [15.0668293, 50.7170822], [15.066241, 50.7174481], [15.0660026, 50.7175648], [15.0655684, 50.7173696], [15.0650968, 50.7178056], [15.0644173, 50.7183766], [15.0646571, 50.7185083], [15.0647841, 50.7185664], [15.0649044, 50.7186243], [15.0645254, 50.719082], [15.0641648, 50.7192895], [15.0637052, 50.7194536], [15.0632964, 50.7195932], [15.0629922, 50.7197493], [15.0632152, 50.7199331], [15.0637085, 50.7204571], [15.0637618, 50.7204659], [15.0637082, 50.7205961], [15.0637008, 50.7206322], [15.0637761, 50.7206988], [15.0638716, 50.7207325], [15.0639995, 50.7207563], [15.0645118, 50.7206878], [15.0647622, 50.7207104], [15.0647932, 50.7207097], [15.064949, 50.7207293], [15.0653852, 50.7208115], [15.0654263, 50.7208023], [15.0654636, 50.7208109], [15.0655279, 50.7208313], [15.0660613, 50.7216093], [15.0661232, 50.7217031], [15.0662952, 50.7219334], [15.0666569, 50.7224779], [15.0667271, 50.7226613], [15.0672547, 50.7234915], [15.067412, 50.7240636], [15.0675606, 50.7242729], [15.0677156, 50.7244372], [15.068141, 50.7246081], [15.068645, 50.7251918], [15.068934, 50.72542], [15.069753, 50.7260787], [15.0703007, 50.7264514], [15.0717917, 50.7270165], [15.0723186, 50.7272196], [15.0727572, 50.7273309], [15.073099, 50.7275119], [15.0732051, 50.7276121], [15.0733288, 50.7276744], [15.0734948, 50.7277624], [15.0741934, 50.7276816], [15.0742326, 50.7276987], [15.0743546, 50.7275818], [15.0747834, 50.7275408], [15.0746044, 50.7273606], [15.0744514, 50.7272233], [15.0743443, 50.7270424], [15.0743368, 50.726841], [15.0743902, 50.7259085], [15.0745401, 50.7254767], [15.0745763, 50.7251397], [15.0744143, 50.7246494], [15.0744624, 50.7241879], [15.0745278, 50.7239495], [15.0743761, 50.7237565], [15.0741361, 50.7232912], [15.0741658, 50.7230781], [15.074194, 50.7229382], [15.0743593, 50.7226296], [15.0748713, 50.7223174], [15.0753197, 50.7221149], [15.0755039, 50.7217912], [15.0759635, 50.7211001], [15.0765865, 50.7204992], [15.076618, 50.7204783], [15.0767368, 50.7203665], [15.0776923, 50.7199087], [15.0779991, 50.7198643], [15.0788458, 50.7198392], [15.0794929, 50.7197686], [15.0803803, 50.719652], [15.0811251, 50.7195186], [15.0812485, 50.7194848], [15.0821626, 50.7192344], [15.083097, 50.7190863], [15.0837295, 50.7188605], [15.0839487, 50.7187741], [15.0844426, 50.7182561], [15.0854562, 50.7174249], [15.0850904, 50.7172036], [15.0842687, 50.7168382], [15.0846075, 50.7166893], [15.0851565, 50.71647], [15.0853341, 50.7163878], [15.085627, 50.7162569], [15.0858731, 50.7161848], [15.0864291, 50.7160148], [15.0870047, 50.7158004], [15.0875896, 50.7155802], [15.0879186, 50.7154942], [15.088193, 50.7154108], [15.0886668, 50.7152865], [15.0888687, 50.7152032], [15.0893041, 50.7151217], [15.0894432, 50.7149227], [15.0892422, 50.7145454], [15.0890993, 50.7143258], [15.0890804, 50.7141969], [15.0891168, 50.7140639], [15.0891676, 50.714038], [15.0892861, 50.7138424], [15.0893221, 50.7137548], [15.0893537, 50.7136409], [15.0894355, 50.71352], [15.089525, 50.7134068], [15.0895592, 50.7133745], [15.0901481, 50.71311], [15.0902264, 50.7130662], [15.0903601, 50.7129751], [15.0904759, 50.7129136], [15.0906018, 50.7128956], [15.0906866, 50.712809], [15.0907498, 50.7127996], [15.0908256, 50.7127571], [15.0909047, 50.7127352], [15.0909282, 50.712691], [15.0908915, 50.7126571], [15.0909476, 50.7126051], [15.0911072, 50.7125484], [15.0911601, 50.7124407], [15.0913394, 50.7123434], [15.0913854, 50.7123284], [15.0913956, 50.7123042], [15.0915049, 50.7122782], [15.0916834, 50.7122269], [15.0916812, 50.7121836], [15.0918224, 50.7121064], [15.0919242, 50.7120201], [15.0919435, 50.7119585], [15.0919886, 50.7119524], [15.0920758, 50.7119094], [15.0921734, 50.7119245], [15.092197, 50.711912], [15.0922744, 50.7119317], [15.0924468, 50.7118734], [15.0925332, 50.7118001], [15.0925078, 50.7117697], [15.0925919, 50.7117304], [15.0925904, 50.7116702], [15.0926225, 50.7116262], [15.0926935, 50.7115999], [15.0927727, 50.71156], [15.0927447, 50.7115014], [15.0926656, 50.7114518], [15.0926822, 50.7113961], [15.0927834, 50.7113698], [15.0928429, 50.711301], [15.0928282, 50.7112622], [15.0928729, 50.7111942], [15.0927823, 50.711214], [15.0927208, 50.711206], [15.0926731, 50.7111842], [15.092672, 50.7110753], [15.0926217, 50.710983], [15.092619, 50.7109154], [15.0926754, 50.7109101], [15.0927055, 50.7108926], [15.0927026, 50.7108628], [15.0928328, 50.7108209], [15.0928577, 50.7108091], [15.0928809, 50.7107652], [15.0929334, 50.7107307], [15.0929352, 50.710722], [15.0929491, 50.7107184], [15.0929626, 50.7106421], [15.0932079, 50.7105528], [15.093313, 50.7104546], [15.0935027, 50.7101342], [15.0936104, 50.7100269], [15.094015, 50.7098233], [15.0943406, 50.7098225], [15.0943593, 50.7098062], [15.0943939, 50.709776], [15.0947084, 50.7096163], [15.0948947, 50.7095526], [15.0951637, 50.709538], [15.0952288, 50.7095097], [15.0952917, 50.7095057], [15.0953437, 50.7094583], [15.0953927, 50.7094438], [15.0954712, 50.7094798], [15.0955115, 50.7094678], [15.0956124, 50.7095047], [15.0956607, 50.7094906], [15.0958467, 50.7094844], [15.0959355, 50.7094935], [15.0959697, 50.709529], [15.0961602, 50.7095593], [15.0964915, 50.7094964], [15.0965269, 50.7094479], [15.0965223, 50.709426], [15.0965596, 50.7093999], [15.0966014, 50.7093809], [15.0966663, 50.7093374], [15.096706, 50.7093684], [15.0967858, 50.7093708], [15.0969044, 50.7093884], [15.0970271, 50.7093833], [15.0971278, 50.7093611], [15.0972785, 50.7094231], [15.0973296, 50.70939], [15.0974325, 50.7093958], [15.0975649, 50.7093766], [15.0976443, 50.7093331], [15.0977851, 50.7093029], [15.0978326, 50.7092591], [15.0980071, 50.7092442], [15.0981826, 50.7092236], [15.0983356, 50.7092021], [15.0983551, 50.7091758], [15.0984637, 50.709122], [15.0985169, 50.7091267], [15.0985472, 50.7091097], [15.0986443, 50.709096], [15.0987012, 50.7091316], [15.0987458, 50.709087], [15.0987895, 50.7090704], [15.0988341, 50.70908], [15.0988357, 50.7091316], [15.0988799, 50.7091632], [15.0988901, 50.7091971], [15.0989422, 50.7092512], [15.0989895, 50.7092491], [15.0991131, 50.7092146], [15.0992155, 50.7092319], [15.0992653, 50.7092657], [15.0993198, 50.7092702], [15.0993881, 50.7093485], [15.1000067, 50.7097702], [15.1002727, 50.7095084], [15.1005823, 50.7093558], [15.1007908, 50.7090801], [15.1001222, 50.7091472], [15.0996164, 50.7092969], [15.0995383, 50.7092943], [15.0996819, 50.7092248], [15.0997451, 50.709187], [15.0998046, 50.7091077], [15.0998883, 50.7090375], [15.0999129, 50.7090254], [15.0999839, 50.7089728], [15.1000579, 50.7089356], [15.1001448, 50.7089112], [15.1003698, 50.7089227], [15.1005632, 50.7089227], [15.1008184, 50.7089376], [15.1008809, 50.7089731], [15.1009566, 50.7089656], [15.1010081, 50.7089786], [15.1012005, 50.7089695], [15.1013103, 50.7089131], [15.1013646, 50.7089258], [15.1014186, 50.7089174], [15.1015188, 50.7089238], [15.1015665, 50.7089365], [15.1016158, 50.7089178], [15.1017328, 50.7089197], [15.1018877, 50.7088966], [15.1019779, 50.7089213], [15.1020192, 50.7089113], [15.1021219, 50.7089214], [15.1022067, 50.7089165], [15.1022383, 50.7089274], [15.1022938, 50.7089254], [15.1023532, 50.7089381], [15.1024838, 50.7089487], [15.1026964, 50.7089035], [15.102773, 50.7089111], [15.1029402, 50.7089006], [15.1030945, 50.7088677], [15.1031434, 50.7088205], [15.1032992, 50.7087735], [15.103394, 50.7087124], [15.1034627, 50.7086333], [15.103551, 50.7086126], [15.1040118, 50.7083871], [15.1044956, 50.7082262], [15.1051694, 50.7080135], [15.105367, 50.7080019], [15.1059911, 50.7079791], [15.1070296, 50.7079829], [15.1070942, 50.7080141], [15.1070821, 50.7080381], [15.1072704, 50.7081748], [15.107571, 50.7083968], [15.107248, 50.7087167], [15.1070486, 50.7088772], [15.1064334, 50.7093581], [15.1062337, 50.7096826], [15.1061687, 50.7101105], [15.1062569, 50.7106769], [15.1064866, 50.7109602], [15.1065969, 50.7111632], [15.1068366, 50.7113331], [15.10686, 50.7113586], [15.1070057, 50.7115843], [15.1071601, 50.7118588], [15.1071052, 50.7121162], [15.1070786, 50.7122908], [15.106953, 50.712538], [15.1068974, 50.7126367], [15.1069176, 50.7128051], [15.1069865, 50.7129023], [15.1070039, 50.712915], [15.1071232, 50.7130947], [15.1076054, 50.7134774], [15.1078943, 50.7136586], [15.1085129, 50.7140515], [15.1087807, 50.7142591], [15.1090298, 50.714602], [15.1092629, 50.7149744], [15.1096534, 50.7148431], [15.1099449, 50.7147572], [15.1103987, 50.7146301], [15.1105109, 50.7145949], [15.1106322, 50.714555], [15.1109513, 50.7144255], [15.1111248, 50.7143679], [15.111213, 50.7143352], [15.111355, 50.7142854], [15.111723, 50.7141723], [15.1118293, 50.7143033], [15.1119991, 50.7143887], [15.1120626, 50.7144274], [15.1122242, 50.7147088], [15.1129555, 50.7151236], [15.1131904, 50.7152823], [15.1137774, 50.7155212], [15.113823, 50.7155431], [15.1138717, 50.7155706], [15.1139528, 50.7156071], [15.1143244, 50.7157533], [15.1145788, 50.7158085], [15.1150393, 50.7158958], [15.1155953, 50.7160407], [15.1161409, 50.7163434], [15.1167038, 50.716893], [15.1166862, 50.7169233], [15.116764, 50.7169414], [15.1168274, 50.7170091], [15.1168716, 50.7170807], [15.116985, 50.7171688], [15.1170394, 50.7172248], [15.1170239, 50.7172661], [15.1170582, 50.7173015], [15.1171613, 50.7173208], [15.1172335, 50.7173666], [15.1172605, 50.7174377], [15.1173041, 50.717434], [15.1173472, 50.7174538], [15.1174323, 50.7173855], [15.117537, 50.7173903], [15.1176451, 50.7173638], [15.11769, 50.717382], [15.1177246, 50.7173521], [15.1178043, 50.7173531], [15.1178285, 50.717318], [15.1179907, 50.7172994], [15.1180623, 50.7173126], [15.1180947, 50.7173006], [15.1181552, 50.7173264], [15.1182162, 50.7172997], [15.1182247, 50.7172578], [15.1182936, 50.7172415], [15.1183709, 50.7172478], [15.1184163, 50.7172135], [15.1184593, 50.7172206], [15.1186207, 50.7171912], [15.1188658, 50.7171294], [15.1189747, 50.7171202], [15.1190542, 50.7170878], [15.1191049, 50.7171191], [15.1192142, 50.7170872], [15.1192427, 50.7171149], [15.1193081, 50.7171166], [15.1193379, 50.7170891], [15.1194412, 50.7170793], [15.1195151, 50.7170455], [15.1195828, 50.7170709], [15.1196289, 50.7170619], [15.119703, 50.7170979], [15.1198236, 50.7170515], [15.1198907, 50.7170869], [15.1200067, 50.7170855], [15.1201029, 50.7171178], [15.1202022, 50.7171775], [15.1201914, 50.717231], [15.1202588, 50.7172365], [15.1203461, 50.7171936], [15.120414, 50.7172174], [15.1206438, 50.7172107], [15.1207474, 50.7171783], [15.120778, 50.7171953], [15.1209243, 50.7171863], [15.1210909, 50.7171239], [15.1212459, 50.7171128], [15.121302, 50.7171672], [15.121447, 50.71712], [15.121532, 50.7171025], [15.1215911, 50.7171282], [15.1216388, 50.7171112], [15.1217569, 50.7171625], [15.121915, 50.7171572], [15.1219592, 50.7171363], [15.1220598, 50.71714], [15.1221592, 50.7170864], [15.122272, 50.7170929], [15.1223444, 50.7170879], [15.1224014, 50.7171025], [15.1225403, 50.7171854], [15.1225455, 50.717223], [15.1226274, 50.7172423], [15.1226787, 50.7172854], [15.1227263, 50.7173111], [15.1228118, 50.717318], [15.1228123, 50.7173797], [15.1228564, 50.7174014], [15.1228717, 50.7174751], [15.1229065, 50.717507], [15.1228934, 50.7175721], [15.1228393, 50.7176356], [15.1229935, 50.7176772], [15.1231188, 50.7176647], [15.1231619, 50.7176773], [15.1232487, 50.7176716], [15.1233251, 50.7177177], [15.1234244, 50.7177702], [15.1234333, 50.717847], [15.1235317, 50.7179601], [15.1236058, 50.7179752], [15.1236526, 50.7180189], [15.1236432, 50.7182927], [15.1235984, 50.7183162], [15.1235881, 50.7183671], [15.1236159, 50.718392], [15.1236198, 50.7184295], [15.1236796, 50.7184797], [15.1236823, 50.7185161], [15.123923, 50.7187523], [15.1239491, 50.7187934], [15.1238953, 50.7188261], [15.1239036, 50.7188622], [15.1239663, 50.7189272], [15.1239628, 50.7189658], [15.1240298, 50.7190582], [15.1241086, 50.7190637], [15.1241584, 50.7191212], [15.1241633, 50.7191542], [15.1241995, 50.7191798], [15.1242231, 50.7192461], [15.1242848, 50.7192448], [15.1243068, 50.719271], [15.1243641, 50.7194605], [15.1244964, 50.7195619], [15.1246546, 50.7195983], [15.1247167, 50.7195807], [15.12479, 50.7195713], [15.1247843, 50.7196072], [15.1248394, 50.7196378], [15.1248154, 50.7196858], [15.124784, 50.7196931], [15.1248013, 50.7197064], [15.1247962, 50.7197314], [15.1248567, 50.7197776], [15.1249045, 50.7198898], [15.1249498, 50.7199701], [15.1250605, 50.7199799], [15.1250632, 50.7200473], [15.125087, 50.7200521], [15.1251553, 50.7200475], [15.1252524, 50.7200128], [15.1252429, 50.7200399], [15.1252274, 50.7200583], [15.1252731, 50.7200959], [15.1253039, 50.7201178], [15.1253851, 50.7201157], [15.1254242, 50.7201359], [15.1253657, 50.7202493], [15.1254622, 50.7203], [15.125426, 50.7203499], [15.1254305, 50.7203905], [15.1254006, 50.7204183], [15.1253827, 50.7204762], [15.1253927, 50.7204943], [15.125425, 50.7205391], [15.1254181, 50.7205561], [15.1254654, 50.7206146], [15.1255621, 50.7207208], [15.125526, 50.7207373], [15.1255118, 50.7208597], [15.1255347, 50.7208884], [15.1255366, 50.7209489], [15.1256126, 50.7209731], [15.1257559, 50.721128], [15.1258516, 50.7211377], [15.1258968, 50.7211579], [15.1259542, 50.7212376], [15.125905, 50.7212643], [15.1258849, 50.7212943], [15.1259662, 50.7213667], [15.1260286, 50.7214431], [15.12608, 50.7214782], [15.1261112, 50.721592], [15.1260705, 50.721614], [15.1260302, 50.7216544], [15.1260571, 50.7216905], [15.1260442, 50.7217118], [15.1260779, 50.7217379], [15.1261228, 50.7218495], [15.1261219, 50.7218938], [15.1261936, 50.7219362], [15.1262692, 50.7220179], [15.1263388, 50.7220792], [15.1263259, 50.7221396], [15.1263136, 50.7221812], [15.126265, 50.7223033], [15.1263029, 50.7223237], [15.1263424, 50.7223374], [15.1263527, 50.7223657], [15.126338, 50.7223827], [15.1263755, 50.7223886], [15.1264139, 50.7224041], [15.1264373, 50.7224322], [15.1265224, 50.7224783], [15.1265662, 50.7225288], [15.1266125, 50.7225626], [15.1266425, 50.7225752], [15.1266731, 50.722623], [15.1266978, 50.7226201], [15.1267479, 50.7227039], [15.1267372, 50.7227541], [15.1267692, 50.7228371], [15.1267637, 50.7228542], [15.126798, 50.722881], [15.1267828, 50.7229005], [15.1267671, 50.7229505], [15.1267934, 50.7229951], [15.1267569, 50.7230631], [15.1267534, 50.7230888], [15.1266636, 50.7231251], [15.1266462, 50.7231389], [15.1266607, 50.7231632], [15.1266491, 50.7231896], [15.1265915, 50.7232332], [15.1265341, 50.7232916], [15.1264802, 50.7233033], [15.1264339, 50.7233158], [15.1264245, 50.7233401], [15.1264782, 50.7233739], [15.1264895, 50.7234342], [15.1264023, 50.723458], [15.1263301, 50.7234832], [15.1262973, 50.7235249], [15.1262864, 50.7236774], [15.1262211, 50.7237108], [15.126176, 50.7237356], [15.1261552, 50.7237491], [15.1261253, 50.7237966], [15.1261176, 50.7238884], [15.126186, 50.7241586], [15.1262225, 50.7241955], [15.1262416, 50.7242294], [15.126235, 50.7242533], [15.1262502, 50.7242565], [15.1262017, 50.7243171], [15.1260781, 50.7243106], [15.1258286, 50.7243534], [15.1254456, 50.7244401], [15.1253822, 50.7244624], [15.1249277, 50.7247656], [15.1248805, 50.7247866], [15.1247729, 50.7248146], [15.1246526, 50.7248429], [15.1245847, 50.7248389], [15.1245176, 50.7248538], [15.1242892, 50.7248991], [15.1240636, 50.7249403], [15.1238377, 50.7249764], [15.1234726, 50.7250087], [15.1234029, 50.7250232], [15.123348, 50.7250373], [15.1232871, 50.7250553], [15.1230205, 50.7251761], [15.122729, 50.7252704], [15.1223619, 50.7253566], [15.1222535, 50.7254333], [15.1222103, 50.7254588], [15.1220426, 50.7255415], [15.1219821, 50.7255816], [15.1218314, 50.7256325], [15.1218026, 50.7256378], [15.1216654, 50.7256936], [15.1215001, 50.7257729], [15.1214017, 50.7258281], [15.1213447, 50.7258727], [15.1212982, 50.7258996], [15.1212433, 50.7259481], [15.1207837, 50.726285], [15.1207156, 50.7263304], [15.1204082, 50.7264852], [15.1201019, 50.726606], [15.1200726, 50.7266426], [15.1198635, 50.7267711], [15.1197844, 50.7268335], [15.1197341, 50.7268699], [15.1196576, 50.726898], [15.1196086, 50.7269414], [15.1195334, 50.7270728], [15.1193762, 50.7272279], [15.1191851, 50.7273078], [15.1190956, 50.7273243], [15.1190019, 50.7273222], [15.118923, 50.7273318], [15.1188934, 50.7272989], [15.1186366, 50.7272328], [15.1184745, 50.7271967], [15.1183033, 50.7271828], [15.1181962, 50.7271948], [15.1180947, 50.727229], [15.1179804, 50.7272864], [15.1178015, 50.7274152], [15.1179439, 50.7275028], [15.117896, 50.7275695], [15.1178259, 50.7276118], [15.1178104, 50.7276169], [15.117672, 50.727592], [15.1176072, 50.727555], [15.1174818, 50.7275195], [15.1172212, 50.7277084], [15.1171005, 50.7276365], [15.1169932, 50.7275776], [15.1169497, 50.7276183], [15.1168873, 50.7276569], [15.1168861, 50.7277669], [15.116977, 50.7278842], [15.11656, 50.7281796], [15.1164942, 50.7282331], [15.1163949, 50.7283627], [15.1162171, 50.7287379], [15.1160332, 50.7289615], [15.1157667, 50.7292652], [15.1156229, 50.7293416], [15.1154903, 50.7293996], [15.1152564, 50.7293953], [15.1151504, 50.7293914], [15.1150226, 50.7294771], [15.1148747, 50.7296313], [15.1148563, 50.7296473], [15.114809, 50.7296958], [15.1145524, 50.7296385], [15.1144939, 50.7296298], [15.1142289, 50.7297956], [15.1139073, 50.7298295], [15.1138978, 50.7298369], [15.1138302, 50.7298377], [15.1135183, 50.7298288], [15.1133032, 50.7297994], [15.1128778, 50.7296341], [15.1124892, 50.7297292], [15.1122879, 50.7298127], [15.1119133, 50.7300111], [15.1118834, 50.7300316], [15.1118169, 50.73012], [15.1116916, 50.7302616], [15.1117686, 50.7306499], [15.1117904, 50.7307744], [15.1117676, 50.730821], [15.1117248, 50.7308901], [15.1116277, 50.7309203], [15.1113227, 50.7310356], [15.1112159, 50.7310568], [15.1111349, 50.7312311], [15.1111008, 50.7314061], [15.1112236, 50.7314901], [15.1113378, 50.7315838], [15.1114194, 50.7317678], [15.1115233, 50.7318904], [15.1115756, 50.7319371], [15.1118643, 50.7321739], [15.1120469, 50.7323141], [15.1121401, 50.7324521], [15.1122864, 50.732514], [15.1123621, 50.7325005], [15.1124455, 50.7325197], [15.1125233, 50.7326084], [15.1125733, 50.732732], [15.1126483, 50.7328903], [15.1126769, 50.7330095], [15.1126768, 50.7330398], [15.1125509, 50.733211], [15.112024, 50.7334719], [15.1118829, 50.7334525], [15.1118474, 50.7334309], [15.1118036, 50.7334095], [15.1116532, 50.7333179], [15.1115547, 50.7332723], [15.1114858, 50.7331953], [15.1109803, 50.7332061], [15.1107445, 50.7334049], [15.1107071, 50.7334976], [15.1104621, 50.7336591], [15.1103675, 50.7336675], [15.1100332, 50.7336223], [15.1097938, 50.7335566], [15.1094071, 50.7335836], [15.1090548, 50.7336217], [15.108811, 50.7336829], [15.1085409, 50.7337675], [15.1081173, 50.7339387], [15.1078088, 50.7340244], [15.1075111, 50.734085], [15.1073269, 50.7341084], [15.1070719, 50.7341683], [15.1069109, 50.7342144], [15.1067524, 50.734293], [15.1066048, 50.7343765], [15.106149, 50.7346166], [15.1060928, 50.7346926], [15.1060941, 50.7348071], [15.1060966, 50.7348353], [15.1060892, 50.7349444], [15.106096, 50.7350148], [15.1060353, 50.7350781], [15.1059744, 50.7351091], [15.105886, 50.7351203], [15.1058099, 50.7351134], [15.1057763, 50.7350977], [15.1056584, 50.7350368], [15.105521, 50.7349099], [15.1054466, 50.7348816], [15.1051379, 50.7349351], [15.1049442, 50.7349634], [15.1047354, 50.7349995], [15.1045933, 50.7350352], [15.1044565, 50.7350823], [15.104254, 50.7351615], [15.104129, 50.7352245], [15.1040221, 50.7352958], [15.1037814, 50.7354698], [15.1036092, 50.7357479], [15.1035608, 50.7359952], [15.1035755, 50.7361783], [15.1037103, 50.736512], [15.1038215, 50.7368337], [15.1039547, 50.736932], [15.1041053, 50.7370137], [15.1041428, 50.7370639], [15.1043854, 50.7370986], [15.1044508, 50.7371093], [15.1044876, 50.7371132], [15.1045558, 50.7371245], [15.1045996, 50.7371292], [15.1047096, 50.7370868], [15.1047488, 50.7370646], [15.1049226, 50.7370194], [15.105264, 50.7370491], [15.1054525, 50.7371079], [15.1056416, 50.7371264], [15.105751, 50.737144], [15.1058277, 50.7372392], [15.1061325, 50.7373229], [15.1062972, 50.7375101], [15.1063395, 50.737524], [15.1064471, 50.7375441], [15.1064877, 50.7375575], [15.1065789, 50.7375625], [15.1066389, 50.7375466], [15.1067748, 50.7375648], [15.1068669, 50.737527], [15.1071752, 50.7374317], [15.1076479, 50.7372352], [15.1083761, 50.7379171], [15.1086701, 50.7381587], [15.1088542, 50.7382716], [15.1091588, 50.7384496], [15.1093722, 50.7385267], [15.109803, 50.7387127], [15.1100182, 50.7388584], [15.1102313, 50.7390486], [15.1103836, 50.7392886], [15.1105007, 50.739453], [15.1106373, 50.7395911], [15.1122209, 50.7405172], [15.1123781, 50.7406416], [15.1125895, 50.7407992], [15.1128476, 50.7409723], [15.1130509, 50.7411347], [15.1137844, 50.7417899], [15.1140722, 50.7420083], [15.1141823, 50.7420629], [15.1144933, 50.7423401], [15.1147141, 50.7425215], [15.1150307, 50.7427247], [15.1153014, 50.7429147], [15.1155294, 50.7430665], [15.1160979, 50.7434106], [15.1164048, 50.7435996], [15.1166733, 50.7438176], [15.1170186, 50.7442639], [15.1171593, 50.7443847], [15.1173232, 50.7445357], [15.1174171, 50.7446193], [15.1175649, 50.7447608], [15.1175877, 50.7447797], [15.1179265, 50.7450579], [15.1181567, 50.7452666], [15.1183462, 50.7455169], [15.1185279, 50.7456793], [15.1186988, 50.7457907], [15.1189289, 50.7459967], [15.1191021, 50.7461004], [15.1193185, 50.746215], [15.1196329, 50.7463762], [15.1199615, 50.7465174], [15.1202668, 50.74668], [15.1206961, 50.7468414], [15.120735, 50.7468583], [15.1208677, 50.7469058], [15.1211959, 50.7466887], [15.1214125, 50.7465956], [15.1217963, 50.7463754], [15.1220625, 50.7462482], [15.1223029, 50.7461415], [15.1226487, 50.7460273], [15.1229431, 50.7459138], [15.1231803, 50.7458201], [15.1234903, 50.7457474], [15.1238274, 50.7456759], [15.1243779, 50.7454882], [15.1246421, 50.745405], [15.124992, 50.7452899], [15.1254391, 50.7451491], [15.1258414, 50.7450679], [15.1260939, 50.7450249], [15.126416, 50.7449592], [15.126711, 50.7448908], [15.1267628, 50.7449774], [15.1268073, 50.7451054], [15.1269669, 50.7454142], [15.1270314, 50.7456647], [15.1271301, 50.7460775], [15.1272854, 50.7463273], [15.1273471, 50.7466021], [15.1274111, 50.7467551], [15.1274498, 50.7468649], [15.1275257, 50.7470148], [15.1275617, 50.7471303], [15.1277308, 50.7473256], [15.1278393, 50.7474294], [15.1279372, 50.7475607], [15.1281919, 50.7478659], [15.1283995, 50.7480402], [15.1285783, 50.7481731], [15.1287651, 50.7483635], [15.1288772, 50.7484818], [15.1294692, 50.7490417], [15.1294953, 50.7490636], [15.1297249, 50.7493397], [15.1297372, 50.749472], [15.1296965, 50.7495212], [15.129243, 50.7496032], [15.1285038, 50.7497454], [15.1281367, 50.7497885], [15.1281423, 50.7498063], [15.1281817, 50.7500068], [15.1282121, 50.7501196], [15.1282602, 50.7503394], [15.1281105, 50.7503556], [15.1276151, 50.750559], [15.1274034, 50.750723], [15.1272001, 50.7507914], [15.1267828, 50.750982], [15.1263243, 50.7513116], [15.1259238, 50.751585], [15.1255945, 50.7517828], [15.1253671, 50.7520022], [15.1251506, 50.7523139], [15.1250273, 50.752446], [15.1248975, 50.7526353], [15.1249516, 50.7527327], [15.124675, 50.7530874], [15.1243823, 50.7533763], [15.1243029, 50.7535675], [15.1242541, 50.7537074], [15.1241773, 50.7538604], [15.1241274, 50.7540767], [15.1241514, 50.7542446], [15.1241693, 50.7544247], [15.1241923, 50.7544941], [15.1242861, 50.7547549], [15.1242858, 50.7548445], [15.1244366, 50.7554769], [15.1244366, 50.7554876], [15.1249533, 50.7554903], [15.12541, 50.7553708], [15.12563, 50.7553787], [15.1256825, 50.7554505], [15.1257732, 50.7555618], [15.1258771, 50.755702], [15.1260556, 50.7558717], [15.1262796, 50.7561365], [15.1263658, 50.7562487], [15.1264996, 50.7564083], [15.1266089, 50.7565711], [15.1267267, 50.7567098], [15.127056, 50.756524], [15.1274974, 50.7562958], [15.127721, 50.7561865], [15.1279688, 50.7561342], [15.128243, 50.7560532], [15.1282847, 50.7560393], [15.1287641, 50.7558917], [15.129207, 50.7557674], [15.1295205, 50.7557045], [15.1302645, 50.7555894], [15.1307523, 50.7554244], [15.1310824, 50.7553367], [15.1314348, 50.7552961], [15.1320608, 50.7552717], [15.1323748, 50.7551704], [15.1328336, 50.7549747], [15.1331062, 50.7548403], [15.133645, 50.7547216], [15.1341778, 50.7544848], [15.1345193, 50.7544778], [15.1345725, 50.754481], [15.1348918, 50.75452], [15.1351106, 50.7545172], [15.1351718, 50.7545247], [15.1351882, 50.7545423], [15.1351617, 50.7545741], [15.135322, 50.7548008], [15.1354259, 50.7550313], [15.1354172, 50.7552067], [15.1354682, 50.7553587], [15.1354905, 50.7555256], [15.1355971, 50.755663], [15.1355993, 50.7558919], [15.1355111, 50.7562034], [15.135362, 50.7566792], [15.1352677, 50.7568519], [15.1349394, 50.7570005], [15.1345273, 50.7572719], [15.1343647, 50.7573992], [15.1338949, 50.7575941], [15.1336213, 50.7577728], [15.1333674, 50.7579415], [15.1330053, 50.7581953], [15.1325581, 50.7584176], [15.1323354, 50.7586214], [15.1323262, 50.7589226], [15.1322727, 50.7590307], [15.1323721, 50.7592974], [15.1326208, 50.759615], [15.1327836, 50.7597944], [15.1327429, 50.759998], [15.1327663, 50.7600748], [15.1328794, 50.7601975], [15.13307, 50.7603853], [15.1332089, 50.7605844], [15.1334392, 50.7607514], [15.1337978, 50.7608797], [15.1338974, 50.7609676], [15.133924, 50.7609911], [15.1341033, 50.7610366], [15.1343528, 50.761105], [15.1344859, 50.7617586], [15.1341307, 50.7623056], [15.1340571, 50.7624689], [15.1339327, 50.7626111], [15.1335451, 50.7629259], [15.1333697, 50.7631953], [15.1331693, 50.7636481], [15.1331944, 50.7636509], [15.1331771, 50.7640782], [15.1330828, 50.7642004], [15.1331311, 50.7643399], [15.133491, 50.7643532], [15.1341557, 50.7648259], [15.1344754, 50.764957], [15.1345183, 50.7656696], [15.1345246, 50.7656952], [15.1346774, 50.7661861], [15.1347101, 50.7667172], [15.1345324, 50.7674162], [15.1345265, 50.7681565], [15.1345616, 50.7681593], [15.134958, 50.7682106], [15.1352243, 50.7682881], [15.1353759, 50.7685717], [15.1354071, 50.768572], [15.1353193, 50.7687477], [15.1354552, 50.7688688], [15.1355289, 50.7690771], [15.1354003, 50.7691993], [15.1354784, 50.7695431], [15.135676, 50.7696004], [15.1358203, 50.7695217], [15.135959, 50.7695361], [15.1360253, 50.7698769], [15.1357382, 50.7701061], [15.1359338, 50.7703524], [15.13581, 50.7704574], [15.1358204, 50.7706113], [15.1359316, 50.77066], [15.1359346, 50.7710414], [15.1358978, 50.7710881], [15.1358997, 50.7711068], [15.136222, 50.7711172], [15.1361963, 50.771232], [15.1363046, 50.7714244], [15.136181, 50.7714888], [15.1361694, 50.7715804], [15.1359211, 50.7716388], [15.1359404, 50.7718661], [15.1358357, 50.7718275], [15.1357574, 50.7718765], [15.1358112, 50.7719359], [15.1359863, 50.7720073], [15.1358963, 50.7721216], [15.1356798, 50.7720546], [15.1356708, 50.7720764], [15.1358202, 50.7722249], [15.1358912, 50.7723534], [15.1358722, 50.7723676], [15.1359278, 50.7724248], [15.1359405, 50.7724066], [15.1360959, 50.7724728], [15.1362058, 50.7725656], [15.1365305, 50.7726181], [15.1367097, 50.7727126], [15.1368064, 50.7728071], [15.1370599, 50.7727484], [15.1376383, 50.7728362], [15.1378615, 50.7729083], [15.1382561, 50.7730182], [15.1384603, 50.7730319], [15.1386124, 50.772976], [15.1386336, 50.7728928], [15.1385582, 50.7726292], [15.1384151, 50.7723966], [15.1384068, 50.7721515], [15.1384889, 50.7721054], [15.1389231, 50.772141], [15.1391891, 50.7720795], [15.1393618, 50.7719248], [15.1396339, 50.7718637], [15.1399183, 50.771816], [15.1402188, 50.7716558], [15.1405304, 50.7716374], [15.1409148, 50.7715811], [15.1411202, 50.771515], [15.1413241, 50.7714088], [15.1415543, 50.7712116], [15.1415445, 50.7709085], [15.1417052, 50.7707254], [15.1422083, 50.7705104], [15.1423904, 50.7705229], [15.1425681, 50.7705768], [15.1431529, 50.7705791], [15.1438605, 50.7708447], [15.1439012, 50.770853], [15.1439515, 50.7708861], [15.1443156, 50.7712921], [15.1445804, 50.7716696], [15.144908, 50.7719998], [15.1451983, 50.7721897], [15.1453495, 50.77224], [15.1454004, 50.7722969], [15.1454223, 50.7723528], [15.1455079, 50.7724802], [15.145572, 50.7726294], [15.145725, 50.7727321], [15.1460517, 50.7728387], [15.1466455, 50.7731478], [15.1467115, 50.7732572], [15.1466989, 50.7734346], [15.1465216, 50.7736688], [15.1464428, 50.7738866], [15.1464099, 50.7741479], [15.1464119, 50.7743027], [15.146446, 50.7745431], [15.1464425, 50.774593], [15.1465091, 50.7752545], [15.1467745, 50.7754873], [15.1468085, 50.7754858], [15.1468816, 50.7755087], [15.1468749, 50.7755518], [15.1467537, 50.776694], [15.1463429, 50.7772349], [15.146229, 50.7773765], [15.1460253, 50.7776961], [15.1457182, 50.7779811], [15.1453805, 50.7782176], [15.1448934, 50.7786108], [15.1445954, 50.7788696], [15.1443274, 50.7791174], [15.1442451, 50.7793294], [15.1443177, 50.7797521], [15.1443677, 50.7797644], [15.1446822, 50.7798194], [15.1443445, 50.780196], [15.1441445, 50.7803733], [15.1439196, 50.7805442], [15.1435734, 50.780488], [15.1426966, 50.7811582], [15.1420461, 50.7813454], [15.1411396, 50.7816197], [15.1407383, 50.7819023], [15.1402466, 50.7823203], [15.1394708, 50.7827714], [15.139139, 50.7830499], [15.1387958, 50.7832659], [15.1386226, 50.7833694], [15.1381517, 50.7835845], [15.1379207, 50.7836718], [15.1375822, 50.7837533], [15.1372081, 50.7838278], [15.1370052, 50.7845336], [15.1362378, 50.7847008], [15.1356445, 50.7848738], [15.1352046, 50.7850328], [15.134533, 50.7851667], [15.1343717, 50.7851296], [15.133579, 50.7852233], [15.1328296, 50.7854839], [15.1329444, 50.7863008], [15.1326007, 50.7865141], [15.1324223, 50.7866148], [15.1317688, 50.7869531], [15.1313326, 50.7872799], [15.1311027, 50.7874866], [15.1306465, 50.7879704], [15.1305329, 50.7884582], [15.1303859, 50.7886576], [15.1299908, 50.7889152], [15.129373, 50.7895214], [15.1289165, 50.7898834], [15.1288312, 50.7899483], [15.1287474, 50.7900168], [15.1286788, 50.7900637], [15.1282684, 50.7904036], [15.1282107, 50.7904477], [15.1276867, 50.7909715], [15.1274313, 50.7906098], [15.1269867, 50.7904645], [15.1266775, 50.7903574], [15.1263375, 50.7902322], [15.1260561, 50.7900421], [15.1257167, 50.7897663], [15.1256205, 50.7895067], [15.1254878, 50.7893528], [15.1251991, 50.7892068], [15.1249929, 50.7891391], [15.1247963, 50.7891101], [15.1245623, 50.7891044], [15.1236543, 50.7889104], [15.1234522, 50.7889866], [15.1230427, 50.7893604], [15.1225821, 50.7896736], [15.1222784, 50.789768], [15.1220163, 50.7898045], [15.1217078, 50.789843], [15.1214967, 50.7898285], [15.1212526, 50.7898153], [15.1209991, 50.7899458], [15.1207372, 50.7899569], [15.1204673, 50.7899215], [15.1203049, 50.7899289], [15.1199134, 50.7898531], [15.1197465, 50.78984], [15.1193262, 50.7898817], [15.1190203, 50.7898526], [15.1185835, 50.7898774], [15.1184459, 50.7898836], [15.1165856, 50.7896423], [15.1163009, 50.7899715], [15.116293, 50.7900058], [15.1162665, 50.7900367], [15.116072, 50.7903593], [15.11594, 50.7905407], [15.1158219, 50.7907265], [15.115847, 50.790976], [15.1158928, 50.7911005], [15.1161901, 50.7911283], [15.1161836, 50.7914491], [15.1161541, 50.7916346], [15.1160072, 50.7918342], [15.1159009, 50.7919834], [15.1157992, 50.7919183], [15.1155061, 50.7919913], [15.1153218, 50.7920999], [15.1151789, 50.7922303], [15.1150171, 50.7923642], [15.114728, 50.7922492], [15.114488, 50.7924315], [15.1142521, 50.7925633], [15.1140256, 50.7929357], [15.1138792, 50.7931109], [15.1135766, 50.7933265], [15.1134477, 50.7934384], [15.1131906, 50.7935865], [15.1129521, 50.7938042], [15.1128192, 50.794065], [15.1127222, 50.7942065], [15.1125739, 50.7944384], [15.1123533, 50.7949293], [15.1123053, 50.7950262], [15.1127453, 50.7950545], [15.1131031, 50.7951139], [15.1131399, 50.7951922], [15.1129538, 50.7953419], [15.1129577, 50.7953491], [15.1135055, 50.7953053], [15.1137205, 50.7953318], [15.11403, 50.7954307], [15.1144101, 50.7956035], [15.1155909, 50.7963463], [15.1161424, 50.7967068], [15.116561, 50.7970109], [15.1169646, 50.7973586], [15.1171232, 50.7974613], [15.1174098, 50.7975528], [15.117621, 50.7975966], [15.1178289, 50.7977099], [15.1179139, 50.7978815], [15.1178726, 50.7982036], [15.1178896, 50.7983073], [15.1180117, 50.7985105], [15.118201, 50.7987549], [15.1184412, 50.7990196], [15.1191377, 50.7997225], [15.1195862, 50.8004585], [15.1199951, 50.8010851], [15.1201496, 50.8014126], [15.1204415, 50.8019799], [15.1206463, 50.8023691], [15.1207844, 50.8025569], [15.1208324, 50.8027332], [15.1208095, 50.8031438], [15.1208613, 50.8033503], [15.1210616, 50.8038115], [15.1213746, 50.8042358], [15.1215781, 50.8044634], [15.1220853, 50.8049839], [15.1225101, 50.8054121], [15.1226388, 50.8056399], [15.1227045, 50.8058685], [15.1226909, 50.806402], [15.1227046, 50.8065977], [15.1227516, 50.8067487], [15.1226205, 50.8067789], [15.1217039, 50.8072752], [15.1210647, 50.8072493], [15.1199895, 50.8072773], [15.1194837, 50.8073722], [15.119127, 50.8072726], [15.1184257, 50.8071365], [15.1181564, 50.807028], [15.1174525, 50.8068772], [15.1171976, 50.8069055], [15.1169432, 50.8070659], [15.1166238, 50.8071562], [15.1161735, 50.8074041], [15.1159109, 50.8074841], [15.115582, 50.807522], [15.1153638, 50.807587], [15.1151489, 50.8076841], [15.1148864, 50.8078527], [15.1144483, 50.8080138], [15.1134428, 50.8081905], [15.1126045, 50.8083524], [15.1113619, 50.8087042], [15.1107457, 50.8089191], [15.110534, 50.8089868], [15.1092436, 50.8091423], [15.1086642, 50.8091722], [15.1084234, 50.8092696], [15.1082433, 50.8094268], [15.1080131, 50.8097005], [15.1078265, 50.8097906], [15.1075031, 50.8098569], [15.1071624, 50.8099595], [15.106655, 50.8099178], [15.106448, 50.8099432], [15.1062304, 50.8100247], [15.1060267, 50.8101678], [15.1058926, 50.81024], [15.1056257, 50.8103273], [15.1053154, 50.8105672], [15.1052262, 50.8106473], [15.1051375, 50.8107054], [15.1049937, 50.8106368], [15.1047271, 50.810604], [15.103856, 50.8105319], [15.1035917, 50.8105175], [15.1033749, 50.8104894], [15.1031628, 50.8104483], [15.1026003, 50.8102572], [15.1023085, 50.8101413], [15.1020225, 50.8100534], [15.1015848, 50.8099694], [15.1012418, 50.8099204], [15.1010002, 50.8098754], [15.1007604, 50.8095929], [15.1006503, 50.8094191], [15.1005543, 50.809214], [15.1004281, 50.8091034], [15.0999851, 50.8088808], [15.0998039, 50.8088345], [15.0995115, 50.8088422], [15.0990512, 50.8088799], [15.0988096, 50.8088921], [15.0986037, 50.8088789], [15.0982521, 50.8088276], [15.098041, 50.808805], [15.0977401, 50.8088253], [15.0971929, 50.8088925], [15.0965366, 50.808993], [15.0953947, 50.8091757], [15.0947048, 50.8093251], [15.093897, 50.8094871], [15.0937638, 50.8095071], [15.0935307, 50.8094886], [15.0927773, 50.8094195], [15.0924797, 50.8094379], [15.0917433, 50.8095518], [15.0914088, 50.8096071], [15.0904717, 50.8097799], [15.0902042, 50.8097701], [15.0898585, 50.809717], [15.088905, 50.809327], [15.0886015, 50.8092621], [15.0882969, 50.8092305], [15.087705, 50.8092441], [15.0868917, 50.8092763], [15.0865914, 50.8092943], [15.0860246, 50.809219], [15.0853348, 50.8091628], [15.0839804, 50.8091202], [15.0837859, 50.8091091], [15.083662, 50.8091174], [15.0831648, 50.8092392], [15.0830189, 50.8092718], [15.0829226, 50.8092108], [15.0824241, 50.8090615], [15.0819573, 50.8088215], [15.0814473, 50.8087326], [15.081191, 50.808674], [15.0806773, 50.8085764], [15.0805309, 50.808439], [15.0801902, 50.8082567], [15.0798477, 50.8082095], [15.0795344, 50.808041], [15.0791946, 50.8079274], [15.078862, 50.8077692], [15.0788329, 50.8077749], [15.0780877, 50.8075188], [15.0771097, 50.8074562], [15.0766238, 50.8074832], [15.0764554, 50.8074943], [15.0762645, 50.8074883], [15.0755324, 50.8074224], [15.0751626, 50.8074184], [15.074969, 50.8074612], [15.0745497, 50.8076061], [15.074473, 50.8076297], [15.0740768, 50.8076057], [15.0737815, 50.8075623], [15.0731636, 50.8073413], [15.0726713, 50.8072392], [15.0721264, 50.8071187], [15.0718767, 50.8069907], [15.0713844, 50.806598], [15.0709475, 50.8063449], [15.070715, 50.8066817], [15.070378, 50.8070589], [15.06983, 50.8073511], [15.0692272, 50.8073565], [15.0686487, 50.8073969], [15.0676518, 50.8074353], [15.0674554, 50.8074449], [15.0670776, 50.807481], [15.0666683, 50.8075151], [15.0660845, 50.8076399], [15.0656655, 50.807833], [15.0650355, 50.8080979], [15.0650857, 50.808274], [15.0651427, 50.8084027], [15.0653469, 50.8089241], [15.066043, 50.8096604], [15.0662146, 50.8098092], [15.0660696, 50.8098442], [15.06531, 50.8100141], [15.065246, 50.8100326], [15.0652086, 50.8100483], [15.064851, 50.8102593], [15.0646668, 50.810334], [15.0645146, 50.8104024], [15.0641472, 50.8106096], [15.0640751, 50.8106537], [15.0638059, 50.8108022], [15.063723, 50.810858], [15.0633407, 50.8109819], [15.0629818, 50.811092], [15.062637, 50.8112362], [15.0620652, 50.8113629], [15.061894, 50.8113853], [15.061824, 50.8114079], [15.0617897, 50.8114359], [15.0616555, 50.8114664], [15.0615517, 50.8115208], [15.0613371, 50.8117703], [15.0611067, 50.8119759], [15.0608818, 50.8121225], [15.0606027, 50.8123567], [15.0605248, 50.8124621], [15.0601675, 50.8127415], [15.0601429, 50.8127576], [15.0601038, 50.8127898], [15.0597682, 50.8130838], [15.0594795, 50.8133234], [15.059191, 50.8134674], [15.059078, 50.813527], [15.0586669, 50.8136974], [15.0583664, 50.8137376], [15.0581366, 50.8137882], [15.057893, 50.8137969], [15.0576897, 50.8137943], [15.0575755, 50.8137827], [15.0573603, 50.8137928], [15.0570684, 50.8138704], [15.0568781, 50.8139442], [15.0565719, 50.8140991], [15.0564135, 50.8141886], [15.0562321, 50.8142787], [15.0560102, 50.8144218], [15.0559681, 50.8144793], [15.0558009, 50.8145735], [15.0556791, 50.8147009], [15.0555539, 50.8149227], [15.0553272, 50.8150171], [15.0552169, 50.8150705], [15.0548822, 50.8151828], [15.0546471, 50.815266], [15.0538295, 50.815723], [15.0532959, 50.8161362], [15.053283, 50.8161809], [15.0531892, 50.8162408], [15.0527623, 50.8166622], [15.0522575, 50.8171756], [15.0521485, 50.8173357], [15.0519723, 50.8175258], [15.0518962, 50.8176438], [15.0517343, 50.8177518], [15.0513709, 50.8180534], [15.0511486, 50.8182589], [15.0510802, 50.8183443], [15.0506709, 50.8186702], [15.0502484, 50.818965], [15.0498824, 50.8190599], [15.049741, 50.8192065], [15.0494974, 50.8193933], [15.0492772, 50.8195713], [15.0492109, 50.8196126], [15.0491768, 50.819624], [15.0490576, 50.8196904], [15.0489549, 50.8197245], [15.0488634, 50.8197691], [15.0481476, 50.819986], [15.0479099, 50.8199996], [15.0477627, 50.8200303], [15.0474754, 50.8201106], [15.0473152, 50.8201439], [15.04597, 50.8206238], [15.0456832, 50.8207897], [15.045146, 50.8212173], [15.0446339, 50.821482], [15.0442593, 50.821553], [15.0440512, 50.8216152], [15.0435888, 50.8217182], [15.0434605, 50.8217544], [15.043348, 50.8217688], [15.0431765, 50.821778], [15.0428286, 50.8218134], [15.0423698, 50.8218454], [15.0422241, 50.8218675], [15.0420577, 50.8218993], [15.0419678, 50.8219216], [15.0418821, 50.8219394], [15.0410415, 50.822182], [15.0410291, 50.8222135], [15.0406137, 50.8224325], [15.0404765, 50.8225414], [15.0403967, 50.8226254], [15.0399811, 50.8228992], [15.0396934, 50.8230991], [15.0396255, 50.8231443], [15.0392102, 50.8234548], [15.0387839, 50.823672], [15.038482, 50.8238121], [15.0381939, 50.8239832], [15.0381221, 50.8240048], [15.0380621, 50.8240007], [15.0379022, 50.8240772], [15.0374776, 50.8242286], [15.0371732, 50.8243417], [15.0370717, 50.8243347], [15.0368905, 50.8241974], [15.0367016, 50.8240366], [15.0362254, 50.8237451], [15.0358051, 50.8235104], [15.0356015, 50.8234628], [15.0353492, 50.8233584], [15.0351712, 50.823288], [15.0347274, 50.8231379], [15.0344021, 50.8229655], [15.0340836, 50.8226988], [15.0335038, 50.8223249], [15.0327587, 50.8219623], [15.0321028, 50.8217215], [15.0311568, 50.821531], [15.0305895, 50.8213681], [15.0303001, 50.8213064], [15.0298031, 50.8212042], [15.0297003, 50.821188], [15.0293809, 50.8211252], [15.0287455, 50.8209739], [15.0284808, 50.8209138], [15.0280134, 50.8208152], [15.0275073, 50.8206688], [15.0274648, 50.8206355], [15.0269121, 50.8204123], [15.0266353, 50.8202289], [15.0265562, 50.8201441], [15.0265491, 50.820118], [15.0265283, 50.8201008], [15.026448, 50.8200757], [15.0254532, 50.8196369], [15.0244298, 50.8192179], [15.0238688, 50.8188571], [15.023679, 50.8186477], [15.0235319, 50.8184816], [15.0233627, 50.8182155], [15.0232013, 50.8180777], [15.0225994, 50.8178413], [15.0225518, 50.8178268], [15.0211919, 50.817199], [15.0210691, 50.8171052], [15.0207832, 50.8170747], [15.0206514, 50.8170524], [15.0204732, 50.8169804], [15.0201722, 50.8170015], [15.0200683, 50.8169938], [15.0198888, 50.8170364], [15.0198598, 50.8170116], [15.0197145, 50.81696], [15.0192834, 50.8167067], [15.0187217, 50.8163676], [15.0183955, 50.8160636], [15.0180967, 50.8157618], [15.0177715, 50.8154904], [15.0174376, 50.8152482], [15.0171602, 50.8151285], [15.0169027, 50.8148971], [15.0163969, 50.8145302], [15.0162691, 50.8143013], [15.0160541, 50.8136592], [15.0158155, 50.8133704], [15.0155305, 50.8130647], [15.0154416, 50.8129726], [15.0152795, 50.8127397], [15.0150285, 50.8123302], [15.0148292, 50.8120555], [15.0144836, 50.8117797], [15.014358, 50.8117278], [15.0141858, 50.8115953], [15.0139453, 50.8113728], [15.0135621, 50.8109662], [15.0134314, 50.8108123], [15.0131954, 50.8105951], [15.013051, 50.8104875], [15.012642, 50.8101441], [15.0124584, 50.8099568], [15.0119345, 50.8094565], [15.011873, 50.8091786], [15.0117425, 50.8087995], [15.0116815, 50.8085584], [15.0116236, 50.8082888], [15.0115817, 50.8081894], [15.0114999, 50.8079488], [15.0114549, 50.807776], [15.0112343, 50.8074539], [15.0111016, 50.8072225], [15.010985, 50.8069075], [15.0109276, 50.8067749], [15.0108887, 50.8067058], [15.0106128, 50.8063843], [15.0103828, 50.8062603], [15.0102983, 50.8062219], [15.0100539, 50.8060697], [15.0099299, 50.8060316], [15.0094786, 50.8058679], [15.0089087, 50.8056407], [15.0087722, 50.8055324], [15.0083529, 50.8053738], [15.0078202, 50.8051384], [15.0074523, 50.8049643], [15.0070287, 50.8047928], [15.0066499, 50.804631], [15.0065521, 50.8046035], [15.0061769, 50.804404], [15.0043596, 50.8045416], [15.0036225, 50.8045755], [15.0019133, 50.8042238], [15.0005928, 50.803986], [14.9999627, 50.8038604], [14.9991232, 50.8036366], [14.9985575, 50.8033423], [14.9984851, 50.8030167], [14.9983298, 50.802677], [14.9981767, 50.8020299], [14.9979779, 50.8015802], [14.9976581, 50.800935], [14.9975986, 50.8008215], [14.9973468, 50.8002358], [14.9969981, 50.8001786], [14.9968643, 50.8000928], [14.9966099, 50.8000459], [14.9963378, 50.8000296], [14.9959645, 50.7999835], [14.9957598, 50.7999603], [14.9953055, 50.7998905], [14.9947128, 50.7999842], [14.9944066, 50.8000615], [14.9939967, 50.8002102], [14.9939181, 50.8004208], [14.9938071, 50.8005298], [14.9934874, 50.8006626], [14.9934578, 50.8006859], [14.9930114, 50.8009428], [14.9928089, 50.8010562], [14.9926958, 50.8011164], [14.9925364, 50.8011946], [14.9924766, 50.8012213], [14.9920752, 50.8014131], [14.9916858, 50.8015899], [14.991433, 50.8017082], [14.9914519, 50.8017152], [14.991299, 50.801803], [14.991156, 50.8018914], [14.9907849, 50.8021382], [14.9903587, 50.8023979], [14.989511, 50.8029205], [14.9890814, 50.8032584], [14.9885381, 50.8035978], [14.9883671, 50.8036089], [14.9879664, 50.8034876], [14.9875068, 50.8033862], [14.9871343, 50.803228], [14.986529, 50.8029236], [14.9859121, 50.8027229], [14.9852309, 50.802412], [14.9843901, 50.8020546], [14.9842779, 50.8020084], [14.9840541, 50.8019081], [14.9839066, 50.8018492], [14.9834874, 50.8017163], [14.982764, 50.801436], [14.9827063, 50.8014978], [14.9826636, 50.8014568], [14.9826209, 50.8014303], [14.9825474, 50.8013897], [14.982474, 50.8013653], [14.9823633, 50.8013383], [14.9822606, 50.8013184], [14.9820143, 50.8012493], [14.9815622, 50.8011689], [14.9815705, 50.8011486], [14.9813449, 50.8011114], [14.981338, 50.8011311], [14.9811387, 50.8011004], [14.9804844, 50.8010233], [14.980122, 50.8009406], [14.9798366, 50.8008371], [14.979678, 50.8007906], [14.9788989, 50.8005926], [14.978756, 50.8005883], [14.9781351, 50.8004558], [14.9780137, 50.8003881], [14.9779425, 50.800374], [14.9779211, 50.8002893], [14.9777261, 50.8002288], [14.9773999, 50.8000236], [14.9773029, 50.7999794], [14.9772222, 50.7999224], [14.9768327, 50.7998706], [14.9767463, 50.7999109], [14.9766409, 50.7999022], [14.9764688, 50.7998388], [14.9763544, 50.7997801], [14.9762451, 50.7997605], [14.9762004, 50.7997304], [14.9761202, 50.7997219], [14.9757063, 50.7995746], [14.9756689, 50.7994128], [14.9756207, 50.7994039], [14.9755676, 50.7994291], [14.9754448, 50.7993879], [14.9754023, 50.7993997], [14.9752779, 50.7993207], [14.9749656, 50.7992438], [14.974872, 50.7992654], [14.9747962, 50.7992593], [14.974637, 50.7991804], [14.9742836, 50.7990711], [14.9739995, 50.7989452], [14.9739441, 50.7989223], [14.9729552, 50.7985464], [14.9718572, 50.7982583], [14.9719489, 50.79776], [14.9720822, 50.7972897], [14.9724147, 50.7967823], [14.9723881, 50.7967797], [14.9725945, 50.7962988], [14.9726289, 50.7958004], [14.9726055, 50.7955245], [14.9724271, 50.7952893], [14.9723141, 50.7949895], [14.9722935, 50.7947468], [14.9722812, 50.7941806], [14.9725067, 50.7937779], [14.9728492, 50.7935166], [14.9722656, 50.7937175], [14.9719958, 50.7938685], [14.9714579, 50.7943671], [14.9710723, 50.7947085], [14.9705667, 50.7949015], [14.9700764, 50.795268], [14.969154, 50.7956684], [14.968646, 50.7958571], [14.9682058, 50.7959726], [14.9677482, 50.7960677], [14.9676152, 50.7960824], [14.9672427, 50.7961237], [14.9668952, 50.7962842], [14.9661658, 50.7964753], [14.9652324, 50.7965648], [14.9642204, 50.7965749], [14.963732, 50.7966423], [14.9632604, 50.7966485], [14.9623346, 50.796903], [14.9619595, 50.7969786], [14.9616239, 50.7970351], [14.9606724, 50.7972523], [14.9604158, 50.7973316], [14.9604468, 50.7970959], [14.9601913, 50.7965584], [14.9597564, 50.7960941], [14.9586956, 50.7950201], [14.958313, 50.7944619], [14.9583025, 50.7940644], [14.958404, 50.7937959], [14.9580275, 50.7937697], [14.9579988, 50.7934223], [14.9580035, 50.7933035], [14.9580247, 50.7931078], [14.9580525, 50.7929566], [14.9581368, 50.7925531], [14.9585268, 50.7920339], [14.9589044, 50.7916843], [14.9591668, 50.7916715], [14.9594612, 50.7914774], [14.9593983, 50.7912736], [14.9598653, 50.7911489], [14.9603683, 50.7910298], [14.9607646, 50.7909104], [14.9610866, 50.7908202], [14.9610523, 50.7907442], [14.9617196, 50.790614], [14.9621135, 50.7905565], [14.9632127, 50.7903298], [14.9639292, 50.7903626], [14.964563, 50.7903697], [14.9650437, 50.7902298], [14.96593, 50.7901448], [14.9666065, 50.7901109], [14.9668816, 50.7901194], [14.9670858, 50.7901424], [14.9672776, 50.7901793], [14.9673857, 50.790141], [14.967415, 50.7900812], [14.9680286, 50.7901905], [14.968164, 50.7901951], [14.9685103, 50.7900497], [14.9688377, 50.7898764], [14.9695977, 50.789599], [14.9701681, 50.7895039], [14.9708138, 50.7894088], [14.9710057, 50.7892932], [14.971029, 50.7892178], [14.9709972, 50.7890176], [14.9708551, 50.7886828], [14.9706973, 50.7884035], [14.9703468, 50.7881049], [14.970049, 50.7878124], [14.9696549, 50.7876474], [14.9692714, 50.7874591], [14.969189, 50.787402], [14.969084, 50.7872801], [14.9688771, 50.7870601], [14.9686492, 50.786861], [14.9683905, 50.7866584], [14.9679688, 50.7864047], [14.9675904, 50.7861542], [14.9671816, 50.7858474], [14.9669241, 50.7857569], [14.9667148, 50.7857213], [14.9663753, 50.7857052], [14.9659985, 50.7857232], [14.9651702, 50.7858061], [14.9646857, 50.7858418], [14.9642739, 50.7858647], [14.9636634, 50.7858391], [14.9633592, 50.7858683], [14.9632263, 50.7858521], [14.9628701, 50.785836], [14.9624423, 50.7857608], [14.9621852, 50.7857027], [14.9619955, 50.785589], [14.9618416, 50.7854239], [14.9617704, 50.7852817], [14.9617052, 50.7851243], [14.9615779, 50.7848753], [14.9615415, 50.7847126], [14.961396, 50.7844903], [14.9612294, 50.7842433], [14.9611908, 50.7841054], [14.9612298, 50.7839976], [14.9611504, 50.783888], [14.961056, 50.7837462], [14.9607394, 50.7834878], [14.9605637, 50.7831847], [14.9604146, 50.7828958], [14.9602353, 50.7826807], [14.9600451, 50.7825061], [14.9598956, 50.7824261], [14.9592711, 50.7822968], [14.9589765, 50.782277], [14.9586661, 50.78229], [14.9584965, 50.7822606], [14.958304, 50.7822522], [14.958023, 50.7821914], [14.9577436, 50.7821163], [14.9575083, 50.7820059], [14.9573029, 50.7818986], [14.9571227, 50.7816986], [14.9569247, 50.7814479], [14.9569231, 50.7813421], [14.9569922, 50.7812739], [14.9570984, 50.7812646], [14.9571152, 50.7812402], [14.9569707, 50.7811022], [14.9568002, 50.7809453], [14.9565908, 50.78089], [14.9564278, 50.7807386], [14.9562613, 50.7806011], [14.9561652, 50.7804409], [14.9559524, 50.7803166], [14.9557755, 50.7803147], [14.9554299, 50.78037], [14.9551788, 50.7804186], [14.9551505, 50.7804278], [14.95512, 50.7803952], [14.9549988, 50.7803003], [14.9548292, 50.7802308], [14.9544978, 50.7801773], [14.9539111, 50.7801476], [14.9535248, 50.7801231], [14.9533474, 50.7800686], [14.9532688, 50.7800301], [14.9531499, 50.7799361], [14.9530117, 50.7797975], [14.9529878, 50.7797557], [14.9529697, 50.7796847]], [[14.9998314, 50.7945244], [14.9998898, 50.7946693], [14.9999707, 50.7948011], [15.0001695, 50.7950051], [15.0003202, 50.7951038], [15.0004897, 50.7951758], [15.0007092, 50.7953349], [15.0009127, 50.7955666], [15.0009969, 50.7956895], [15.0010254, 50.7958042], [15.0009177, 50.796005], [15.0009415, 50.7965594], [15.0009631, 50.7966473], [15.0010058, 50.7968583], [15.0010033, 50.7971565], [15.0011096, 50.7974611], [15.0014435, 50.7980635], [15.0016693, 50.7983232], [15.0020007, 50.7985725], [15.0021613, 50.79869], [15.0023338, 50.7988256], [15.0026658, 50.7991185], [15.00287, 50.7993437], [15.0031144, 50.7995895], [15.0032773, 50.7998557], [15.0035452, 50.8003781], [15.0037311, 50.8006508], [15.0039282, 50.8009878], [15.0039922, 50.8011435], [15.0043418, 50.8018258], [15.0043984, 50.802198], [15.0045316, 50.8026474], [15.0045021, 50.8028735], [15.0045767, 50.8030975], [15.00468, 50.8033825], [15.0047749, 50.8035674], [15.0048493, 50.803706], [15.0049898, 50.8038449], [15.0053631, 50.8035946], [15.0057337, 50.8033631], [15.0061047, 50.8032277], [15.0065164, 50.8031029], [15.0069352, 50.8029995], [15.0072349, 50.802919], [15.0075311, 50.8027992], [15.0077883, 50.8026608], [15.008075, 50.8024967], [15.0082892, 50.8024074], [15.0085192, 50.802332], [15.0087555, 50.8022607], [15.0096228, 50.802041], [15.0097606, 50.801997], [15.0099307, 50.8019765], [15.0105181, 50.8018317], [15.0115626, 50.8016618], [15.0119728, 50.8016003], [15.0125817, 50.8014763], [15.0132392, 50.8013454], [15.0136042, 50.8012811], [15.0141505, 50.8012044], [15.014737, 50.8011202], [15.0152826, 50.8010608], [15.0156726, 50.8009931], [15.0161479, 50.8008788], [15.0163385, 50.8008623], [15.0169147, 50.8008081], [15.0182882, 50.8008995], [15.0184286, 50.8009067], [15.0184571, 50.8009087], [15.0184561, 50.8009121], [15.0185303, 50.8009172], [15.0185313, 50.8009137], [15.0186517, 50.8009217], [15.0193997, 50.8009013], [15.0198001, 50.8008774], [15.0199868, 50.8008685], [15.0202008, 50.8008518], [15.0207504, 50.8008156], [15.023415, 50.8005628], [15.0243207, 50.800503], [15.0245772, 50.8004769], [15.0258372, 50.8002598], [15.0264789, 50.8004471], [15.027824, 50.8003474], [15.0289581, 50.8001305], [15.0299048, 50.7996922], [15.0300336, 50.7994715], [15.0302571, 50.7993856], [15.0308295, 50.7991257], [15.0311033, 50.7989608], [15.0311902, 50.7990315], [15.0313001, 50.7991171], [15.0313903, 50.7991323], [15.0314914, 50.7990829], [15.0315568, 50.7990709], [15.0316184, 50.7990328], [15.0316496, 50.7990277], [15.0319077, 50.7989161], [15.032072, 50.7988477], [15.0338713, 50.7988969], [15.0339584, 50.7988937], [15.0349667, 50.798869], [15.0363051, 50.7994498], [15.0365578, 50.7994568], [15.0371206, 50.799548], [15.0371745, 50.7995696], [15.0373596, 50.7996023], [15.03757, 50.7996228], [15.0379244, 50.7996009], [15.0381948, 50.7995738], [15.0382641, 50.7995086], [15.0386583, 50.7994259], [15.0391033, 50.7993376], [15.0392085, 50.7993185], [15.0397025, 50.7992228], [15.0401474, 50.7991687], [15.04073, 50.799091], [15.0407857, 50.7990712], [15.0416859, 50.7991313], [15.0415998, 50.7989844], [15.0415151, 50.7988995], [15.0415007, 50.7988159], [15.0414244, 50.7986325], [15.0415015, 50.7984695], [15.0414308, 50.7983797], [15.0413943, 50.7983398], [15.0413181, 50.7982017], [15.0412485, 50.7981073], [15.0412894, 50.7980247], [15.0412448, 50.7980034], [15.0411766, 50.7979831], [15.0412264, 50.7979062], [15.0413323, 50.7978601], [15.0413363, 50.7976956], [15.0412835, 50.7976511], [15.0412229, 50.7975829], [15.0412079, 50.7975386], [15.0411814, 50.7974722], [15.0412286, 50.7973894], [15.0412305, 50.7973121], [15.041263, 50.7972276], [15.0413592, 50.7971153], [15.0413286, 50.7970107], [15.0413443, 50.7969258], [15.0413271, 50.7968921], [15.041233, 50.7968486], [15.0412723, 50.7966941], [15.0412966, 50.7966416], [15.0414066, 50.7966231], [15.0413743, 50.7965692], [15.0414385, 50.7964256], [15.0413416, 50.7963582], [15.0413509, 50.7962873], [15.0413387, 50.7962083], [15.0413017, 50.7961173], [15.0411815, 50.7960658], [15.0410718, 50.7959916], [15.0409647, 50.7958867], [15.0409918, 50.7958283], [15.041013, 50.7957328], [15.0411003, 50.7957106], [15.0410786, 50.7956874], [15.0410477, 50.7954873], [15.0411596, 50.7955344], [15.0411713, 50.7955417], [15.0412833, 50.7954422], [15.0412567, 50.795451], [15.0409229, 50.7952357], [15.0408521, 50.7952251], [15.0410419, 50.7949547], [15.0411811, 50.7946129], [15.0414808, 50.7943636], [15.0415923, 50.7942637], [15.0417377, 50.7942939], [15.0419102, 50.7939864], [15.0419077, 50.7938807], [15.0419046, 50.7938641], [15.0420614, 50.793463], [15.0421805, 50.7930798], [15.0423455, 50.7925866], [15.0425898, 50.7923165], [15.0424262, 50.7922806], [15.0426076, 50.792097], [15.0427378, 50.7918712], [15.042674, 50.7917952], [15.0425011, 50.7917621], [15.0425796, 50.7915899], [15.0426693, 50.7913232], [15.0427424, 50.7907551], [15.0427514, 50.7906484], [15.0427855, 50.790397], [15.0428272, 50.790274], [15.0430319, 50.7901383], [15.0433199, 50.7900636], [15.0439551, 50.7898919], [15.0441568, 50.7898399], [15.0444624, 50.789723], [15.0449511, 50.789452], [15.0452025, 50.7892874], [15.0451018, 50.7891425], [15.0451042, 50.7891348], [15.0452175, 50.7890216], [15.0452885, 50.7889423], [15.0454897, 50.7886039], [15.0455453, 50.7884993], [15.0449909, 50.7883782], [15.0440694, 50.7882344], [15.0432531, 50.7881001], [15.042363, 50.787981], [15.0421532, 50.7879548], [15.0419581, 50.7879474], [15.0417746, 50.7879813], [15.0416951, 50.7880172], [15.0415211, 50.7880143], [15.0413573, 50.7880395], [15.0411579, 50.7880861], [15.0409868, 50.7881295], [15.0408337, 50.788175], [15.0406801, 50.7882288], [15.04053, 50.7882852], [15.0403389, 50.7883679], [15.0401475, 50.7884654], [15.0397131, 50.7885798], [15.0391985, 50.7886881], [15.0393578, 50.7886078], [15.0392878, 50.7885465], [15.0388181, 50.7884708], [15.0380435, 50.7883955], [15.0377229, 50.788362], [15.0370492, 50.7882439], [15.0367983, 50.7881803], [15.03641, 50.7880619], [15.0360549, 50.7879381], [15.0356977, 50.7878174], [15.0352336, 50.7877091], [15.0349202, 50.7876581], [15.034159, 50.7875803], [15.0337518, 50.7875611], [15.033514, 50.7875528], [15.0329363, 50.7874829], [15.0325479, 50.7873353], [15.0323962, 50.7872777], [15.0323341, 50.7872527], [15.0314953, 50.7869311], [15.0309129, 50.7867198], [15.0299521, 50.7863202], [15.0294456, 50.7861849], [15.0289557, 50.7860845], [15.0284784, 50.7859991], [15.0281403, 50.7859429], [15.0274611, 50.7858065], [15.0267648, 50.7856697], [15.0262096, 50.785602], [15.02565, 50.7855452], [15.0255475, 50.7853746], [15.0251689, 50.7853068], [15.0251025, 50.7852851], [15.0251328, 50.7851593], [15.0251624, 50.7850162], [15.0251021, 50.7848214], [15.0248252, 50.7845703], [15.0246358, 50.7845385], [15.0244328, 50.7843351], [15.0236017, 50.7840009], [15.0231605, 50.7833674], [15.0231095, 50.7832704], [15.0230813, 50.783244], [15.023039, 50.7829682], [15.022803, 50.78286], [15.0225981, 50.7828231], [15.0222394, 50.7826266], [15.0219154, 50.7823592], [15.0217298, 50.7821978], [15.021647, 50.7821214], [15.0215152, 50.7819894], [15.0209295, 50.78149], [15.0203993, 50.780967], [15.020127, 50.7807181], [15.019733, 50.7803395], [15.0190437, 50.7796521], [15.0187815, 50.7793265], [15.0187107, 50.779347], [15.0181989, 50.7785559], [15.0181596, 50.7784683], [15.0179107, 50.7781397], [15.0177024, 50.7778821], [15.0174342, 50.7775609], [15.0172252, 50.7772998], [15.0171122, 50.7771343], [15.017019, 50.776983], [15.0167466, 50.7765283], [15.0166201, 50.7762446], [15.0166313, 50.7762455], [15.0167003, 50.7762331], [15.0166316, 50.7761427], [15.0163572, 50.7756751], [15.0156127, 50.7747756], [15.0155231, 50.7747456], [15.0154209, 50.7748401], [15.0154766, 50.7748865], [15.0154781, 50.7749554], [15.0155589, 50.7750458], [15.0154063, 50.7750796], [15.0153593, 50.7751426], [15.0154652, 50.7751924], [15.0155565, 50.775282], [15.0155812, 50.7752934], [15.0156151, 50.7754076], [15.015719, 50.7754267], [15.0157025, 50.7754794], [15.0156153, 50.7756087], [15.0155458, 50.7756045], [15.0154504, 50.7756264], [15.0152911, 50.7756421], [15.0153227, 50.7756946], [15.0153947, 50.7757356], [15.0155257, 50.7756983], [15.0155809, 50.7757745], [15.0157043, 50.7758312], [15.0157231, 50.7758782], [15.0157173, 50.7759362], [15.0157051, 50.7759585], [15.0156676, 50.7760092], [15.0158192, 50.7761369], [15.0158194, 50.7762131], [15.0157146, 50.776314], [15.0157323, 50.7764116], [15.0158274, 50.7766477], [15.015818, 50.7767312], [15.0158074, 50.7767543], [15.0152981, 50.7771825], [15.0151191, 50.7772575], [15.014861, 50.777334], [15.0148033, 50.7773563], [15.0148042, 50.7775641], [15.0146216, 50.7777651], [15.014183, 50.778143], [15.0143843, 50.7782842], [15.0143208, 50.7783493], [15.014493, 50.7784364], [15.0146233, 50.7785475], [15.0151259, 50.7785785], [15.0151511, 50.7786693], [15.0150052, 50.7787749], [15.0148939, 50.778923], [15.0147511, 50.7789265], [15.0147881, 50.7790909], [15.0149961, 50.7791406], [15.0149897, 50.7792084], [15.0149277, 50.7792588], [15.0144819, 50.7794491], [15.014554, 50.7795566], [15.0144858, 50.7796493], [15.0143511, 50.7797648], [15.0142575, 50.7798183], [15.0142357, 50.7798565], [15.0141652, 50.7799655], [15.0142278, 50.7800991], [15.0144084, 50.7802088], [15.0144398, 50.7804253], [15.0144173, 50.7806109], [15.0141637, 50.7808208], [15.0139593, 50.7809397], [15.0139363, 50.7812828], [15.0139538, 50.7814012], [15.0140334, 50.7816388], [15.0139988, 50.7817046], [15.0137484, 50.7819279], [15.0137437, 50.7821022], [15.014054, 50.7822258], [15.0145699, 50.7823212], [15.0147266, 50.7824238], [15.0147496, 50.7826365], [15.0148205, 50.7827676], [15.0149152, 50.7830375], [15.014886, 50.7831519], [15.0149431, 50.783341], [15.0147563, 50.783592], [15.0148635, 50.7836644], [15.0149721, 50.7837522], [15.0153106, 50.7838562], [15.0154368, 50.7838866], [15.0157752, 50.7840334], [15.0157642, 50.7841313], [15.0159051, 50.7841662], [15.0161467, 50.7842138], [15.0160964, 50.784339], [15.0162704, 50.7843924], [15.0163948, 50.784517], [15.0163927, 50.7847057], [15.0167526, 50.7850744], [15.0168474, 50.785097], [15.0170046, 50.7852099], [15.0170092, 50.7852611], [15.017051, 50.785361], [15.017018, 50.7854068], [15.0169243, 50.7854281], [15.0169722, 50.7855324], [15.0170046, 50.7855642], [15.0169348, 50.7855867], [15.0170204, 50.7856505], [15.0166388, 50.7859777], [15.0163649, 50.7861027], [15.016151, 50.7863378], [15.0159575, 50.7865136], [15.0158539, 50.7865953], [15.0157891, 50.786692], [15.0158084, 50.7868673], [15.0157375, 50.7869476], [15.015778, 50.7870574], [15.0157394, 50.7871263], [15.0157787, 50.7872603], [15.0158271, 50.7873342], [15.0157111, 50.7874585], [15.0156332, 50.7875872], [15.0155556, 50.787776], [15.0155426, 50.7878586], [15.0155547, 50.7880273], [15.0157001, 50.7880804], [15.0157447, 50.7881933], [15.0158092, 50.7882866], [15.0166462, 50.788473], [15.016888, 50.7887072], [15.016913, 50.788858], [15.0168652, 50.7889999], [15.0166113, 50.7891358], [15.0165776, 50.7891601], [15.0164543, 50.7893019], [15.0165144, 50.7895706], [15.0166821, 50.7898887], [15.016753, 50.7900042], [15.0168432, 50.7901436], [15.016101, 50.7903023], [15.0157501, 50.7902055], [15.0153378, 50.7901667], [15.0147961, 50.7902865], [15.0144126, 50.7903635], [15.0140594, 50.7904674], [15.0138944, 50.790525], [15.0134906, 50.7906338], [15.0133526, 50.7906566], [15.0133313, 50.7906558], [15.0128538, 50.7905655], [15.0125014, 50.7905434], [15.0119758, 50.7906137], [15.011654, 50.7904783], [15.0116422, 50.7904718], [15.0116673, 50.7904134], [15.0115087, 50.7902631], [15.010679, 50.7895432], [15.0105193, 50.7893506], [15.0102674, 50.7892386], [15.0100543, 50.7891596], [15.0098268, 50.7889402], [15.0097332, 50.7887143], [15.0096198, 50.7886206], [15.0092346, 50.7884753], [15.0090803, 50.7884822], [15.0089873, 50.7885062], [15.0088843, 50.7885633], [15.0086453, 50.7887829], [15.0084019, 50.7889993], [15.0082314, 50.7891386], [15.0081174, 50.7891691], [15.0079037, 50.7892414], [15.0075512, 50.7892723], [15.0074497, 50.7894713], [15.0073648, 50.7900097], [15.0073462, 50.7901052], [15.0072719, 50.7902441], [15.0071953, 50.790303], [15.0069019, 50.7904968], [15.0068681, 50.7905474], [15.0065822, 50.7906358], [15.0064972, 50.7906346], [15.0063864, 50.7906353], [15.0063337, 50.7906155], [15.0062746, 50.7904612], [15.006321, 50.7903279], [15.0062169, 50.7902429], [15.0061063, 50.7901076], [15.006009, 50.7900689], [15.0056485, 50.7900319], [15.0054042, 50.7899118], [15.0052786, 50.7897288], [15.0051998, 50.7896403], [15.0048667, 50.7894426], [15.0045765, 50.7893255], [15.0044397, 50.7893762], [15.0041875, 50.7894731], [15.0040973, 50.7894445], [15.0040712, 50.7894407], [15.0040283, 50.789439], [15.0037558, 50.7894692], [15.0036783, 50.7894928], [15.0032878, 50.7894991], [15.0031398, 50.78956], [15.0030917, 50.789632], [15.0031097, 50.7897487], [15.0029946, 50.790097], [15.0028212, 50.790206], [15.0025583, 50.7903605], [15.0021705, 50.7905402], [15.0021685, 50.7905491], [15.0020948, 50.7905424], [15.0019468, 50.7905609], [15.0019416, 50.7905525], [15.001915, 50.7905596], [15.0019204, 50.7905669], [15.0016567, 50.790604], [15.0013582, 50.7906245], [15.0009218, 50.7905094], [15.0008436, 50.7904502], [15.0007963, 50.7903855], [15.0007851, 50.7903245], [15.0007922, 50.7902538], [15.0008376, 50.7901942], [15.0011125, 50.7900111], [15.0011467, 50.7899033], [15.0011185, 50.7898049], [15.0009991, 50.7894771], [15.000718, 50.7894171], [15.0005256, 50.7894748], [15.0001021, 50.789772], [15.0002773, 50.7900824], [15.0005034, 50.7903747], [15.0006445, 50.7905789], [15.0006307, 50.7905798], [15.0006548, 50.7907152], [15.0007366, 50.7907094], [15.00074, 50.790714], [15.0007661, 50.7908061], [15.0009567, 50.7910448], [15.0010189, 50.7910934], [15.0011348, 50.7912399], [15.0011583, 50.7912812], [15.0012479, 50.7914183], [15.0013104, 50.7914997], [15.0014281, 50.7917751], [15.0014094, 50.7919218], [15.0013278, 50.7921563], [15.0011412, 50.792296], [15.0007723, 50.7924529], [15.0006594, 50.7925176], [15.0005422, 50.7926678], [15.0004246, 50.7928715], [15.000406, 50.7929889], [15.0002466, 50.7930691], [15.0002814, 50.7931092], [15.0001648, 50.7931736], [15.0001044, 50.7934747], [15.0000422, 50.7935513], [15.0000226, 50.7936515], [15.0000715, 50.7937739], [15.0000411, 50.7941529], [14.9999409, 50.7942128], [14.9998633, 50.7943278], [14.9999011, 50.794425], [14.9998314, 50.7945244]]]}}, {"type": "Feature", "properties": {"name": "Olomouc"}, "geometry": {"type": "Polygon", "coordinates": [[[17.1621222, 49.5812609], [17.1621673, 49.5812129], [17.162149, 49.5812], [17.1623031, 49.5810585], [17.1624963, 49.5807902], [17.1626825, 49.5805879], [17.1629102, 49.5803854], [17.162939, 49.580383], [17.1629647, 49.5803595], [17.1635242, 49.5791143], [17.1637041, 49.5787456], [17.1639212, 49.5783635], [17.1639827, 49.5782831], [17.1642838, 49.5779061], [17.1643936, 49.5778012], [17.165673, 49.5768745], [17.1663793, 49.5763681], [17.1702189, 49.5776535], [17.170304, 49.5779479], [17.1708904, 49.5778782], [17.1754353, 49.5793993], [17.1750338, 49.5799888], [17.1754399, 49.5801167], [17.1757754, 49.5802004], [17.1761226, 49.5802652], [17.1768478, 49.580353], [17.1772598, 49.58039], [17.1778819, 49.5804293], [17.1788957, 49.580511], [17.1795747, 49.5806158], [17.180077, 49.5807139], [17.1805141, 49.5808334], [17.1812456, 49.5810437], [17.1818496, 49.5812058], [17.1819931, 49.5812224], [17.1819144, 49.581384], [17.1834052, 49.581677], [17.1839924, 49.5817908], [17.1843574, 49.5818419], [17.1847616, 49.5818964], [17.1851202, 49.5819408], [17.1859156, 49.5820271], [17.1863986, 49.582063], [17.1873237, 49.5821409], [17.1878895, 49.5822073], [17.1884544, 49.5823049], [17.1891675, 49.5824516], [17.1896424, 49.5825724], [17.1900961, 49.5827083], [17.1906164, 49.5828798], [17.1912703, 49.583112], [17.1919298, 49.5833484], [17.192751, 49.5836572], [17.1932652, 49.5838532], [17.1932956, 49.5838589], [17.1935923, 49.5839724], [17.194816, 49.5844719], [17.1954702, 49.5847413], [17.1964545, 49.5851234], [17.1960502, 49.5855884], [17.1960711, 49.5855949], [17.1960329, 49.5856984], [17.1980418, 49.5861103], [17.199817, 49.5864862], [17.2002744, 49.5865748], [17.2006558, 49.5866346], [17.2008081, 49.5865924], [17.2009159, 49.5865467], [17.2009923, 49.5864749], [17.2010012, 49.5862843], [17.2017313, 49.5862875], [17.2017757, 49.5862898], [17.2020848, 49.5852439], [17.2025222, 49.5837328], [17.2026349, 49.5837443], [17.2048722, 49.58401], [17.2061153, 49.5842945], [17.2061889, 49.5843107], [17.2069427, 49.584477], [17.2078027, 49.5846802], [17.2078787, 49.5844536], [17.2081824, 49.5837497], [17.2084944, 49.5830818], [17.2088781, 49.5823767], [17.209455, 49.581463], [17.2095027, 49.5813938], [17.2104591, 49.5816965], [17.2109974, 49.5810751], [17.2117429, 49.5803147], [17.2117241, 49.5803127], [17.2117428, 49.5802938], [17.2121424, 49.5803327], [17.2124383, 49.5804081], [17.212754, 49.5805079], [17.2130169, 49.5806057], [17.2134197, 49.580767], [17.2140433, 49.5810241], [17.2140928, 49.580982], [17.2141513, 49.5809342], [17.2139183, 49.5807462], [17.2134199, 49.5803788], [17.2128221, 49.5798905], [17.2125375, 49.5796717], [17.2116314, 49.5789988], [17.2109841, 49.5785822], [17.2102873, 49.5782103], [17.2097299, 49.5778895], [17.2094612, 49.5777154], [17.2086781, 49.5772551], [17.2079249, 49.5768163], [17.2071431, 49.5763772], [17.2068072, 49.5761976], [17.206207, 49.575886], [17.2057695, 49.5756855], [17.2045738, 49.5752007], [17.2037067, 49.5748758], [17.2028354, 49.5745518], [17.2022345, 49.5743475], [17.2013057, 49.5740411], [17.2008837, 49.5739109], [17.2003213, 49.5738031], [17.2003603, 49.5737458], [17.2003434, 49.5737038], [17.2006856, 49.5728693], [17.2008146, 49.5723839], [17.200967, 49.5717324], [17.2010641, 49.5713379], [17.2012255, 49.5706091], [17.2013818, 49.569647], [17.2014404, 49.568849], [17.2015221, 49.5678553], [17.2015219, 49.5677319], [17.2016289, 49.5664779], [17.2016419, 49.5662746], [17.2017924, 49.5653197], [17.2017629, 49.5653167], [17.2005342, 49.5649304], [17.1875272, 49.5608443], [17.183924, 49.5592895], [17.183365, 49.5589537], [17.1862035, 49.5566438], [17.1861871, 49.5566353], [17.1862047, 49.5566192], [17.1858487, 49.5564053], [17.1855349, 49.5562026], [17.1850222, 49.5558604], [17.1847547, 49.5557064], [17.1844769, 49.555556], [17.1842587, 49.5554216], [17.1836142, 49.5549647], [17.1837191, 49.5548966], [17.1839613, 49.5547545], [17.185049, 49.5540442], [17.1852399, 49.5539066], [17.1852684, 49.5539169], [17.1852688, 49.5539384], [17.1854838, 49.5538335], [17.1854287, 49.5537971], [17.1855782, 49.553696], [17.1856842, 49.5536195], [17.1863606, 49.5530767], [17.1865832, 49.55288], [17.1868318, 49.5525992], [17.1870716, 49.5523614], [17.1872686, 49.5521847], [17.1875011, 49.5518887], [17.1877823, 49.5515855], [17.1880617, 49.5511836], [17.1882128, 49.5509418], [17.1882266, 49.5509382], [17.188288, 49.5508499], [17.1885387, 49.5503964], [17.1889234, 49.5497408], [17.1889729, 49.5496563], [17.1892343, 49.5492805], [17.1893001, 49.549159], [17.189493, 49.5488823], [17.1895385, 49.5487886], [17.1896335, 49.5485139], [17.1896649, 49.5483847], [17.1896856, 49.5481351], [17.1896805, 49.54809], [17.1896588, 49.5479997], [17.1895951, 49.5478335], [17.1895416, 49.5476499], [17.1895152, 49.5475052], [17.1895964, 49.5474874], [17.1896314, 49.5474614], [17.1897863, 49.5474746], [17.190273, 49.5474709], [17.1907886, 49.5474898], [17.1911352, 49.5475043], [17.1921853, 49.5475219], [17.1927447, 49.5475874], [17.1942191, 49.5478401], [17.194259, 49.5478485], [17.1952849, 49.5480633], [17.1957817, 49.5481852], [17.196124, 49.5482462], [17.196621, 49.5483639], [17.1969991, 49.548444], [17.1974416, 49.5485526], [17.1977977, 49.5486337], [17.198446, 49.5487991], [17.1990529, 49.5489483], [17.199725, 49.5491546], [17.1999554, 49.5492076], [17.2002844, 49.5493036], [17.2009102, 49.5494787], [17.2022883, 49.5498922], [17.2027273, 49.5500341], [17.2053498, 49.5491299], [17.2054174, 49.5491091], [17.206067, 49.549899], [17.2064077, 49.5503214], [17.2070277, 49.5510751], [17.2077718, 49.551985], [17.207816, 49.5520678], [17.2078243, 49.5521078], [17.2079176, 49.5521361], [17.2080766, 49.5521754], [17.2084152, 49.5522638], [17.2090449, 49.5524475], [17.2096552, 49.5525906], [17.210006, 49.5526794], [17.210164, 49.5527063], [17.2102738, 49.5526498], [17.2103714, 49.5525831], [17.210684, 49.5523297], [17.210964, 49.5521305], [17.2114861, 49.5518269], [17.2118839, 49.551555], [17.212213, 49.5512793], [17.2130955, 49.5505698], [17.2133377, 49.5503989], [17.2135701, 49.550264], [17.2144636, 49.5498086], [17.2149135, 49.5495684], [17.2154646, 49.5492831], [17.2159815, 49.5489831], [17.2164937, 49.5486581], [17.2166395, 49.5485705], [17.2177477, 49.5479181], [17.2185932, 49.5474235], [17.2186211, 49.5474072], [17.2186649, 49.5473529], [17.2187134, 49.5473837], [17.2193819, 49.5473001], [17.2196906, 49.546755], [17.2204054, 49.5462895], [17.2204215, 49.5463011], [17.2205871, 49.5461943], [17.2215582, 49.5456917], [17.2223808, 49.545423], [17.2248201, 49.5453412], [17.2272622, 49.5452658], [17.229687, 49.5451885], [17.2367276, 49.5464196], [17.2367086, 49.5464634], [17.2401698, 49.5470689], [17.240235, 49.5471192], [17.2401693, 49.5473033], [17.2400036, 49.5478773], [17.2400706, 49.5478836], [17.2400757, 49.5478686], [17.2420388, 49.5480365], [17.2420585, 49.5479894], [17.2424054, 49.5473247], [17.242552, 49.5470884], [17.2427874, 49.5466849], [17.2433326, 49.5459087], [17.2439197, 49.5461198], [17.2441483, 49.5458132], [17.2447519, 49.5449518], [17.2457841, 49.5449672], [17.2457702, 49.544981], [17.2464209, 49.5450168], [17.2469226, 49.5450602], [17.2470681, 49.5450645], [17.2472342, 49.5447915], [17.2474307, 49.5445011], [17.2475408, 49.5443555], [17.2475632, 49.5443632], [17.2478962, 49.5444419], [17.2484145, 49.5445264], [17.2491857, 49.5445761], [17.2494505, 49.5446438], [17.2496781, 49.5447814], [17.2498924, 49.5448961], [17.2503297, 49.5450899], [17.2504312, 49.5451662], [17.2503432, 49.5456917], [17.2504084, 49.5456795], [17.2508524, 49.5461718], [17.2511215, 49.5464938], [17.2513197, 49.5468435], [17.2515168, 49.5470419], [17.2516946, 49.5471774], [17.2518399, 49.5472704], [17.2518804, 49.5473053], [17.254265, 49.5475063], [17.2571121, 49.5477508], [17.2571675, 49.5477517], [17.2579081, 49.546268], [17.260554, 49.544443], [17.2606189, 49.5443727], [17.260687, 49.5443064], [17.2607706, 49.5442225], [17.2608156, 49.5441717], [17.2621612, 49.5427761], [17.2622279, 49.5427711], [17.2622095, 49.5427871], [17.2624366, 49.5427731], [17.2625527, 49.5427673], [17.2660984, 49.5425372], [17.2660856, 49.5425249], [17.2671058, 49.5425111], [17.2678795, 49.5412934], [17.2680404, 49.5411762], [17.2684318, 49.5409424], [17.268784, 49.5408683], [17.26912, 49.5408041], [17.2692658, 49.5407539], [17.269703, 49.5403029], [17.2701281, 49.539634], [17.2706253, 49.5388358], [17.2733169, 49.5392844], [17.2749943, 49.5365084], [17.2760718, 49.5347752], [17.2761466, 49.5346988], [17.2784019, 49.5354921], [17.279207, 49.5357725], [17.2798641, 49.5359939], [17.2798338, 49.5361136], [17.2797295, 49.536555], [17.2796, 49.5369012], [17.2794154, 49.5373425], [17.2791872, 49.5377367], [17.2791765, 49.5378821], [17.2792393, 49.5380285], [17.2800554, 49.5385305], [17.2807925, 49.5389332], [17.2813326, 49.5397619], [17.2815372, 49.5399437], [17.2817213, 49.5401654], [17.2824675, 49.540856], [17.2828273, 49.541218], [17.2845379, 49.5426872], [17.2853845, 49.5434862], [17.2853692, 49.5440354], [17.2864575, 49.5449728], [17.2871691, 49.5455647], [17.2873804, 49.5458138], [17.2874854, 49.5459865], [17.2879154, 49.5463693], [17.2885343, 49.5464605], [17.2891865, 49.5464951], [17.2893331, 49.5465249], [17.2896852, 49.5468114], [17.2916831, 49.5471087], [17.2944309, 49.5476681], [17.2947967, 49.5477763], [17.2954886, 49.5480079], [17.2956879, 49.5481167], [17.2964529, 49.5488084], [17.296608, 49.5489451], [17.2977274, 49.5501029], [17.2979666, 49.5496201], [17.2980966, 49.5494024], [17.2983752, 49.5496217], [17.2983896, 49.5496968], [17.2983089, 49.5498548], [17.2982702, 49.5499561], [17.2977461, 49.5510935], [17.2977195, 49.5510883], [17.297551, 49.5514384], [17.2975038, 49.5514968], [17.2970393, 49.5525159], [17.2970669, 49.5525719], [17.2967456, 49.5532076], [17.2991096, 49.5537008], [17.3011892, 49.5541217], [17.3013438, 49.5541543], [17.3035922, 49.5545955], [17.3041474, 49.554735], [17.3043731, 49.5548551], [17.3059646, 49.5560184], [17.3057552, 49.5561627], [17.3048346, 49.5566676], [17.3037393, 49.5574419], [17.3030335, 49.5581644], [17.3027272, 49.5586125], [17.3044792, 49.5592994], [17.3064698, 49.5601446], [17.3090057, 49.5611711], [17.3090494, 49.5611919], [17.3093296, 49.5613374], [17.3093785, 49.5613546], [17.3099499, 49.5615014], [17.3099476, 49.5615052], [17.3101214, 49.5615484], [17.3101129, 49.5615641], [17.3101568, 49.561575], [17.3101655, 49.5615589], [17.3105123, 49.5616459], [17.3128163, 49.5622952], [17.3157789, 49.5631244], [17.3183731, 49.5638444], [17.319712, 49.5642084], [17.3201452, 49.5643611], [17.3216714, 49.5650375], [17.3221959, 49.5652816], [17.3222983, 49.5653263], [17.32306, 49.5656584], [17.3232674, 49.5657057], [17.3255006, 49.5660874], [17.3280245, 49.5665431], [17.3280075, 49.5665808], [17.3280136, 49.5665946], [17.3277257, 49.5667996], [17.3262285, 49.5687728], [17.3240214, 49.5716501], [17.3210935, 49.5755194], [17.3252742, 49.5762898], [17.3260338, 49.5766335], [17.3284247, 49.5772518], [17.3317045, 49.5779623], [17.3330809, 49.5782993], [17.3312839, 49.5817697], [17.3309569, 49.5822921], [17.3303953, 49.5832889], [17.3295326, 49.5849649], [17.3285459, 49.5867337], [17.3278082, 49.5882626], [17.3276672, 49.5885217], [17.3274923, 49.5885284], [17.32613, 49.5885899], [17.3250098, 49.5886443], [17.3240278, 49.5886919], [17.3231982, 49.5887289], [17.3205859, 49.5888601], [17.3205064, 49.5888641], [17.3196344, 49.5889056], [17.3187265, 49.5889464], [17.3182082, 49.5889697], [17.3174852, 49.5890061], [17.3167708, 49.5890357], [17.3159535, 49.5890739], [17.3156608, 49.5890895], [17.3153185, 49.5891026], [17.3146786, 49.5891344], [17.3145804, 49.5891325], [17.3138705, 49.589173], [17.3135682, 49.5891858], [17.3132632, 49.5891855], [17.312931, 49.5891963], [17.312856, 49.5892026], [17.3127853, 49.5892085], [17.3124317, 49.5892286], [17.3119737, 49.5892546], [17.3113033, 49.5892845], [17.310072, 49.5893479], [17.3091207, 49.5893939], [17.3086866, 49.5894118], [17.3081749, 49.5894382], [17.3079845, 49.5894412], [17.3079808, 49.5897485], [17.3077868, 49.5901262], [17.307641, 49.5914611], [17.307634, 49.5914977], [17.3071898, 49.591578], [17.3063435, 49.5917031], [17.3058729, 49.5917677], [17.3058771, 49.5918132], [17.3055581, 49.5917726], [17.3048014, 49.5918078], [17.3044601, 49.5918405], [17.3034357, 49.5917449], [17.3034663, 49.5918404], [17.3035225, 49.5920512], [17.3031351, 49.5921085], [17.303004, 49.5921209], [17.3029469, 49.591621], [17.3003426, 49.5917444], [17.3004706, 49.5928755], [17.3005047, 49.5931774], [17.3005265, 49.5931736], [17.300587, 49.5937032], [17.3006162, 49.5939592], [17.3006253, 49.5940546], [17.3003448, 49.5941257], [17.3003344, 49.5940335], [17.3003283, 49.5939474], [17.2993221, 49.5940003], [17.2990825, 49.5940109], [17.2990765, 49.5939607], [17.2989858, 49.5939647], [17.2989914, 49.5940149], [17.2985486, 49.5940306], [17.2985379, 49.5939328], [17.2968584, 49.5940113], [17.2968818, 49.5940732], [17.2969456, 49.5942575], [17.2970899, 49.5946748], [17.297476, 49.5957585], [17.2974788, 49.5957662], [17.2978075, 49.5957799], [17.297995, 49.5958405], [17.2982028, 49.5959408], [17.2984675, 49.5959828], [17.2984988, 49.5962688], [17.2988131, 49.5961125], [17.2991287, 49.5962599], [17.2995071, 49.5964319], [17.2995769, 49.5964665], [17.2998021, 49.5965716], [17.2998886, 49.5966101], [17.299932, 49.5966311], [17.3002968, 49.5968281], [17.3004222, 49.5968903], [17.3005177, 49.5986159], [17.3005294, 49.5986473], [17.3006917, 49.5990836], [17.3015769, 49.5992276], [17.3026456, 49.5990853], [17.303761, 49.5988133], [17.3051656, 49.5984624], [17.3039576, 49.5990457], [17.3036802, 49.5993091], [17.3038989, 49.6019907], [17.3080481, 49.6021418], [17.3085416, 49.6021784], [17.3087507, 49.602238], [17.3096517, 49.6024259], [17.3097751, 49.602446], [17.3099315, 49.6025103], [17.3103898, 49.6026183], [17.3107045, 49.6026886], [17.3108866, 49.6027432], [17.3118261, 49.6029282], [17.3121625, 49.6029746], [17.3132313, 49.6032639], [17.3192281, 49.6037281], [17.3249866, 49.6042601], [17.324794, 49.6036916], [17.3249594, 49.6036395], [17.3250671, 49.6037168], [17.3263876, 49.6037318], [17.3272133, 49.6037575], [17.3272728, 49.6037572], [17.328396, 49.6037885], [17.3290457, 49.6038038], [17.329739, 49.6038576], [17.33083, 49.6040217], [17.3311491, 49.6040806], [17.3333345, 49.6044648], [17.3333621, 49.6045938], [17.3333257, 49.6047931], [17.3332593, 49.605326], [17.333232, 49.6055107], [17.3330332, 49.606144], [17.3327731, 49.6068896], [17.3331526, 49.606984], [17.3336133, 49.6071579], [17.3338706, 49.6071634], [17.3341461, 49.6072136], [17.3349257, 49.6074821], [17.3353855, 49.6078095], [17.3356108, 49.6079372], [17.3359459, 49.6081398], [17.336451, 49.6083738], [17.3367776, 49.6087585], [17.337077, 49.6089279], [17.3383803, 49.6095903], [17.3385785, 49.6097445], [17.3385625, 49.6098585], [17.3404619, 49.6107323], [17.3411832, 49.6109293], [17.342335, 49.6114908], [17.343043, 49.6121936], [17.3432802, 49.612538], [17.3438135, 49.6127407], [17.3444956, 49.6128834], [17.345098, 49.6129373], [17.346103, 49.6129657], [17.3463802, 49.612955], [17.3487662, 49.6127713], [17.3495782, 49.612662], [17.3559615, 49.6121923], [17.3575791, 49.6120818], [17.3578696, 49.6121526], [17.3580469, 49.6122263], [17.3583798, 49.6123594], [17.3586819, 49.612495], [17.3589694, 49.6126325], [17.3590179, 49.6126557], [17.3591729, 49.6126179], [17.359173, 49.6125744], [17.3591932, 49.6125657], [17.3593539, 49.6125398], [17.3593585, 49.6125234], [17.3593138, 49.6124815], [17.35931, 49.612471], [17.359367, 49.6123215], [17.3593908, 49.6123067], [17.3594952, 49.6122923], [17.3595266, 49.61228], [17.359614, 49.612232], [17.3597233, 49.6121477], [17.3597484, 49.6121172], [17.3597878, 49.6119665], [17.3597861, 49.6118367], [17.3597991, 49.6118217], [17.3598532, 49.6118075], [17.3598709, 49.6117973], [17.3599126, 49.611735], [17.3599087, 49.6116362], [17.3597949, 49.6113447], [17.3598062, 49.6112909], [17.359739, 49.611246], [17.35972, 49.611177], [17.3597194, 49.6111666], [17.3597394, 49.6111596], [17.3598365, 49.6111738], [17.3598654, 49.6111699], [17.3598582, 49.6111537], [17.3598139, 49.6111062], [17.3598169, 49.6110929], [17.3598594, 49.6110399], [17.3598594, 49.6110285], [17.3598455, 49.6110177], [17.3597496, 49.6110367], [17.3596634, 49.6110082], [17.3595772, 49.6109523], [17.3595542, 49.6109552], [17.3594885, 49.6109974], [17.3594672, 49.6110026], [17.3594011, 49.6109683], [17.3594028, 49.6109484], [17.3594973, 49.6107757], [17.359521, 49.6107617], [17.3595919, 49.6107876], [17.3596179, 49.610781], [17.3596174, 49.6107384], [17.3595256, 49.6106362], [17.3595122, 49.6106273], [17.3594225, 49.6105952], [17.3594071, 49.6105856], [17.3591934, 49.6103816], [17.3591538, 49.6103009], [17.3591514, 49.6101345], [17.359134, 49.6101276], [17.359026, 49.6101235], [17.3590156, 49.6101112], [17.3589822, 49.6099938], [17.3590362, 49.6099387], [17.3591193, 49.6099113], [17.3592207, 49.609831], [17.3592043, 49.6098193], [17.3591406, 49.6097897], [17.3591236, 49.6097411], [17.3590453, 49.6097084], [17.3590206, 49.6097067], [17.3589585, 49.6097305], [17.3589343, 49.6097296], [17.3588315, 49.6096156], [17.3588341, 49.6096023], [17.3588559, 49.6095959], [17.3589476, 49.6096187], [17.3589709, 49.6096153], [17.3589711, 49.6095999], [17.3589245, 49.6095282], [17.3588175, 49.6094325], [17.3588039, 49.6093324], [17.3588813, 49.6092746], [17.3588904, 49.6092603], [17.3588755, 49.6092506], [17.3588445, 49.6092454], [17.3588305, 49.609235], [17.358852, 49.6091283], [17.3588338, 49.609033], [17.3588224, 49.6090213], [17.3587096, 49.6089987], [17.3586918, 49.6089932], [17.3586765, 49.6089792], [17.3587681, 49.608876], [17.3588371, 49.6087249], [17.3589723, 49.6086792], [17.3590569, 49.6085775], [17.3590585, 49.6085081], [17.3590768, 49.6084992], [17.35917, 49.6085162], [17.3591906, 49.6085127], [17.3591946, 49.6085018], [17.3591834, 49.6084765], [17.3591852, 49.6084663], [17.3592041, 49.6084606], [17.3592801, 49.6084964], [17.3592963, 49.6084995], [17.35931, 49.6084899], [17.3593381, 49.6084417], [17.3594605, 49.6083889], [17.3595137, 49.6083966], [17.3595337, 49.6083847], [17.3595156, 49.6083563], [17.3595239, 49.6083467], [17.359618, 49.6083007], [17.3596294, 49.6082166], [17.3597427, 49.6081345], [17.3597501, 49.6081235], [17.3597386, 49.6081132], [17.3596355, 49.6080922], [17.3596267, 49.6080815], [17.3596404, 49.6080702], [17.3597243, 49.6080461], [17.3597381, 49.6080353], [17.3597275, 49.6080234], [17.3596186, 49.6080177], [17.3596011, 49.6080117], [17.3596014, 49.6079995], [17.3597651, 49.6079231], [17.3597776, 49.6079107], [17.3597353, 49.607855], [17.3597393, 49.6078433], [17.3597576, 49.6078392], [17.3598071, 49.6078636], [17.3598263, 49.6078607], [17.3598793, 49.6077909], [17.3598483, 49.6076763], [17.3599165, 49.607536], [17.3599293, 49.6075259], [17.3600617, 49.6075045], [17.3601174, 49.6074265], [17.360225, 49.6074173], [17.360241, 49.6074077], [17.3602368, 49.6073572], [17.360246, 49.607347], [17.3602927, 49.607315], [17.3602648, 49.607166], [17.3602549, 49.6071526], [17.3601091, 49.6070531], [17.360114, 49.6070398], [17.3602297, 49.6069234], [17.3602457, 49.6069173], [17.3603329, 49.6069279], [17.3603544, 49.6069245], [17.3603549, 49.6069101], [17.3602715, 49.6067556], [17.3602108, 49.6066675], [17.3601744, 49.6065511], [17.3602058, 49.6064829], [17.3602273, 49.6063925], [17.3602749, 49.6063752], [17.360281, 49.6063641], [17.3602603, 49.6063283], [17.3602464, 49.6063198], [17.3601799, 49.6063265], [17.3601652, 49.6063158], [17.3601704, 49.6062718], [17.3602229, 49.6062427], [17.3602284, 49.6062329], [17.3602178, 49.6062219], [17.360166, 49.6062072], [17.3601525, 49.6061987], [17.3601574, 49.6061877], [17.3602348, 49.6061482], [17.3602434, 49.6061356], [17.3602328, 49.6061258], [17.3601693, 49.6061042], [17.3601549, 49.6061075], [17.3601109, 49.6061541], [17.3600352, 49.6061657], [17.3600207, 49.6061559], [17.3600103, 49.6060966], [17.3599871, 49.6060538], [17.3599727, 49.6060483], [17.3598937, 49.6060684], [17.3598418, 49.6060686], [17.3598274, 49.6060635], [17.3597705, 49.6059985], [17.3597674, 49.605987], [17.3598071, 49.6058979], [17.3597997, 49.6058896], [17.3597456, 49.6058663], [17.359738, 49.6058569], [17.3597226, 49.6057806], [17.359678, 49.6057523], [17.3595975, 49.6056533], [17.3595894, 49.6056407], [17.3596968, 49.6055742], [17.3597714, 49.6055799], [17.3597841, 49.6055863], [17.3597829, 49.605598], [17.3597548, 49.6056155], [17.3597494, 49.6056272], [17.3597677, 49.605636], [17.3598632, 49.6056552], [17.3599115, 49.6056467], [17.3599316, 49.6056505], [17.3599687, 49.6057034], [17.3599868, 49.6057095], [17.3600494, 49.605699], [17.3600622, 49.6056882], [17.3601152, 49.605607], [17.3600927, 49.6055561], [17.3601085, 49.6055461], [17.3602216, 49.6055089], [17.3602131, 49.6054592], [17.3601816, 49.6053291], [17.3600689, 49.6052754], [17.3600882, 49.6051522], [17.3599253, 49.6049681], [17.3599315, 49.6049192], [17.3598899, 49.604862], [17.3599041, 49.604823], [17.3598811, 49.6047783], [17.3598674, 49.6047733], [17.3597219, 49.6047493], [17.3597134, 49.6047367], [17.359821, 49.6046535], [17.3598183, 49.604625], [17.3598369, 49.6046147], [17.3598785, 49.6045994], [17.3598823, 49.6045835], [17.3598662, 49.6045745], [17.3597693, 49.6045473], [17.3597659, 49.6045395], [17.3597759, 49.6045258], [17.3598695, 49.6045084], [17.3598853, 49.6044994], [17.3598789, 49.6044876], [17.359787, 49.6044582], [17.3597143, 49.6044588], [17.359669, 49.6044429], [17.3596591, 49.6044318], [17.3596635, 49.6043799], [17.3596053, 49.6043576], [17.3595492, 49.6043789], [17.3594252, 49.6043447], [17.3594427, 49.6043072], [17.3594102, 49.6042893], [17.3594122, 49.6042789], [17.3594433, 49.6042334], [17.3594321, 49.6041729], [17.3594869, 49.6041308], [17.359481, 49.6040644], [17.3595482, 49.6039968], [17.3596356, 49.6039772], [17.3598314, 49.603998], [17.3599714, 49.6039684], [17.360113, 49.6040636], [17.3601289, 49.6040604], [17.3601971, 49.6040086], [17.3601787, 49.6039729], [17.3602541, 49.603894], [17.3602784, 49.6038203], [17.3601725, 49.603681], [17.3600786, 49.6035866], [17.3600999, 49.6035758], [17.3602806, 49.6035542], [17.3603277, 49.6035797], [17.3603731, 49.603557], [17.3603618, 49.6034438], [17.3602832, 49.6034508], [17.3602703, 49.6034385], [17.3602632, 49.6034248], [17.3602628, 49.6034108], [17.3603178, 49.6033928], [17.3603305, 49.6033176], [17.3602382, 49.6033091], [17.3602366, 49.6032935], [17.3603055, 49.6032476], [17.3602993, 49.6031683], [17.3602112, 49.6031486], [17.3602611, 49.6029512], [17.3602291, 49.6028925], [17.3602932, 49.6027958], [17.3621276, 49.6029739], [17.3623339, 49.6030405], [17.3623508, 49.6031189], [17.3623457, 49.6031702], [17.363219, 49.6032569], [17.3641336, 49.6033186], [17.3649952, 49.6032865], [17.3660168, 49.6031894], [17.3676764, 49.6031916], [17.3678606, 49.6031157], [17.3678977, 49.6027937], [17.3679524, 49.6026456], [17.367966, 49.6026006], [17.3680373, 49.6023988], [17.3680374, 49.6022813], [17.3681157, 49.6021895], [17.3681564, 49.6021087], [17.3681401, 49.6020248], [17.3681504, 49.6019509], [17.3681413, 49.6018771], [17.3681702, 49.6013282], [17.3691321, 49.6011901], [17.3698598, 49.6011295], [17.3699261, 49.6014671], [17.3727031, 49.6023953], [17.3729806, 49.6025344], [17.3731844, 49.6025935], [17.374568, 49.6031225], [17.3752916, 49.6034043], [17.3763772, 49.6039426], [17.3765674, 49.604042], [17.3767128, 49.6042398], [17.3769033, 49.6043555], [17.3770508, 49.604323], [17.3771912, 49.6043796], [17.3775952, 49.6047472], [17.3776514, 49.6047478], [17.3777534, 49.6047599], [17.3778874, 49.604833], [17.3786767, 49.6052277], [17.3787644, 49.6053162], [17.3793189, 49.6053997], [17.3798421, 49.6055268], [17.3799337, 49.6055889], [17.3799746, 49.6056096], [17.3803268, 49.605739], [17.3806624, 49.6058318], [17.3807111, 49.6058355], [17.3814455, 49.6059556], [17.3816703, 49.6059713], [17.3818982, 49.6059977], [17.3819749, 49.6060011], [17.3824463, 49.6060218], [17.3828752, 49.6060407], [17.3831892, 49.6060545], [17.3832323, 49.6060564], [17.383338, 49.6062143], [17.3835223, 49.6062176], [17.3837466, 49.6060793], [17.3840353, 49.6062218], [17.384199, 49.6065364], [17.3842185, 49.6066054], [17.384231, 49.606858], [17.3844258, 49.6071473], [17.3845414, 49.6073452], [17.3846986, 49.6076717], [17.3846459, 49.6076828], [17.3846672, 49.6077275], [17.3847209, 49.6077156], [17.3847412, 49.6077568], [17.3847031, 49.6077705], [17.3847237, 49.6077944], [17.384711, 49.607799], [17.3847606, 49.6078569], [17.3847857, 49.6078479], [17.3848185, 49.6078888], [17.384807, 49.6078937], [17.3848705, 49.6079588], [17.3848739, 49.6079575], [17.3849172, 49.6080114], [17.384893, 49.6080212], [17.384934, 49.6080635], [17.384953, 49.6080558], [17.3849996, 49.6081137], [17.3849869, 49.6081187], [17.3850124, 49.6081487], [17.3850001, 49.6081538], [17.385052, 49.608207], [17.385069, 49.6082], [17.3850975, 49.6082346], [17.3850804, 49.6082417], [17.3850826, 49.6082439], [17.3850741, 49.6082474], [17.3850989, 49.6082726], [17.3851128, 49.608267], [17.3851153, 49.6082694], [17.3851234, 49.608266], [17.3852804, 49.6084561], [17.3852655, 49.6084623], [17.3852864, 49.6084854], [17.3852999, 49.6084798], [17.3854222, 49.608628], [17.3856168, 49.6087147], [17.3856435, 49.6087365], [17.3856392, 49.6087386], [17.3856616, 49.608757], [17.3856831, 49.6087462], [17.3856855, 49.6087483], [17.3856885, 49.6087466], [17.3857179, 49.6087597], [17.3856739, 49.6087856], [17.3857283, 49.6088261], [17.3857605, 49.608807], [17.3857649, 49.6088102], [17.3857691, 49.6088077], [17.3857995, 49.6088293], [17.3858212, 49.6088166], [17.3858558, 49.6088436], [17.3858182, 49.6088662], [17.385834, 49.6088771], [17.3858251, 49.6088826], [17.3858777, 49.6089215], [17.3859213, 49.608895], [17.385976, 49.6089377], [17.3859512, 49.6089559], [17.3860256, 49.6089992], [17.386023, 49.6090011], [17.3860285, 49.6090042], [17.3860452, 49.6089918], [17.3860945, 49.6090322], [17.3860814, 49.6090424], [17.3861152, 49.6090615], [17.3861321, 49.6090489], [17.3861953, 49.6090826], [17.3862333, 49.6091076], [17.3862095, 49.6091342], [17.3863129, 49.6091744], [17.3863524, 49.6091311], [17.3864649, 49.6091808], [17.3868851, 49.6093135], [17.3869462, 49.6093649], [17.3872701, 49.6094904], [17.3877862, 49.6096525], [17.3880344, 49.609713], [17.3883554, 49.6098202], [17.38888, 49.6100665], [17.3891288, 49.6101931], [17.3894988, 49.6106276], [17.3896812, 49.6109208], [17.3899165, 49.6111472], [17.3900721, 49.6112739], [17.3904325, 49.6115004], [17.3909375, 49.611873], [17.3913329, 49.612179], [17.3913802, 49.6125415], [17.3909995, 49.6127122], [17.3909098, 49.6128092], [17.3907052, 49.6128859], [17.3905311, 49.6130631], [17.3904834, 49.6133473], [17.3904777, 49.6134149], [17.3903864, 49.6135618], [17.3904001, 49.613628], [17.3904572, 49.6137355], [17.3904391, 49.6138132], [17.3903605, 49.6138737], [17.3903483, 49.6140454], [17.3902869, 49.6141188], [17.3903252, 49.6142877], [17.3901092, 49.6143678], [17.390033, 49.614523], [17.3899183, 49.6145882], [17.3896892, 49.6147864], [17.3895287, 49.6148555], [17.3893008, 49.6149497], [17.3891816, 49.6149317], [17.389128, 49.6149307], [17.3889047, 49.6151055], [17.388677, 49.6151288], [17.3883782, 49.6152319], [17.3882474, 49.6152478], [17.3881196, 49.6152201], [17.3879815, 49.6152189], [17.3878079, 49.6152692], [17.3876664, 49.6152726], [17.3874092, 49.6153316], [17.3874181, 49.6153373], [17.3871172, 49.6155039], [17.3869686, 49.6155231], [17.3868022, 49.6156132], [17.3866102, 49.6156444], [17.3865306, 49.6156489], [17.3864342, 49.6157314], [17.3863485, 49.6157504], [17.3861911, 49.6158316], [17.3860572, 49.6158151], [17.3859002, 49.6158945], [17.3858462, 49.6160345], [17.3858033, 49.6160568], [17.3856628, 49.6160275], [17.3855843, 49.6160744], [17.3855651, 49.6161517], [17.3854842, 49.6161805], [17.3852899, 49.6166479], [17.385275, 49.6168263], [17.3852208, 49.6168515], [17.385163, 49.6169508], [17.3851405, 49.6170625], [17.3851582, 49.6171139], [17.3851832, 49.6171453], [17.3852096, 49.6172271], [17.3851979, 49.6173151], [17.3851385, 49.617369], [17.3850152, 49.6174034], [17.3847656, 49.6175967], [17.3846527, 49.6176386], [17.3845109, 49.6177312], [17.3843437, 49.6179038], [17.3843538, 49.6179847], [17.3841991, 49.6180883], [17.3841728, 49.6181263], [17.3840914, 49.6181974], [17.3840661, 49.6183247], [17.3839623, 49.6184232], [17.3838792, 49.618548], [17.383736, 49.6186634], [17.3837906, 49.618736], [17.3837729, 49.6188157], [17.3835777, 49.6190653], [17.3833901, 49.6193286], [17.3832535, 49.619375], [17.3831839, 49.6195094], [17.3830686, 49.6195864], [17.3829947, 49.6197375], [17.3829763, 49.6199482], [17.3828207, 49.6200815], [17.3828242, 49.6201372], [17.3829037, 49.6202577], [17.3828799, 49.6203561], [17.3828084, 49.6204347], [17.3827357, 49.6205989], [17.3824418, 49.6208311], [17.3823383, 49.620961], [17.3823363, 49.6210676], [17.3822185, 49.6211289], [17.3819759, 49.6212148], [17.3816917, 49.6212607], [17.3816105, 49.6212796], [17.3815788, 49.6214354], [17.381552, 49.6215111], [17.3814838, 49.6215586], [17.3812722, 49.6216433], [17.3810534, 49.6216822], [17.3810184, 49.6217399], [17.3808, 49.6217952], [17.3806802, 49.6218525], [17.380484, 49.6218474], [17.3803876, 49.621886], [17.3803055, 49.6219449], [17.3805628, 49.6219691], [17.3807498, 49.6219899], [17.3817147, 49.6221393], [17.382156, 49.6222036], [17.3828319, 49.6222447], [17.3832061, 49.622259], [17.3832978, 49.6222181], [17.3835865, 49.6221215], [17.3836252, 49.622112], [17.3837469, 49.6220965], [17.3840328, 49.6220551], [17.3843496, 49.6220226], [17.3846094, 49.6220592], [17.385479, 49.6223494], [17.3857735, 49.6224782], [17.3860225, 49.6226453], [17.3861947, 49.6227692], [17.3864637, 49.6229048], [17.3866375, 49.6229728], [17.3871179, 49.6226414], [17.3874924, 49.6226526], [17.3881317, 49.6226411], [17.3885883, 49.6227405], [17.3890653, 49.6228832], [17.3894525, 49.6230623], [17.389613, 49.6230671], [17.3898476, 49.623162], [17.3900554, 49.6230168], [17.3901365, 49.622902], [17.3902782, 49.6227937], [17.3904681, 49.6227007], [17.3904754, 49.6225941], [17.3905883, 49.6225069], [17.3906029, 49.6224127], [17.3907119, 49.6223438], [17.3909205, 49.6222911], [17.3909991, 49.6221751], [17.3910752, 49.6221154], [17.3910676, 49.6219984], [17.3911513, 49.6219488], [17.3912839, 49.6218615], [17.3911965, 49.6217392], [17.3911575, 49.6216613], [17.3913196, 49.6214983], [17.3914021, 49.6214069], [17.3914016, 49.621322], [17.3914755, 49.6212002], [17.3915788, 49.6211235], [17.3915734, 49.6210243], [17.3916212, 49.6209417], [17.3915782, 49.6206767], [17.391626, 49.6205608], [17.3916691, 49.6204843], [17.3917285, 49.6204273], [17.3919533, 49.6203304], [17.3919493, 49.6202027], [17.3920252, 49.6201032], [17.3920376, 49.6200452], [17.3920054, 49.6199654], [17.3920341, 49.6198975], [17.3921292, 49.6197616], [17.3921468, 49.6196512], [17.3922211, 49.6196116], [17.3922278, 49.6195653], [17.3923542, 49.61955], [17.3924875, 49.6195057], [17.3929645, 49.6191604], [17.3932994, 49.6190074], [17.3933673, 49.6189708], [17.3933791, 49.6189416], [17.3934132, 49.6189495], [17.393583, 49.6189034], [17.3935228, 49.6190077], [17.3934636, 49.6192296], [17.3934623, 49.6192524], [17.3934673, 49.6192746], [17.3934818, 49.6192951], [17.3935027, 49.6193134], [17.3935549, 49.619344], [17.3935835, 49.6193572], [17.393842, 49.6194221], [17.3938827, 49.6194779], [17.3938062, 49.6195961], [17.3941429, 49.6197913], [17.3941887, 49.6198178], [17.394467, 49.61993], [17.3945517, 49.6199642], [17.3948168, 49.6202262], [17.3949543, 49.6203111], [17.395097, 49.6203747], [17.3951837, 49.6204039], [17.3955118, 49.6211346], [17.3957343, 49.6214199], [17.396068, 49.6217238], [17.395861, 49.6219385], [17.3957567, 49.6223041], [17.3957551, 49.6224755], [17.3958695, 49.6228359], [17.3959111, 49.6231939], [17.3958576, 49.62368], [17.3959999, 49.6241296], [17.3959783, 49.6245484], [17.3959656, 49.6248711], [17.3959199, 49.6250897], [17.3958893, 49.6253711], [17.3957171, 49.625723], [17.3955979, 49.6258949], [17.3954779, 49.62617], [17.3954153, 49.6263401], [17.3953723, 49.6265681], [17.3954949, 49.6268444], [17.3956627, 49.6272355], [17.395736, 49.6273777], [17.3957114, 49.627747], [17.3956533, 49.6279064], [17.3955666, 49.6280331], [17.3953596, 49.6282307], [17.3953465, 49.6282508], [17.3952328, 49.628425], [17.3949637, 49.6286926], [17.3948439, 49.6288117], [17.3946482, 49.6288803], [17.3945971, 49.6288982], [17.3940505, 49.6289048], [17.3932767, 49.62889], [17.3927652, 49.6288082], [17.3923027, 49.6287799], [17.3918192, 49.6287719], [17.3917075, 49.6287867], [17.390783, 49.6288921], [17.3907221, 49.6288166], [17.3907134, 49.6286891], [17.3908322, 49.6283742], [17.3905125, 49.6282603], [17.3899705, 49.6281645], [17.3896292, 49.6281366], [17.3890889, 49.6276958], [17.3888841, 49.6278781], [17.3886259, 49.6279501], [17.3884669, 49.6279736], [17.388354, 49.6279858], [17.388086, 49.6280187], [17.3881136, 49.6281654], [17.3881353, 49.6283024], [17.3881258, 49.6284772], [17.3881575, 49.6285494], [17.3880979, 49.6286422], [17.3881742, 49.6288675], [17.388229, 49.6291218], [17.3881561, 49.6292045], [17.3881389, 49.6292948], [17.3882278, 49.6293741], [17.3882166, 49.6294742], [17.3882076, 49.6296319], [17.3882424, 49.6297642], [17.3882002, 49.629959], [17.3880435, 49.6299452], [17.3872534, 49.6300883], [17.3871618, 49.630108], [17.3868727, 49.6301966], [17.3866221, 49.6302826], [17.3862228, 49.630456], [17.3859324, 49.630618], [17.3857834, 49.6307335], [17.3855352, 49.6309583], [17.3854654, 49.6313577], [17.3854074, 49.6315214], [17.3853563, 49.631626], [17.3852995, 49.6317122], [17.3850958, 49.631882], [17.385174, 49.6319823], [17.385678, 49.6318851], [17.3857808, 49.6318741], [17.3860025, 49.6318678], [17.3862082, 49.6319137], [17.3863241, 49.63198], [17.3865021, 49.6321739], [17.3867416, 49.6325642], [17.3868835, 49.6326527], [17.3868355, 49.6327857], [17.3867136, 49.6328849], [17.3866688, 49.6329564], [17.3864952, 49.6330608], [17.386397, 49.6331683], [17.3862981, 49.6334091], [17.3862258, 49.6334991], [17.3860837, 49.6337006], [17.3860883, 49.6337832], [17.3860067, 49.6338465], [17.3858739, 49.6339369], [17.3856964, 49.6339342], [17.3853994, 49.6338992], [17.3853075, 49.6338749], [17.3852043, 49.633828], [17.3845971, 49.6339508], [17.3844728, 49.6342362], [17.384476, 49.6344276], [17.3844988, 49.6346051], [17.3845769, 49.6351029], [17.3845767, 49.6352123], [17.3844463, 49.6352884], [17.3840335, 49.6357454], [17.3838772, 49.6359612], [17.3834856, 49.6364081], [17.3832836, 49.6365667], [17.3829707, 49.6368202], [17.3833069, 49.6368291], [17.3833206, 49.6368533], [17.3829268, 49.6372801], [17.3830192, 49.6373134], [17.3832568, 49.6372806], [17.3835729, 49.6373095], [17.3841744, 49.6373764], [17.3849075, 49.6371899], [17.3851367, 49.6370949], [17.3853812, 49.6370315], [17.3854485, 49.6368423], [17.3854649, 49.6367349], [17.3856237, 49.6368307], [17.3857148, 49.6368127], [17.3859267, 49.6369109], [17.3862815, 49.637103], [17.3865144, 49.637235], [17.3865038, 49.6372376], [17.3868315, 49.6375217], [17.387089, 49.6377619], [17.3871502, 49.637827], [17.3872488, 49.6378651], [17.3875784, 49.6380687], [17.3877805, 49.6382551], [17.3879625, 49.6381632], [17.3880473, 49.6381451], [17.3881383, 49.6381623], [17.3885673, 49.6383889], [17.3887108, 49.6384412], [17.3890624, 49.6385323], [17.38961, 49.6387169], [17.3902238, 49.638936], [17.3905499, 49.6390067], [17.3908518, 49.6391038], [17.3910517, 49.6391639], [17.3910171, 49.639342], [17.3910073, 49.6395749], [17.390962, 49.639892], [17.390862, 49.6401675], [17.3907737, 49.6404604], [17.3906024, 49.6408498], [17.3903802, 49.6411454], [17.3902069, 49.6412141], [17.3899745, 49.6412464], [17.3899209, 49.641291], [17.3899331, 49.641441], [17.3899656, 49.6415275], [17.3901106, 49.6416827], [17.3903833, 49.6417297], [17.3908822, 49.6417905], [17.3911503, 49.6417943], [17.3920443, 49.641691], [17.3922393, 49.6416856], [17.3923469, 49.6417336], [17.392383, 49.6418147], [17.3924929, 49.641855], [17.3925606, 49.6419426], [17.3927541, 49.6420353], [17.3927658, 49.642108], [17.3928254, 49.6421562], [17.3929295, 49.6422924], [17.3930243, 49.642342], [17.393122, 49.6424882], [17.3932534, 49.6425459], [17.3933952, 49.6426968], [17.3934731, 49.6429065], [17.3934394, 49.6429679], [17.3936927, 49.6430579], [17.3937157, 49.6431606], [17.3937722, 49.6431855], [17.3939176, 49.6431879], [17.3940529, 49.6431281], [17.394257, 49.6431345], [17.3943366, 49.6430625], [17.3944433, 49.6430642], [17.3945099, 49.6431887], [17.3946887, 49.6432136], [17.3947472, 49.6432817], [17.3948015, 49.6433993], [17.3948868, 49.6434325], [17.3948977, 49.6435054], [17.3950688, 49.6436472], [17.3951245, 49.6437477], [17.3951594, 49.6440108], [17.3950772, 49.6442282], [17.3948192, 49.6445952], [17.3947217, 49.6446719], [17.3943804, 49.6447449], [17.394295, 49.644756], [17.3942211, 49.6448032], [17.3941903, 49.6448858], [17.3942044, 49.6449607], [17.3942044, 49.6449828], [17.3940195, 49.6450455], [17.3937636, 49.6450886], [17.3936575, 49.6451802], [17.3934521, 49.6452406], [17.3933076, 49.645339], [17.393206, 49.6453648], [17.3930318, 49.645385], [17.392889, 49.6454238], [17.392709, 49.6455385], [17.3926631, 49.6456662], [17.3926318, 49.6456818], [17.3923109, 49.6457466], [17.3922476, 49.6457487], [17.3922225, 49.6457397], [17.3921636, 49.645633], [17.3920766, 49.6455719], [17.391979, 49.6455528], [17.3919095, 49.6455547], [17.3918913, 49.6455719], [17.3918547, 49.6456155], [17.3918564, 49.645643], [17.3918419, 49.6456647], [17.3917938, 49.6456751], [17.3915621, 49.6456507], [17.3913793, 49.6456551], [17.3912432, 49.6456852], [17.3911425, 49.6456745], [17.3910198, 49.6457013], [17.390868, 49.6457644], [17.3907676, 49.6456691], [17.3906689, 49.6456645], [17.3905855, 49.6457235], [17.3904581, 49.6457601], [17.3903513, 49.645817], [17.3903403, 49.6458847], [17.3902338, 49.6459229], [17.3900907, 49.6459472], [17.390052, 49.6459039], [17.3899191, 49.6458313], [17.3898272, 49.6458538], [17.3897915, 49.6458478], [17.3897743, 49.6457818], [17.3897716, 49.6457136], [17.3893785, 49.6458367], [17.3892467, 49.6458447], [17.3891624, 49.6457887], [17.3891115, 49.6457577], [17.3889677, 49.6457381], [17.3889073, 49.6456517], [17.3887135, 49.6456338], [17.3886079, 49.6455959], [17.3885582, 49.6455339], [17.3884145, 49.6455454], [17.3882385, 49.6455371], [17.3879987, 49.6455816], [17.387926, 49.6455849], [17.3878258, 49.6455478], [17.3876693, 49.6455145], [17.3871484, 49.6454698], [17.3869977, 49.6455461], [17.3868192, 49.6455125], [17.3866524, 49.6454406], [17.3864183, 49.6453458], [17.3863235, 49.6453247], [17.3861669, 49.6454362], [17.3861085, 49.6453979], [17.3860434, 49.6453225], [17.3860862, 49.6452932], [17.3860174, 49.6452379], [17.3860599, 49.6451693], [17.3859632, 49.6451433], [17.3858441, 49.6451557], [17.3857622, 49.645106], [17.3856282, 49.6450784], [17.3856145, 49.6449739], [17.3854356, 49.6448302], [17.3852171, 49.6448215], [17.3850735, 49.6447928], [17.3850662, 49.644753], [17.3849086, 49.6446861], [17.3848127, 49.6447304], [17.384725, 49.6447398], [17.3846817, 49.6446792], [17.384558, 49.6446384], [17.3844705, 49.6446339], [17.3844487, 49.6446006], [17.3843168, 49.6445877], [17.3840109, 49.6446529], [17.3838429, 49.6447377], [17.3837414, 49.6447151], [17.3834685, 49.6447258], [17.3832898, 49.6448217], [17.3832641, 49.6449003], [17.3833391, 49.6449403], [17.3833342, 49.6450024], [17.3832361, 49.6450316], [17.3829886, 49.6450597], [17.3829426, 49.6451452], [17.3828488, 49.6451818], [17.3827337, 49.6451969], [17.3826769, 49.6451598], [17.3822237, 49.6451747], [17.3819817, 49.6452266], [17.3815989, 49.6453317], [17.3814043, 49.6452926], [17.3812705, 49.6453949], [17.380957, 49.6453595], [17.3807284, 49.6452733], [17.3805035, 49.6453242], [17.3805047, 49.6452119], [17.3803216, 49.6450449], [17.3802276, 49.6450776], [17.3801706, 49.6449059], [17.3799405, 49.6448382], [17.3799172, 49.6448082], [17.379925, 49.64471], [17.3797374, 49.6446431], [17.379619, 49.6447332], [17.3795129, 49.6446998], [17.3792783, 49.6446708], [17.3790091, 49.6447461], [17.378878, 49.644727], [17.3787131, 49.64473], [17.3784661, 49.6447708], [17.3784036, 49.644867], [17.3782708, 49.6448844], [17.3782068, 49.6448189], [17.3780474, 49.6448472], [17.3778965, 49.6448013], [17.3777393, 49.6447919], [17.3776316, 49.6448241], [17.377523, 49.6448566], [17.3773137, 49.6449528], [17.3770567, 49.6451521], [17.3769726, 49.6451825], [17.37689, 49.6452814], [17.3766705, 49.6453371], [17.3766451, 49.6453465], [17.376552, 49.6454412], [17.3764692, 49.6454721], [17.3763043, 49.6455138], [17.3763139, 49.645555], [17.3763347, 49.645581], [17.376132, 49.6457047], [17.3760817, 49.645775], [17.3758238, 49.6459015], [17.3758045, 49.6459715], [17.3754436, 49.6460938], [17.3751789, 49.6461269], [17.3748979, 49.6462203], [17.3747045, 49.646291], [17.3746391, 49.6462919], [17.3744411, 49.6463306], [17.3741619, 49.6463466], [17.3736967, 49.6461479], [17.3730976, 49.6461999], [17.3729862, 49.6462029], [17.3724399, 49.646232], [17.3722474, 49.646264], [17.3721019, 49.6463063], [17.371846, 49.6464121], [17.3714432, 49.6465201], [17.3712632, 49.646544], [17.3710562, 49.6465484], [17.3709427, 49.6465148], [17.3704826, 49.6465298], [17.3703495, 49.6465259], [17.3700339, 49.6464881], [17.3697801, 49.6464487], [17.36923, 49.6463356], [17.3686296, 49.6462254], [17.3681051, 49.6461601], [17.3674303, 49.6461471], [17.3668098, 49.6462175], [17.3665205, 49.6461389], [17.3661517, 49.6460914], [17.3654947, 49.6458393], [17.3653094, 49.6457126], [17.3641355, 49.6452148], [17.3640195, 49.6451513], [17.3636876, 49.6451597], [17.363173, 49.645212], [17.3625165, 49.6452657], [17.3621182, 49.6453803], [17.3618429, 49.6454263], [17.3612205, 49.6454518], [17.3604586, 49.6454353], [17.3600699, 49.6454017], [17.3597699, 49.6453544], [17.3593458, 49.6452141], [17.359103, 49.645151], [17.358533, 49.6449562], [17.3584554, 49.6449355], [17.3584051, 49.6449333], [17.3583604, 49.6449578], [17.3578922, 49.6450776], [17.3565622, 49.6456786], [17.3558258, 49.6459168], [17.3552507, 49.6459272], [17.3541338, 49.6456398], [17.3529704, 49.6454883], [17.3523759, 49.645316], [17.3519558, 49.6452124], [17.3506977, 49.6450766], [17.350009, 49.6451655], [17.3486145, 49.6452065], [17.3485629, 49.6450528], [17.34836, 49.6446108], [17.3482144, 49.6444454], [17.3477275, 49.6440764], [17.3471064, 49.6436263], [17.3462392, 49.6430978], [17.3452768, 49.6425672], [17.3450502, 49.6424284], [17.3447133, 49.6421716], [17.3438232, 49.641481], [17.3435604, 49.6412802], [17.3434601, 49.6412104], [17.3430079, 49.6409641], [17.3419968, 49.64046], [17.3417382, 49.640291], [17.3415317, 49.640167], [17.340925, 49.6395664], [17.3406309, 49.6387525], [17.3405048, 49.6379313], [17.3402118, 49.637441], [17.3393723, 49.6378771], [17.3359905, 49.6374261], [17.3348914, 49.6375185], [17.3330777, 49.6367596], [17.3316326, 49.6361549], [17.3317123, 49.6358214], [17.3318072, 49.6355304], [17.3318524, 49.6353786], [17.3318871, 49.6353833], [17.3319506, 49.6354632], [17.3321286, 49.635653], [17.3321753, 49.6356627], [17.3325469, 49.6356769], [17.3327638, 49.6356301], [17.3329573, 49.635586], [17.333087, 49.6355191], [17.3332206, 49.635456], [17.3330502, 49.6350972], [17.3330263, 49.6350612], [17.3326162, 49.6350645], [17.3326941, 49.634715], [17.3327161, 49.6346361], [17.3327498, 49.6345268], [17.3327612, 49.6344935], [17.3328582, 49.6341751], [17.3332214, 49.634094], [17.3335881, 49.6340177], [17.3336366, 49.6339907], [17.3340441, 49.633823], [17.3339921, 49.6334634], [17.334173, 49.6334203], [17.3343993, 49.6333608], [17.3349893, 49.6332808], [17.3351394, 49.6332798], [17.3353486, 49.6332995], [17.335362, 49.633266], [17.3354582, 49.6329415], [17.3354976, 49.6328538], [17.3355565, 49.6327242], [17.3357443, 49.6323086], [17.3357961, 49.6321925], [17.336187, 49.6322548], [17.3368643, 49.6324717], [17.3373549, 49.6326362], [17.3375253, 49.6323724], [17.3375842, 49.6322905], [17.3377814, 49.6320264], [17.3379755, 49.631766], [17.3381318, 49.6317397], [17.3382156, 49.6317807], [17.3384469, 49.6318751], [17.3385449, 49.6319067], [17.338651, 49.6319303], [17.3388052, 49.6319553], [17.3392731, 49.6319306], [17.3390762, 49.6317212], [17.3390413, 49.6316971], [17.3387202, 49.6315659], [17.3384263, 49.6314531], [17.3380348, 49.6312933], [17.3378836, 49.631163], [17.3370854, 49.630682], [17.3370831, 49.6306717], [17.3364297, 49.6303073], [17.3364194, 49.630307], [17.3359289, 49.6300186], [17.3359182, 49.6299855], [17.3361058, 49.6298919], [17.3361343, 49.6298812], [17.3363134, 49.6297766], [17.336406, 49.6297251], [17.3364175, 49.6297344], [17.3367568, 49.6295298], [17.3370041, 49.629601], [17.3370612, 49.6295317], [17.3366502, 49.6293706], [17.336739, 49.6291938], [17.3365727, 49.628793], [17.3365844, 49.6287777], [17.3366442, 49.6286993], [17.3366559, 49.6286839], [17.3369171, 49.6285669], [17.3371198, 49.6284897], [17.3362552, 49.6281457], [17.3360723, 49.628074], [17.3356602, 49.6279258], [17.3347976, 49.6275703], [17.3346501, 49.6275239], [17.3344608, 49.6274597], [17.3341183, 49.6273169], [17.3339242, 49.6272521], [17.333708, 49.6271542], [17.3335695, 49.6270915], [17.3335432, 49.6270812], [17.3334034, 49.6270263], [17.3332789, 49.6269774], [17.3329416, 49.6268768], [17.3328779, 49.6268578], [17.3327289, 49.6267681], [17.3324567, 49.6266662], [17.3324424, 49.6266609], [17.3323132, 49.6266251], [17.3322754, 49.6266147], [17.3321276, 49.6265526], [17.3316464, 49.6263505], [17.3319014, 49.6257478], [17.332089, 49.6253046], [17.332093, 49.6252951], [17.3321028, 49.6252541], [17.33232, 49.6247321], [17.3327041, 49.6248053], [17.3328893, 49.6248374], [17.3328996, 49.6248438], [17.3335238, 49.6244383], [17.3334325, 49.6244065], [17.3327888, 49.6244187], [17.332504, 49.624364], [17.3325228, 49.6241312], [17.3325421, 49.6239907], [17.3326169, 49.6238286], [17.3328834, 49.623565], [17.3323799, 49.6234502], [17.3321714, 49.6233995], [17.3319372, 49.6236646], [17.3318053, 49.6239067], [17.3317626, 49.6242934], [17.3301375, 49.624225], [17.330069, 49.6242136], [17.3290177, 49.6240083], [17.3278119, 49.6237152], [17.3278015, 49.6237552], [17.3277389, 49.6240894], [17.3275507, 49.6253092], [17.3275298, 49.6254307], [17.3275305, 49.6256554], [17.3268715, 49.6255055], [17.3248623, 49.6249167], [17.3248012, 49.6248971], [17.3233885, 49.6244449], [17.3174008, 49.6225681], [17.3173998, 49.6225603], [17.3164445, 49.6222304], [17.3167649, 49.6219804], [17.3167073, 49.6219574], [17.3160981, 49.622437], [17.3158538, 49.6225379], [17.3158815, 49.6225639], [17.3150817, 49.6234418], [17.3146171, 49.6239574], [17.3117292, 49.6271484], [17.3096617, 49.6294278], [17.3087246, 49.6304681], [17.3087665, 49.6305072], [17.3086607, 49.6306037], [17.3062861, 49.6312628], [17.3034154, 49.6320596], [17.3047737, 49.6338283], [17.3048297, 49.633903], [17.305452, 49.6347214], [17.3055482, 49.6348462], [17.3057111, 49.6350656], [17.3063524, 49.6359311], [17.306038, 49.6358796], [17.3056377, 49.6358502], [17.2981453, 49.6349377], [17.2903451, 49.6339592], [17.2833464, 49.6330769], [17.2831601, 49.6330546], [17.2830371, 49.6330512], [17.2822273, 49.6310216], [17.2801823, 49.6294857], [17.2794069, 49.6289444], [17.2793232, 49.6288656], [17.2759259, 49.6267118], [17.2746106, 49.6261628], [17.2730644, 49.6256985], [17.27096, 49.6250303], [17.270078, 49.624735], [17.2696323, 49.6245835], [17.2692043, 49.6249835], [17.2683015, 49.626005], [17.2681952, 49.6261457], [17.2681976, 49.6261516], [17.2679204, 49.6265425], [17.2679754, 49.627016], [17.2680355, 49.6273329], [17.2681724, 49.6278535], [17.2673034, 49.628865], [17.2664743, 49.6298346], [17.2660109, 49.6303357], [17.2658714, 49.6305006], [17.265782, 49.6305955], [17.2656965, 49.6306829], [17.2656009, 49.6307904], [17.2654573, 49.6312677], [17.265002, 49.6314832], [17.2649827, 49.6315151], [17.264925, 49.6315001], [17.2629951, 49.6309417], [17.2616024, 49.6312982], [17.260779, 49.6315168], [17.2607438, 49.6317576], [17.2606721, 49.6320043], [17.2603807, 49.6326526], [17.2603241, 49.6328265], [17.260269, 49.6330057], [17.2602255, 49.6331082], [17.2601671, 49.6332373], [17.2601167, 49.6333672], [17.2599905, 49.6339711], [17.2586265, 49.6359736], [17.2586192, 49.6359805], [17.2580298, 49.6361073], [17.2578906, 49.6360275], [17.256998, 49.6359169], [17.2565039, 49.6358762], [17.2562246, 49.6358377], [17.255389, 49.6357032], [17.254857, 49.6355317], [17.2537932, 49.6354537], [17.2531408, 49.6354114], [17.2529274, 49.6354199], [17.2523262, 49.6354511], [17.2514662, 49.6354901], [17.2514189, 49.6352389], [17.2513959, 49.6350934], [17.2514054, 49.6349702], [17.2514509, 49.6348334], [17.2515052, 49.6346333], [17.2515367, 49.6345865], [17.2515768, 49.6345809], [17.2516637, 49.6346074], [17.2519385, 49.6346519], [17.2519816, 49.6346457], [17.2520096, 49.6346202], [17.2520213, 49.6345781], [17.2520355, 49.6344429], [17.2520272, 49.6343388], [17.2519843, 49.6342564], [17.2519224, 49.6342242], [17.2518046, 49.6342058], [17.2517133, 49.6341631], [17.251489, 49.6339986], [17.2512471, 49.6338523], [17.2506492, 49.6335478], [17.2501697, 49.6324774], [17.2498616, 49.6321902], [17.2496083, 49.6319428], [17.2493091, 49.6317756], [17.2491509, 49.6317061], [17.2490009, 49.6315926], [17.2488376, 49.6314585], [17.2487494, 49.6312968], [17.2487125, 49.6310816], [17.2487169, 49.6308641], [17.2487139, 49.6307424], [17.2487862, 49.6306544], [17.2489657, 49.6304807], [17.2490961, 49.6303305], [17.2491395, 49.6302726], [17.2491977, 49.6300415], [17.2491732, 49.6298195], [17.2490424, 49.6296652], [17.2489012, 49.6295888], [17.2485924, 49.6298061], [17.2483827, 49.6298825], [17.248081, 49.6298606], [17.2478042, 49.6301044], [17.2474064, 49.6304382], [17.2474545, 49.6308114], [17.2475134, 49.6310471], [17.2474168, 49.6312885], [17.2472964, 49.6314723], [17.247064, 49.6316609], [17.246762, 49.6317747], [17.2465738, 49.632006], [17.2463423, 49.6321305], [17.2459633, 49.6323203], [17.2457265, 49.6328557], [17.2453398, 49.6337584], [17.2451587, 49.6344361], [17.244795, 49.6352915], [17.2444405, 49.6361356], [17.2440805, 49.6370102], [17.2439646, 49.6373272], [17.2437977, 49.6379365], [17.2436956, 49.6383444], [17.2435895, 49.6389655], [17.243588, 49.6390992], [17.2436415, 49.6391717], [17.245541, 49.6398783], [17.2457007, 49.6399348], [17.2456222, 49.6399563], [17.2455228, 49.6400676], [17.2454261, 49.6401283], [17.2439637, 49.6406019], [17.2439437, 49.6405991], [17.2436267, 49.6407094], [17.2436141, 49.6407636], [17.2438286, 49.6410112], [17.244003, 49.6412379], [17.2441509, 49.6414765], [17.2442647, 49.6417295], [17.2443743, 49.6422849], [17.2444855, 49.6430416], [17.2448673, 49.6453505], [17.2449061, 49.6457173], [17.2449003, 49.6460271], [17.2448149, 49.6467345], [17.2447479, 49.6474111], [17.2446884, 49.6479791], [17.2445907, 49.6485186], [17.2442996, 49.6492947], [17.2441016, 49.6499873], [17.2440621, 49.6505242], [17.2440588, 49.651209], [17.2440221, 49.6554406], [17.2440422, 49.6558967], [17.244042, 49.6563635], [17.2440336, 49.6566639], [17.244015, 49.6568664], [17.2439871, 49.6570224], [17.2439672, 49.6571517], [17.2438024, 49.6579885], [17.2436485, 49.6587224], [17.2436151, 49.6592027], [17.2437364, 49.6595189], [17.2438202, 49.6596441], [17.2440381, 49.6599084], [17.2441341, 49.6599587], [17.2440516, 49.6600281], [17.2439954, 49.6600536], [17.2435808, 49.6603286], [17.2424874, 49.6609426], [17.2413746, 49.6615722], [17.2407853, 49.6618982], [17.2405951, 49.6619655], [17.2404197, 49.6618348], [17.2398544, 49.6614034], [17.2396104, 49.6612192], [17.239237, 49.6609313], [17.2390952, 49.6608069], [17.2389587, 49.6607277], [17.2387735, 49.6605884], [17.238688, 49.6605268], [17.2381097, 49.6600849], [17.2379911, 49.6600003], [17.2374048, 49.6595533], [17.2371774, 49.6593845], [17.2368471, 49.6591334], [17.2364203, 49.6588051], [17.2362116, 49.6586508], [17.2355641, 49.6581647], [17.235401, 49.6580446], [17.2349686, 49.6577119], [17.2335488, 49.65664], [17.2332166, 49.656392], [17.2319495, 49.6554315], [17.2311412, 49.6548224], [17.2299382, 49.6539044], [17.2290274, 49.6532165], [17.2289273, 49.6531307], [17.2288833, 49.6530692], [17.2289004, 49.6530053], [17.2289531, 49.6529012], [17.2286438, 49.6530376], [17.2285501, 49.6529949], [17.2284337, 49.6529212], [17.2276135, 49.652399], [17.227091, 49.6520334], [17.2242902, 49.650174], [17.2242142, 49.6501469], [17.2228635, 49.6492517], [17.2226484, 49.6491196], [17.2226198, 49.649102], [17.2221944, 49.6489369], [17.2225005, 49.6486575], [17.2230265, 49.6482255], [17.2232617, 49.6479124], [17.2234416, 49.6478014], [17.2235505, 49.6476156], [17.2236678, 49.6473915], [17.2237765, 49.6470558], [17.2237581, 49.6465818], [17.2237504, 49.6462015], [17.22381, 49.6455362], [17.2238752, 49.6452675], [17.2239978, 49.6450296], [17.223971, 49.6449926], [17.2243561, 49.6444445], [17.2246543, 49.6441768], [17.2247841, 49.6441265], [17.2249716, 49.6439927], [17.2245215, 49.6437842], [17.2241679, 49.6440488], [17.224057, 49.643942], [17.2237714, 49.6436816], [17.2233277, 49.6433075], [17.2231725, 49.6434199], [17.2224198, 49.6429717], [17.2223123, 49.6428382], [17.222585, 49.6427623], [17.2226331, 49.6427131], [17.2227375, 49.6425611], [17.2229994, 49.6421165], [17.2230767, 49.642019], [17.223372, 49.6418689], [17.2234199, 49.641892], [17.2237022, 49.6417569], [17.2238618, 49.6416838], [17.2240256, 49.641582], [17.2241658, 49.6414205], [17.224231, 49.6413719], [17.2244503, 49.6412661], [17.2245915, 49.6411432], [17.2246937, 49.6409202], [17.2248193, 49.6407046], [17.2248383, 49.6406412], [17.224843, 49.6403847], [17.2247135, 49.6403038], [17.2245697, 49.6402481], [17.2247582, 49.6401344], [17.2249341, 49.6399362], [17.2251043, 49.6397024], [17.2256722, 49.6393017], [17.2263316, 49.6393701], [17.2269748, 49.6392868], [17.2271588, 49.6391334], [17.227237, 49.6390602], [17.2274062, 49.6390784], [17.2286185, 49.639247], [17.2290484, 49.6393005], [17.2291873, 49.6392115], [17.2296338, 49.639007], [17.2296472, 49.6390032], [17.2301575, 49.6387724], [17.2302571, 49.6387256], [17.2304534, 49.6386424], [17.2304856, 49.638611], [17.2305588, 49.6384592], [17.2306219, 49.6383284], [17.2313769, 49.6358122], [17.2313156, 49.6356407], [17.2299592, 49.6349442], [17.229091, 49.6346023], [17.229586, 49.6339901], [17.2294701, 49.6339126], [17.2287011, 49.6335031], [17.2286311, 49.633324], [17.228516, 49.6329852], [17.2286047, 49.6327947], [17.2294325, 49.6330204], [17.2297393, 49.6330549], [17.2305101, 49.6330838], [17.2309999, 49.6329901], [17.2315423, 49.6328046], [17.2320235, 49.6324921], [17.2321254, 49.6323765], [17.2324628, 49.6319354], [17.2329047, 49.6313971], [17.2333309, 49.6309561], [17.2335311, 49.6304988], [17.2335307, 49.630279], [17.2334002, 49.6302378], [17.2331599, 49.6302735], [17.2327931, 49.6302416], [17.2327319, 49.6301488], [17.232941, 49.6297602], [17.2332475, 49.6295066], [17.2334403, 49.6293224], [17.2334946, 49.629103], [17.2334229, 49.62901], [17.2330577, 49.6287921], [17.2330591, 49.6286733], [17.2331773, 49.628562], [17.2334938, 49.6285168], [17.233701, 49.6284426], [17.2336228, 49.6283317], [17.2334436, 49.6280154], [17.2334505, 49.6278294], [17.233635, 49.6276949], [17.2338602, 49.6276923], [17.2341409, 49.6278321], [17.2342027, 49.6280727], [17.234284, 49.628218], [17.2344964, 49.6282814], [17.2346283, 49.6281883], [17.2345502, 49.6280615], [17.2343969, 49.6279186], [17.234304, 49.6277653], [17.2341995, 49.6274059], [17.2340788, 49.6273303], [17.233714, 49.6274194], [17.2335097, 49.6274304], [17.2332193, 49.6273799], [17.2327306, 49.627379], [17.232472, 49.627372], [17.2322656, 49.6272948], [17.2320835, 49.627165], [17.2319447, 49.6269964], [17.2319332, 49.6267681], [17.2322773, 49.6264704], [17.2327569, 49.6262064], [17.2328394, 49.6261139], [17.2329223, 49.6258204], [17.2330707, 49.6256573], [17.2333846, 49.6253895], [17.2335147, 49.6250396], [17.2337077, 49.624876], [17.2339655, 49.6247925], [17.2341012, 49.6246578], [17.234045, 49.6245192], [17.2337515, 49.6245238], [17.2335062, 49.6246618], [17.233251, 49.624689], [17.2330856, 49.6246208], [17.2328177, 49.6245256], [17.2325903, 49.6244903], [17.2323276, 49.6245098], [17.2321182, 49.6244918], [17.2319831, 49.6244301], [17.2319588, 49.624331], [17.232071, 49.6241239], [17.2322993, 49.6240617], [17.2323954, 49.6239889], [17.2323813, 49.6239138], [17.2323181, 49.6236784], [17.2323765, 49.6235943], [17.2325346, 49.6234918], [17.2326891, 49.6234684], [17.2328564, 49.6234921], [17.2330822, 49.6235685], [17.2333076, 49.6237248], [17.23342, 49.6237329], [17.2335181, 49.6236188], [17.2338587, 49.6233339], [17.2341427, 49.6233356], [17.2344308, 49.6233659], [17.2345784, 49.6234838], [17.2345813, 49.6235082], [17.2345939, 49.623616], [17.2344505, 49.6237199], [17.2343741, 49.6238408], [17.2344092, 49.6239201], [17.2345664, 49.6239042], [17.2347177, 49.6237905], [17.2347175, 49.6235337], [17.2346681, 49.6233786], [17.234603, 49.623332], [17.2345769, 49.6233083], [17.2343679, 49.6231943], [17.2342483, 49.6230544], [17.2341086, 49.6229218], [17.2338969, 49.6230117], [17.2336493, 49.6230453], [17.2333861, 49.6229276], [17.2334247, 49.622763], [17.2336277, 49.62266], [17.2340555, 49.6225163], [17.2342669, 49.6224423], [17.234488, 49.6224389], [17.2347299, 49.6224791], [17.2348405, 49.6224014], [17.2346794, 49.622257], [17.2345735, 49.6221003], [17.2347595, 49.6218831], [17.2347439, 49.6217697], [17.2346033, 49.6216184], [17.2345186, 49.6213444], [17.2344338, 49.621251], [17.2341093, 49.6212427], [17.2340092, 49.6213651], [17.2339481, 49.6215421], [17.2338436, 49.621598], [17.2336545, 49.6216187], [17.2330576, 49.621418], [17.2327522, 49.6214058], [17.2325456, 49.6213496], [17.2324594, 49.6212538], [17.2320574, 49.6213593], [17.2319092, 49.6214759], [17.2317107, 49.621763], [17.2314005, 49.6217221], [17.2309579, 49.6216729], [17.2291197, 49.6214876], [17.2291084, 49.6215759], [17.2290843, 49.6216709], [17.2290436, 49.6218138], [17.2289978, 49.6218974], [17.2289485, 49.6219465], [17.2288725, 49.6219976], [17.2287903, 49.6220202], [17.228578, 49.6219961], [17.2283723, 49.6219899], [17.2281456, 49.6220859], [17.2275215, 49.6218876], [17.2274792, 49.6218742], [17.2268569, 49.6216188], [17.2273271, 49.6212877], [17.2275957, 49.6211264], [17.2279463, 49.6209642], [17.22797, 49.6209312], [17.2279407, 49.6208132], [17.2277223, 49.620655], [17.227629, 49.6205724], [17.2275953, 49.6204378], [17.2276544, 49.6203153], [17.2277886, 49.6202005], [17.2278578, 49.6199378], [17.2279154, 49.6198669], [17.2279451, 49.6197481], [17.2277874, 49.619574], [17.2278064, 49.6194773], [17.2282113, 49.6193115], [17.2280909, 49.6191539], [17.2281405, 49.619079], [17.2283552, 49.6190439], [17.2287381, 49.6190564], [17.2287782, 49.6189442], [17.2286711, 49.6187869], [17.2284309, 49.6185903], [17.2283663, 49.6185401], [17.2283728, 49.6181797], [17.2282463, 49.6182564], [17.2278683, 49.6180165], [17.2272845, 49.6176592], [17.2270515, 49.6178009], [17.2267708, 49.6179707], [17.2266752, 49.6180197], [17.2264445, 49.6181436], [17.2260474, 49.6183736], [17.2251839, 49.6187831], [17.2249136, 49.6189149], [17.2245796, 49.6190633], [17.2237581, 49.6193878], [17.2233404, 49.6189887], [17.223189, 49.6188553], [17.2230394, 49.6187205], [17.2228897, 49.6186067], [17.2226837, 49.6184602], [17.2226243, 49.6184132], [17.2230817, 49.617634], [17.2233862, 49.6171153], [17.2235712, 49.6167913], [17.2234911, 49.6167772], [17.2226946, 49.6164772], [17.2225041, 49.6164118], [17.2222515, 49.6163423], [17.2219115, 49.6162805], [17.2215963, 49.6162401], [17.2211075, 49.6161874], [17.2208247, 49.6161787], [17.2182038, 49.6147903], [17.2174187, 49.6143701], [17.217224, 49.614268], [17.2168045, 49.614077], [17.2168875, 49.6137988], [17.2169222, 49.6136976], [17.216189, 49.6134555], [17.2163316, 49.6133576], [17.2164513, 49.613161], [17.2165708, 49.6130524], [17.2167813, 49.6128961], [17.2169417, 49.6127955], [17.2170608, 49.6127056], [17.2173205, 49.612544], [17.2177426, 49.6122732], [17.2183453, 49.6118971], [17.218505, 49.6118017], [17.2190223, 49.611476], [17.219146, 49.6114], [17.2192589, 49.6113267], [17.2193231, 49.611287], [17.2197021, 49.6110253], [17.2198106, 49.6109312], [17.2200249, 49.6107054], [17.2201968, 49.6104627], [17.220241, 49.6103701], [17.2202383, 49.610322], [17.2204397, 49.6100888], [17.2197211, 49.6098079], [17.2193955, 49.6096791], [17.2193901, 49.6096754], [17.2188144, 49.6094566], [17.2186759, 49.6094083], [17.21835, 49.6092968], [17.2180239, 49.6091941], [17.2178087, 49.6091302], [17.2176587, 49.6090856], [17.2175636, 49.6090549], [17.217244, 49.6089415], [17.2168971, 49.6088217], [17.2164663, 49.6086607], [17.2164394, 49.6086553], [17.2163898, 49.6086483], [17.216197, 49.608621], [17.2147035, 49.6092682], [17.2146628, 49.6091919], [17.2145517, 49.6089441], [17.214491, 49.6089071], [17.2144273, 49.6088709], [17.2140585, 49.6089154], [17.2136997, 49.6089833], [17.2122805, 49.6092857], [17.2117921, 49.6093689], [17.2110486, 49.6095019], [17.2105457, 49.6096028], [17.2103645, 49.609646], [17.2101516, 49.6094295], [17.2100091, 49.6092883], [17.2091918, 49.6095416], [17.2085869, 49.6097074], [17.2081493, 49.6098209], [17.2068864, 49.6101862], [17.2067598, 49.6099706], [17.206656, 49.6098609], [17.2065386, 49.6099084], [17.2065197, 49.6098972], [17.2063869, 49.6098314], [17.2061911, 49.6097315], [17.2058157, 49.6095341], [17.2052553, 49.6092479], [17.2050569, 49.6091403], [17.2047452, 49.6089785], [17.2041035, 49.6086504], [17.203479, 49.6083211], [17.2034665, 49.6083166], [17.2030195, 49.6081027], [17.2025965, 49.6078935], [17.2020397, 49.6076384], [17.2016138, 49.6080642], [17.2012667, 49.6083877], [17.2011056, 49.6085063], [17.2010554, 49.6084978], [17.2006869, 49.6083758], [17.1997674, 49.6080793], [17.1999391, 49.6079173], [17.1990145, 49.6076717], [17.1987621, 49.6075944], [17.198501, 49.6074958], [17.1982077, 49.6073666], [17.1978627, 49.6071804], [17.1974641, 49.606952], [17.1967325, 49.6064772], [17.196607, 49.6065761], [17.1962084, 49.6063869], [17.1956126, 49.6061002], [17.195583, 49.6060881], [17.196564, 49.6050769], [17.1969733, 49.6046236], [17.1973311, 49.6042007], [17.197691, 49.6037413], [17.1984357, 49.6027434], [17.1984057, 49.602732], [17.1983547, 49.6026782], [17.1978339, 49.6027399], [17.1973817, 49.602835], [17.1961419, 49.6031356], [17.1952156, 49.6033367], [17.1948477, 49.6034051], [17.1943585, 49.603481], [17.1935373, 49.6035987], [17.1927375, 49.6036996], [17.1918255, 49.6038311], [17.1903959, 49.6040478], [17.1898637, 49.6041271], [17.1896163, 49.6035042], [17.1894802, 49.6031451], [17.1894062, 49.6029639], [17.1893459, 49.6027612], [17.1892524, 49.6024339], [17.1891486, 49.6019371], [17.1891266, 49.6018235], [17.1891227, 49.6017759], [17.1891061, 49.6016439], [17.1881684, 49.6017744], [17.1872655, 49.6019189], [17.1866608, 49.6020111], [17.1865926, 49.6020178], [17.1869543, 49.6035788], [17.1865017, 49.6036633], [17.1862392, 49.6037254], [17.185445, 49.6039644], [17.1850212, 49.6040894], [17.1844362, 49.6042721], [17.1836907, 49.6045406], [17.1835518, 49.6045843], [17.1831776, 49.6046864], [17.1828858, 49.6042988], [17.1827518, 49.6041509], [17.1819673, 49.6042717], [17.1809459, 49.604469], [17.1805896, 49.6045294], [17.1792619, 49.6047242], [17.1790498, 49.6047362], [17.1788675, 49.6047372], [17.1784933, 49.6046267], [17.1782276, 49.6045384], [17.1771071, 49.6046175], [17.1768153, 49.6046345], [17.1767673, 49.6046461], [17.1740681, 49.6038282], [17.1740799, 49.6038074], [17.1747721, 49.6023036], [17.1746378, 49.6022021], [17.1740956, 49.6017804], [17.1738348, 49.6015581], [17.1735401, 49.6013806], [17.1732552, 49.60119], [17.1728476, 49.6009442], [17.1726507, 49.6008418], [17.172328, 49.600661], [17.1722932, 49.6006393], [17.1726193, 49.6003494], [17.1729354, 49.6000606], [17.1729208, 49.5999994], [17.1726469, 49.59988], [17.1723855, 49.5997553], [17.1721067, 49.5996313], [17.1718013, 49.5995365], [17.1712035, 49.5993676], [17.1705999, 49.599218], [17.1699711, 49.5990558], [17.1690426, 49.5988401], [17.1684676, 49.5986852], [17.1681871, 49.5985985], [17.1675727, 49.5984605], [17.1675941, 49.5983782], [17.167617, 49.5982309], [17.1676354, 49.5979754], [17.16763, 49.5976687], [17.1675927, 49.5972128], [17.1673733, 49.5953739], [17.1673021, 49.5947086], [17.1672807, 49.5942475], [17.1672796, 49.5938155], [17.1672876, 49.5935665], [17.1673044, 49.59329], [17.1673487, 49.5929112], [17.1673501, 49.5928671], [17.1674037, 49.59253], [17.1674473, 49.5922819], [17.1675091, 49.5918833], [17.1676007, 49.5909245], [17.1676966, 49.5904362], [17.167826, 49.5897987], [17.1684369, 49.5898675], [17.1683739, 49.5886443], [17.168332, 49.5877695], [17.1682824, 49.5866476], [17.1682724, 49.5865505], [17.1689305, 49.5865622], [17.1689938, 49.586559], [17.1694549, 49.5865969], [17.1697517, 49.5866165], [17.1701072, 49.5858196], [17.1704496, 49.5850827], [17.1707352, 49.5845349], [17.1709415, 49.5841763], [17.1712419, 49.5837239], [17.1715193, 49.5832146], [17.1719599, 49.5824238], [17.1717012, 49.5822813], [17.1715133, 49.5821977], [17.1713044, 49.5821387], [17.1710781, 49.5821202], [17.1708495, 49.5821298], [17.1707549, 49.5821459], [17.1688513, 49.5823655], [17.1682306, 49.5824342], [17.1680332, 49.582447], [17.1678278, 49.5824425], [17.1676291, 49.5824215], [17.1674356, 49.5823797], [17.1671563, 49.5823079], [17.1658252, 49.5819111], [17.1655257, 49.5818316], [17.1652227, 49.5817761], [17.1649084, 49.5817468], [17.1645878, 49.5817346], [17.1636508, 49.5817313], [17.1636506, 49.5816923], [17.1635809, 49.581694], [17.1633422, 49.5816921], [17.1629686, 49.5816851], [17.1625183, 49.581684], [17.1623015, 49.5814551], [17.1621222, 49.5812609]]]}}, {"type": "Feature", "properties": {"name": "\u010cesk\u00e9 Bud\u011bjovice"}, "geometry": {"type": "MultiPolygon", "coordinates": [[[[14.3869152, 48.9974432], [14.3883193, 48.9966715], [14.3888297, 48.9963949], [14.3891534, 48.9962205], [14.3902663, 48.9956315], [14.3904544, 48.9955623], [14.390642, 48.9954787], [14.3912074, 48.9956439], [14.3920241, 48.9958741], [14.3928578, 48.9961118], [14.3929533, 48.9958528], [14.3930742, 48.9954664], [14.3950352, 48.9950696], [14.3950698, 48.9937527], [14.393562, 48.9938231], [14.3933167, 48.9938331], [14.3929327, 48.9940201], [14.392811, 48.9940199], [14.393109, 48.9935955], [14.3933881, 48.9933241], [14.3929884, 48.9930655], [14.3912295, 48.992101], [14.3896428, 48.9912901], [14.3905541, 48.9908881], [14.3906824, 48.990887], [14.3907958, 48.9908893], [14.3915174, 48.9908924], [14.3927014, 48.9906921], [14.392601, 48.9889573], [14.3929911, 48.9888223], [14.3933706, 48.9888285], [14.3934669, 48.9888499], [14.3935165, 48.9888582], [14.393932, 48.9889516], [14.3941786, 48.9889919], [14.394925, 48.989103], [14.3951756, 48.9891152], [14.3951455, 48.9892262], [14.3951431, 48.9895239], [14.3951891, 48.9895336], [14.3952365, 48.9902071], [14.3957548, 48.9905237], [14.3958611, 48.9905674], [14.395906, 48.9905807], [14.3959858, 48.9905954], [14.3960174, 48.9906029], [14.3961953, 48.9906158], [14.3963833, 48.990605], [14.3968762, 48.9905044], [14.3971492, 48.9904454], [14.3973753, 48.9904113], [14.3974945, 48.9904074], [14.3979063, 48.9904115], [14.3982874, 48.9904416], [14.3986439, 48.990493], [14.3989179, 48.9905101], [14.3992216, 48.990543], [14.3994443, 48.9905194], [14.3995437, 48.9904995], [14.3996162, 48.9904273], [14.3996601, 48.9903586], [14.3997105, 48.9902377], [14.3998246, 48.9901514], [14.3999332, 48.99012], [14.4001983, 48.9900972], [14.4002978, 48.9900647], [14.4003314, 48.990023], [14.4003412, 48.989806], [14.4003361, 48.9897052], [14.4003424, 48.9895428], [14.4003073, 48.9894208], [14.4001671, 48.9892944], [14.4000572, 48.9892136], [14.3999966, 48.9891246], [14.4000235, 48.9890096], [14.4001649, 48.9888072], [14.4003792, 48.9885666], [14.4003943, 48.9884666], [14.4002824, 48.9881507], [14.4002395, 48.988074], [14.4002193, 48.9880465], [14.4000891, 48.9879004], [14.3999482, 48.9878077], [14.3996895, 48.987795], [14.3994047, 48.987785], [14.3993947, 48.9877211], [14.4003523, 48.9875548], [14.4004428, 48.9875618], [14.4011847, 48.9875721], [14.4012316, 48.9875917], [14.4012749, 48.9876126], [14.4014067, 48.9876649], [14.4017309, 48.9874052], [14.4026053, 48.9870509], [14.4028246, 48.986925], [14.4032301, 48.9866042], [14.4041543, 48.9858321], [14.4042726, 48.9857361], [14.4050077, 48.9851457], [14.4051631, 48.9850297], [14.4054804, 48.9846421], [14.4057543, 48.9843269], [14.4060835, 48.9839621], [14.4068275, 48.9834601], [14.4076379, 48.9830237], [14.4081001, 48.9829677], [14.4089207, 48.9829385], [14.4100861, 48.9829842], [14.4108987, 48.9830329], [14.41113, 48.9830512], [14.4123255, 48.983061], [14.4122487, 48.9832895], [14.4121074, 48.9838469], [14.41201, 48.9841257], [14.411853, 48.984375], [14.4115073, 48.9847782], [14.4125839, 48.9846109], [14.4130059, 48.9845556], [14.4138804, 48.9845017], [14.4146006, 48.9844511], [14.4149073, 48.984438], [14.4154019, 48.9844273], [14.415893, 48.984447], [14.4163777, 48.9844902], [14.4169624, 48.9845471], [14.4171391, 48.9841222], [14.4172408, 48.9837752], [14.4182826, 48.9839935], [14.419185, 48.9841846], [14.4202693, 48.9844273], [14.4213897, 48.9846947], [14.4219211, 48.9848242], [14.4228027, 48.9850534], [14.4238335, 48.9853375], [14.4256159, 48.9865836], [14.4275254, 48.9879459], [14.4280767, 48.9883504], [14.4282698, 48.9881291], [14.4295795, 48.9870876], [14.4297917, 48.9868696], [14.4298226, 48.9866605], [14.4298347, 48.9861191], [14.4299028, 48.9856492], [14.4305074, 48.984735], [14.4306193, 48.9844354], [14.4306997, 48.98422], [14.4308083, 48.9837234], [14.4307934, 48.9832696], [14.4299477, 48.9825578], [14.4299175, 48.9825357], [14.4280759, 48.9813256], [14.4267867, 48.9810181], [14.4263371, 48.9808566], [14.4263862, 48.9807841], [14.4264707, 48.9806898], [14.4265425, 48.9806205], [14.426583, 48.9805956], [14.4266043, 48.9805339], [14.4268239, 48.9802809], [14.426891, 48.9802416], [14.4269361, 48.9800288], [14.42695, 48.9792064], [14.4269604, 48.9792054], [14.4269463, 48.9791382], [14.4269792, 48.9788839], [14.4269547, 48.9788499], [14.4269269, 48.9788034], [14.4269107, 48.9787682], [14.427654, 48.978745], [14.4276538, 48.978037], [14.4277497, 48.9773182], [14.4279345, 48.9767201], [14.4286955, 48.9749396], [14.4290577, 48.973971], [14.4297066, 48.9728417], [14.4298247, 48.9728505], [14.4300144, 48.9727057], [14.4301842, 48.9725564], [14.4302739, 48.9724724], [14.4304901, 48.9723498], [14.4305354, 48.9723203], [14.4310077, 48.9718777], [14.4311034, 48.9718046], [14.4312939, 48.9717271], [14.4314076, 48.9716768], [14.4315474, 48.9715892], [14.431683, 48.9714705], [14.431875, 48.9712828], [14.4320033, 48.9711475], [14.4321975, 48.9709829], [14.4323226, 48.9708532], [14.4324742, 48.9706005], [14.432566, 48.9703699], [14.432652, 48.9700368], [14.4327729, 48.96974], [14.433293, 48.9688196], [14.4334741, 48.9680738], [14.4339353, 48.9680675], [14.4341416, 48.9680304], [14.4345568, 48.9679858], [14.4346484, 48.9679476], [14.4361004, 48.9678908], [14.4361503, 48.9678893], [14.436141, 48.9664945], [14.4376001, 48.9664616], [14.4386956, 48.966518], [14.4386026, 48.9663804], [14.4380866, 48.9658596], [14.4389368, 48.9652248], [14.4395741, 48.9656672], [14.4399213, 48.9658342], [14.4402215, 48.9659484], [14.4408034, 48.9661161], [14.4413475, 48.9662111], [14.4417612, 48.9663019], [14.4420152, 48.9665014], [14.4424848, 48.9669054], [14.4429982, 48.9673426], [14.4430996, 48.9674289], [14.4436285, 48.967395], [14.4443078, 48.9673514], [14.4444141, 48.9673451], [14.4445626, 48.9674929], [14.4448285, 48.9677851], [14.4449908, 48.9679311], [14.4450426, 48.9679684], [14.4508398, 48.9681468], [14.4508251, 48.9680471], [14.4508948, 48.9679478], [14.4512007, 48.9679626], [14.4512683, 48.9679758], [14.4515394, 48.9675774], [14.4519304, 48.9672624], [14.4522864, 48.9669157], [14.4524255, 48.9667956], [14.4528116, 48.9662183], [14.4529057, 48.9661367], [14.4532333, 48.9658571], [14.4536989, 48.9654691], [14.4538656, 48.9653261], [14.4539653, 48.9652648], [14.454085, 48.9651495], [14.454146, 48.9650582], [14.4543902, 48.9648583], [14.4545463, 48.9648644], [14.4545872, 48.9648584], [14.4546797, 48.9648278], [14.4547811, 48.9647867], [14.4548761, 48.9647837], [14.4553579, 48.9650351], [14.4555985, 48.9650466], [14.4561656, 48.9645068], [14.4561924, 48.9642666], [14.4561964, 48.9642327], [14.4561978, 48.9642128], [14.4571701, 48.9643055], [14.4573761, 48.9643381], [14.457849, 48.964389], [14.4579684, 48.9644019], [14.4586067, 48.9644567], [14.4588581, 48.9641238], [14.4588956, 48.964074], [14.4588921, 48.964019], [14.4589874, 48.9638367], [14.4589372, 48.9637982], [14.4588083, 48.9636928], [14.4587276, 48.963633], [14.4581394, 48.9631778], [14.4581569, 48.9631563], [14.4581765, 48.9631321], [14.4583634, 48.9631461], [14.4588751, 48.9632025], [14.4591406, 48.9632317], [14.459163, 48.9632342], [14.4592395, 48.9632425], [14.4595001, 48.9632588], [14.459515, 48.9632611], [14.4595886, 48.9632594], [14.4596748, 48.9632574], [14.4598472, 48.9632559], [14.461007, 48.9630895], [14.461853, 48.9629681], [14.4620459, 48.9629552], [14.4621645, 48.962878], [14.4623486, 48.9628759], [14.4623437, 48.9628737], [14.4621863, 48.9626758], [14.4619262, 48.9624194], [14.4616948, 48.9622409], [14.4613636, 48.9620377], [14.4610366, 48.961867], [14.46037, 48.9616063], [14.4603711, 48.9616074], [14.4594001, 48.9612814], [14.4593677, 48.9612736], [14.4591474, 48.9612135], [14.458796, 48.9611052], [14.4585244, 48.9609914], [14.4583684, 48.9609066], [14.4582201, 48.9608152], [14.4578911, 48.9605782], [14.4574866, 48.960241], [14.457318, 48.9600632], [14.4571237, 48.959825], [14.4570422, 48.9597014], [14.4569422, 48.9595184], [14.4568845, 48.9593842], [14.4568339, 48.9592168], [14.4567824, 48.9589908], [14.456757, 48.9588181], [14.4567539, 48.9586771], [14.4567652, 48.9585337], [14.456788, 48.9583966], [14.4568512, 48.9581797], [14.4568822, 48.9580866], [14.4570674, 48.9577032], [14.4570854, 48.9575868], [14.4574522, 48.9575816], [14.4580076, 48.9568989], [14.4586084, 48.9561339], [14.4589094, 48.9557631], [14.4590377, 48.9556252], [14.4593863, 48.9552184], [14.4595136, 48.9550594], [14.459709, 48.9548152], [14.4598107, 48.9546881], [14.4601883, 48.9542436], [14.460557, 48.9540494], [14.4612879, 48.9538962], [14.4623919, 48.9540144], [14.4642624, 48.9537973], [14.4649751, 48.953719], [14.4657344, 48.9533748], [14.4659039, 48.9532223], [14.4660078, 48.9530191], [14.4659074, 48.9526906], [14.46489, 48.9519575], [14.4639794, 48.9513176], [14.4636775, 48.951025], [14.4633493, 48.9505458], [14.4629967, 48.9498639], [14.4631267, 48.9493532], [14.4633595, 48.9486588], [14.4635168, 48.948342], [14.4636343, 48.9480496], [14.4636672, 48.9474429], [14.4636863, 48.9470297], [14.4636891, 48.9463759], [14.4638084, 48.9458314], [14.4637892, 48.9445869], [14.4637349, 48.9441057], [14.4636823, 48.9436003], [14.4638519, 48.943368], [14.4642939, 48.9433195], [14.4642415, 48.9431813], [14.4641749, 48.9430212], [14.4641485, 48.9429085], [14.4640882, 48.9427931], [14.4640261, 48.9426913], [14.4639072, 48.9425768], [14.4638392, 48.9424917], [14.463758, 48.9424087], [14.4636511, 48.9423153], [14.4637621, 48.9422945], [14.463593, 48.9421543], [14.4635726, 48.9421317], [14.4635273, 48.942101], [14.4629789, 48.9420706], [14.4627258, 48.9419159], [14.4623538, 48.9415176], [14.4618445, 48.9411025], [14.4617339, 48.9408289], [14.4618117, 48.9403772], [14.4621155, 48.9400871], [14.462038, 48.9394792], [14.4620978, 48.9393618], [14.462273, 48.9391477], [14.4623624, 48.9389952], [14.4623425, 48.9383667], [14.4622373, 48.9372671], [14.4621484, 48.9371646], [14.4621768, 48.9370678], [14.4624331, 48.9365389], [14.4626079, 48.9357584], [14.4626047, 48.9355497], [14.4625151, 48.9352341], [14.4620138, 48.934579], [14.4618744, 48.9344807], [14.4621903, 48.9345107], [14.4621412, 48.9344313], [14.4613113, 48.9336166], [14.4612644, 48.9335666], [14.4611564, 48.9334343], [14.4614727, 48.9334878], [14.4615381, 48.9334938], [14.4616516, 48.9335228], [14.4617907, 48.933609], [14.4620498, 48.933712], [14.4627062, 48.9339775], [14.4630228, 48.9341128], [14.4633501, 48.9342735], [14.4636464, 48.9344359], [14.4639231, 48.9345909], [14.4643919, 48.9348032], [14.4644993, 48.934999], [14.4646038, 48.9351199], [14.4649359, 48.9354114], [14.4652512, 48.9356], [14.4652141, 48.9357677], [14.4652839, 48.9358612], [14.4656714, 48.9364915], [14.466536, 48.9380093], [14.4668735, 48.9386137], [14.467567, 48.9398052], [14.4676624, 48.9399499], [14.4677449, 48.9401338], [14.4682287, 48.940981], [14.4685266, 48.9414608], [14.4698096, 48.9413924], [14.4705206, 48.941339], [14.4718045, 48.9412616], [14.4726342, 48.941208], [14.4731917, 48.9411779], [14.4738112, 48.9412547], [14.473952, 48.941265], [14.4741329, 48.9407191], [14.4746588, 48.940841], [14.47507, 48.9409385], [14.4753688, 48.9410181], [14.4756113, 48.9410881], [14.4757739, 48.94114], [14.4759392, 48.9411872], [14.4761012, 48.9412408], [14.4764144, 48.9413482], [14.4766653, 48.941444], [14.476864, 48.9415235], [14.4771665, 48.9413167], [14.4774663, 48.9410683], [14.4776381, 48.9408556], [14.4777876, 48.9406745], [14.4778925, 48.9405717], [14.4779021, 48.9407351], [14.4780603, 48.9408982], [14.4781042, 48.9409488], [14.4783946, 48.9412597], [14.4784502, 48.9413389], [14.4786763, 48.9417792], [14.4788431, 48.9421932], [14.4791275, 48.9427215], [14.4792146, 48.9428343], [14.47936, 48.9427856], [14.4796234, 48.9431622], [14.4797865, 48.9433409], [14.4800162, 48.9435677], [14.480327, 48.9438336], [14.4807615, 48.9441801], [14.4808545, 48.9442594], [14.4814335, 48.9447351], [14.4815493, 48.9448359], [14.4818581, 48.9450918], [14.4820412, 48.9452531], [14.4821302, 48.9453344], [14.4822003, 48.9454149], [14.4823316, 48.9456005], [14.4824247, 48.9457527], [14.4827304, 48.9458272], [14.4830117, 48.9458865], [14.4831839, 48.9459751], [14.4835729, 48.9461583], [14.4843707, 48.9465412], [14.4846986, 48.9466534], [14.4852352, 48.9467739], [14.4855243, 48.9468373], [14.4860177, 48.9469771], [14.4864373, 48.9470069], [14.4866357, 48.9477178], [14.4868471, 48.9481524], [14.4870035, 48.9483064], [14.4873083, 48.9484646], [14.4877893, 48.9485908], [14.4877151, 48.9488487], [14.4871725, 48.9487369], [14.4870838, 48.948729], [14.4869998, 48.9487956], [14.4869831, 48.9489637], [14.4868824, 48.9494026], [14.4862699, 48.9502584], [14.4858107, 48.9506309], [14.4854514, 48.950824], [14.4854942, 48.9508342], [14.4855736, 48.9508527], [14.485895, 48.9510793], [14.485907, 48.9510878], [14.4864405, 48.9512952], [14.4866918, 48.9513684], [14.4867197, 48.951368], [14.4869136, 48.9513652], [14.4876307, 48.9513382], [14.4881942, 48.9511852], [14.4884448, 48.9510984], [14.48856, 48.9510531], [14.4887388, 48.9509567], [14.4890335, 48.9508033], [14.4890645, 48.9507249], [14.4893456, 48.9505297], [14.4895373, 48.9504004], [14.4895606, 48.9505244], [14.4897117, 48.9504047], [14.4901387, 48.9502736], [14.4906201, 48.9501199], [14.4909593, 48.9499507], [14.4910056, 48.9499625], [14.4912758, 48.949676], [14.4914175, 48.9494907], [14.4915249, 48.9492727], [14.4915407, 48.9491197], [14.4918443, 48.9491556], [14.49335, 48.9491237], [14.4937131, 48.9491194], [14.493594, 48.9487123], [14.4935341, 48.9484953], [14.4934885, 48.9483331], [14.4934309, 48.9481278], [14.4927098, 48.9481245], [14.4927455, 48.9475782], [14.4937093, 48.9475833], [14.495175, 48.9475908], [14.4952893, 48.9475915], [14.4953787, 48.9475915], [14.4954546, 48.9475923], [14.495537, 48.9475924], [14.4958112, 48.9475939], [14.4960867, 48.9475953], [14.4963462, 48.9475967], [14.4966271, 48.9475982], [14.4969058, 48.9475996], [14.4971589, 48.9476008], [14.4974398, 48.947602], [14.4974752, 48.9476023], [14.4975155, 48.9476029], [14.4975442, 48.9476031], [14.4976278, 48.9476029], [14.4976845, 48.9476037], [14.4977211, 48.9476037], [14.4978023, 48.947604], [14.4978908, 48.9476047], [14.4979313, 48.9476048], [14.4979964, 48.9476048], [14.4980711, 48.9476056], [14.4981754, 48.9476059], [14.4982694, 48.9476063], [14.4985535, 48.9476078], [14.4988297, 48.9476089], [14.4991004, 48.9476107], [14.4991789, 48.947611], [14.4993733, 48.9476119], [14.4996941, 48.9476137], [14.5000117, 48.9476151], [14.5010637, 48.9476207], [14.5011142, 48.9476206], [14.5012045, 48.947471], [14.5015243, 48.9469405], [14.5020265, 48.9461527], [14.5021905, 48.945873], [14.5023009, 48.9456174], [14.5024647, 48.9456425], [14.5023052, 48.9459673], [14.5022794, 48.9460078], [14.5018712, 48.9466405], [14.5016238, 48.9470318], [14.5012842, 48.9475685], [14.5012168, 48.9476769], [14.5010181, 48.9479976], [14.5006374, 48.9486114], [14.5006248, 48.9486366], [14.5005977, 48.9486613], [14.50043, 48.9489526], [14.500237, 48.949284], [14.500489, 48.9492279], [14.500901, 48.9486131], [14.5014912, 48.9476129], [14.501871, 48.9469738], [14.5021975, 48.9464062], [14.5024391, 48.9459605], [14.5026207, 48.9457088], [14.5026542, 48.9456536], [14.5026919, 48.9455802], [14.5028783, 48.9453033], [14.5031809, 48.9448678], [14.5032211, 48.9448141], [14.5033456, 48.9446313], [14.5035099, 48.94437], [14.5035571, 48.9443556], [14.5037749, 48.9442991], [14.5041824, 48.9442436], [14.5053212, 48.9444003], [14.505514, 48.9443197], [14.5054692, 48.9444963], [14.5056864, 48.9445639], [14.5057822, 48.9445055], [14.5059302, 48.9445033], [14.5066357, 48.944551], [14.506667, 48.9452222], [14.5067299, 48.9458562], [14.5068674, 48.9465759], [14.5069467, 48.9468966], [14.5071696, 48.9471667], [14.5072992, 48.9477573], [14.5074458, 48.9482502], [14.5074694, 48.9483585], [14.507549, 48.9488005], [14.5075897, 48.9489314], [14.5076492, 48.9491749], [14.5077173, 48.9494309], [14.50774, 48.9495416], [14.5077602, 48.9496257], [14.50784, 48.949659], [14.5078761, 48.9497666], [14.5079071, 48.9498721], [14.5079129, 48.9498852], [14.5080116, 48.9503228], [14.5108074, 48.9500675], [14.5109395, 48.950054], [14.5114409, 48.9500147], [14.5116575, 48.9499946], [14.5119365, 48.9499773], [14.5129353, 48.9498979], [14.5130682, 48.9498813], [14.513139, 48.9498768], [14.5134923, 48.9498394], [14.513824, 48.9497989], [14.5140067, 48.9497712], [14.5144522, 48.9497187], [14.5147049, 48.9496827], [14.5148105, 48.9496637], [14.5152692, 48.9495967], [14.5155625, 48.9495512], [14.5156398, 48.9495282], [14.516499, 48.9493657], [14.5166559, 48.9493271], [14.5165082, 48.9494813], [14.5164044, 48.9495991], [14.5161319, 48.9498906], [14.5160132, 48.9500261], [14.5159753, 48.9500931], [14.5159522, 48.9502224], [14.5159754, 48.9503432], [14.5160796, 48.9505516], [14.5160667, 48.9507145], [14.5159268, 48.9509146], [14.5154346, 48.9512172], [14.5147956, 48.9516793], [14.5146306, 48.9519474], [14.514529, 48.952119], [14.5143978, 48.9525242], [14.5143096, 48.9527634], [14.5141422, 48.9531276], [14.5130185, 48.9537764], [14.5127258, 48.9539924], [14.5123607, 48.9542051], [14.5122019, 48.9543165], [14.5120524, 48.9544597], [14.5119288, 48.9545806], [14.511939, 48.954611], [14.5117823, 48.9547682], [14.5116886, 48.9548458], [14.5116011, 48.9549119], [14.5111824, 48.9556135], [14.5109057, 48.9558214], [14.5105524, 48.9559404], [14.5102069, 48.9559887], [14.5098244, 48.9560388], [14.5097495, 48.9560611], [14.5095864, 48.9561036], [14.5093476, 48.9561952], [14.5090435, 48.9563262], [14.5082995, 48.9567282], [14.5078025, 48.9569254], [14.5073457, 48.9570613], [14.5069062, 48.9571443], [14.5064867, 48.9572564], [14.5065002, 48.9572948], [14.5066148, 48.9576762], [14.5066746, 48.9580366], [14.5067234, 48.9585309], [14.506735, 48.9586047], [14.5067429, 48.9586544], [14.506869, 48.9592886], [14.5069241, 48.9595517], [14.5070446, 48.9599846], [14.5070819, 48.9600843], [14.5076011, 48.9620196], [14.5079094, 48.9620045], [14.5080346, 48.9619818], [14.5081575, 48.9619639], [14.5083157, 48.9619383], [14.5084811, 48.9619166], [14.5086073, 48.9622854], [14.5087139, 48.9625686], [14.5087761, 48.9627249], [14.508885, 48.9629809], [14.5089843, 48.9631686], [14.5091823, 48.9635066], [14.509204, 48.9635085], [14.5098739, 48.963317], [14.510403, 48.9631627], [14.5113681, 48.9628851], [14.5114351, 48.9628618], [14.511755, 48.9626719], [14.511934, 48.962601], [14.5119566, 48.9626055], [14.5124338, 48.9623757], [14.5125113, 48.9623349], [14.512746, 48.9622205], [14.5136002, 48.9618436], [14.5140694, 48.9615958], [14.5150589, 48.9610111], [14.5153307, 48.9608203], [14.5158325, 48.9605005], [14.5159455, 48.9604237], [14.5162051, 48.9602802], [14.5169111, 48.9599733], [14.5170894, 48.9598908], [14.5174624, 48.95983], [14.5174671, 48.9598773], [14.5174934, 48.9599112], [14.5177886, 48.9601351], [14.5179726, 48.9602689], [14.5177714, 48.9602875], [14.5178175, 48.96032], [14.5176778, 48.9604056], [14.5176317, 48.9603731], [14.5171301, 48.9605709], [14.517202, 48.960685], [14.5171215, 48.9606949], [14.5168782, 48.9607211], [14.51656, 48.9607589], [14.5161043, 48.9608141], [14.5161569, 48.9609116], [14.5161096, 48.9609446], [14.5164628, 48.961573], [14.5165161, 48.9616451], [14.5166306, 48.9618044], [14.5168767, 48.9620456], [14.5174281, 48.9627319], [14.5179322, 48.963877], [14.5179566, 48.9639176], [14.5175861, 48.9640922], [14.517493, 48.9641324], [14.5179701, 48.9646763], [14.5182347, 48.9649471], [14.5185057, 48.9652672], [14.5187253, 48.9655849], [14.5188894, 48.9658735], [14.5191206, 48.9663583], [14.5193398, 48.966937], [14.5193178, 48.9670517], [14.5192596, 48.9671047], [14.5192607, 48.9671723], [14.5192472, 48.9671919], [14.5192419, 48.9672132], [14.5192393, 48.9672372], [14.5192413, 48.9672616], [14.5194481, 48.9682292], [14.5194428, 48.968239], [14.5194302, 48.9682456], [14.5194146, 48.9682492], [14.5193826, 48.9682542], [14.519394, 48.9683042], [14.5194343, 48.9683022], [14.5194449, 48.9683028], [14.5194567, 48.9683088], [14.5194622, 48.9683195], [14.5196009, 48.9689498], [14.519609, 48.9689574], [14.5196139, 48.9689756], [14.519627, 48.9690472], [14.5196078, 48.9690562], [14.5196681, 48.9693378], [14.5196836, 48.9693978], [14.5196956, 48.9694581], [14.5197483, 48.9697234], [14.5197557, 48.9697232], [14.5197506, 48.9697393], [14.5197315, 48.9697541], [14.5197262, 48.9698278], [14.519754, 48.9698306], [14.5197804, 48.9698395], [14.5197937, 48.9698433], [14.51983, 48.969867], [14.5198521, 48.9700821], [14.5199202, 48.9705388], [14.5200153, 48.9710925], [14.5200257, 48.9713246], [14.520027, 48.97137], [14.5201324, 48.9719736], [14.5201685, 48.9722134], [14.5202144, 48.9725584], [14.5203428, 48.9734753], [14.5194522, 48.973568], [14.5191201, 48.9736379], [14.5187106, 48.9737615], [14.5183623, 48.9738512], [14.5176612, 48.9739968], [14.5172292, 48.9740655], [14.5170234, 48.9740854], [14.5168048, 48.974086], [14.5160316, 48.9740517], [14.5151602, 48.9739347], [14.5150574, 48.9744813], [14.5150218, 48.9747032], [14.5149678, 48.9749411], [14.5149317, 48.9752481], [14.5143454, 48.9752093], [14.5139487, 48.9750495], [14.5135244, 48.9755073], [14.5136955, 48.9755757], [14.5141453, 48.9757588], [14.5145241, 48.9759117], [14.5144292, 48.9760096], [14.5144263, 48.9759734], [14.5143934, 48.9759598], [14.5143437, 48.9759775], [14.5140731, 48.9762662], [14.5136874, 48.9766852], [14.5135053, 48.9768818], [14.5134154, 48.9769792], [14.5134965, 48.9770174], [14.5136099, 48.9768954], [14.5137276, 48.9769438], [14.5136098, 48.9770707], [14.5138894, 48.9772026], [14.5142036, 48.9773592], [14.5142416, 48.9773754], [14.514857, 48.9776732], [14.5152916, 48.9778674], [14.5155424, 48.9780001], [14.5157772, 48.9781741], [14.5158418, 48.9782942], [14.5162778, 48.978991], [14.5162915, 48.9790228], [14.5163896, 48.9792081], [14.516445, 48.9795239], [14.5164743, 48.9796175], [14.5164707, 48.9798379], [14.5161661, 48.9799107], [14.5160285, 48.9800828], [14.515894, 48.9800973], [14.5160277, 48.9803685], [14.5160316, 48.9804755], [14.516038, 48.9806054], [14.5160887, 48.9807565], [14.5161972, 48.9809625], [14.5161161, 48.9809599], [14.5159585, 48.9809581], [14.5159707, 48.9810405], [14.5161391, 48.9810528], [14.516529, 48.9810422], [14.5165532, 48.9811184], [14.5165517, 48.9811218], [14.5165255, 48.9812781], [14.5165074, 48.9813778], [14.5164882, 48.9814662], [14.5163732, 48.9818325], [14.516229, 48.9822318], [14.5159553, 48.9827685], [14.5158819, 48.9828777], [14.5159817, 48.9828821], [14.5160571, 48.9827855], [14.5162934, 48.9824766], [14.5173063, 48.9826604], [14.5173981, 48.9825393], [14.5179897, 48.982647], [14.5181021, 48.9826668], [14.5190192, 48.9828347], [14.5193766, 48.9828999], [14.5183955, 48.9852209], [14.5183328, 48.9853653], [14.5182802, 48.9854935], [14.5182704, 48.9855169], [14.5182343, 48.9856211], [14.5181411, 48.9859409], [14.5181735, 48.9859413], [14.5183169, 48.9859682], [14.51838, 48.9859789], [14.5183746, 48.9859945], [14.518605, 48.986041], [14.5190914, 48.9861328], [14.5192223, 48.9861586], [14.5192925, 48.9861706], [14.5192951, 48.986245], [14.5192976, 48.9863161], [14.5192888, 48.9863377], [14.5185947, 48.9879454], [14.5187989, 48.9879766], [14.5183099, 48.9890997], [14.5196615, 48.989527], [14.5203055, 48.9897358], [14.5198832, 48.9920841], [14.5190638, 48.9923251], [14.5191857, 48.9923566], [14.5203303, 48.9931084], [14.5205839, 48.9933434], [14.5205856, 48.9933885], [14.5207824, 48.9935853], [14.5210288, 48.9939049], [14.5211167, 48.9940823], [14.5212261, 48.9945452], [14.521315, 48.9945358], [14.5213012, 48.9947793], [14.521301, 48.9950337], [14.5212991, 48.9952886], [14.5211234, 48.9952842], [14.5210227, 48.9955779], [14.5209461, 48.9957512], [14.5209008, 48.9958787], [14.5206554, 48.9961125], [14.5206135, 48.9961657], [14.5205585, 48.9961476], [14.5204437, 48.9961202], [14.5201365, 48.9960466], [14.5200922, 48.9960433], [14.520001, 48.9960345], [14.5199436, 48.9960365], [14.5198761, 48.9960334], [14.5198281, 48.9960406], [14.5196818, 48.9960458], [14.5194356, 48.996092], [14.518352, 48.9963988], [14.5180434, 48.9964979], [14.5177051, 48.9966003], [14.5170428, 48.9967733], [14.5167547, 48.9967897], [14.5163238, 48.996814], [14.5162718, 48.9968206], [14.5160341, 48.9968442], [14.5147907, 48.9969729], [14.5142436, 48.997035], [14.5138787, 48.9970721], [14.5135473, 48.9971092], [14.5133059, 48.9971352], [14.5131059, 48.9971568], [14.5127054, 48.9972036], [14.5122911, 48.9972505], [14.5118084, 48.9973074], [14.5115197, 48.9973434], [14.5112253, 48.9973945], [14.5104783, 48.9975744], [14.5099373, 48.9977425], [14.5096121, 48.9978874], [14.5095677, 48.9979086], [14.5092795, 48.9980493], [14.5089644, 48.9982092], [14.5086058, 48.9984017], [14.5085235, 48.9984486], [14.5083497, 48.9985491], [14.5081232, 48.9986972], [14.508025, 48.9987789], [14.5079765, 48.9988187], [14.5079745, 48.9988607], [14.5079356, 48.9989024], [14.5078731, 48.9989271], [14.5075412, 48.999142], [14.5073262, 48.9993048], [14.5069537, 48.999622], [14.5067254, 48.9997951], [14.506308, 49.0001358], [14.5054133, 49.0008646], [14.5049719, 49.0012148], [14.5045735, 49.0015317], [14.5044445, 49.0016418], [14.5038674, 49.0021264], [14.5033763, 49.0025309], [14.5028944, 49.0029216], [14.5028339, 49.0029559], [14.5021229, 49.0033713], [14.5009169, 49.0040509], [14.5008874, 49.0040675], [14.5008746, 49.0040732], [14.5008477, 49.0040889], [14.5009486, 49.0043323], [14.5009663, 49.0044328], [14.5009893, 49.0045552], [14.5010048, 49.0051344], [14.5008953, 49.0054474], [14.5008359, 49.0057008], [14.500837, 49.0059773], [14.5005101, 49.0061273], [14.5005342, 49.0064988], [14.5011961, 49.0069473], [14.5012364, 49.0069865], [14.5011793, 49.00744], [14.5012444, 49.0078564], [14.5013577, 49.0082912], [14.5012579, 49.0088144], [14.5010827, 49.0089667], [14.499988, 49.0085951], [14.4992096, 49.0091295], [14.4990194, 49.0090931], [14.4989863, 49.009177], [14.4984936, 49.0091831], [14.4979631, 49.0091782], [14.497765, 49.0091952], [14.4963208, 49.0092988], [14.4960648, 49.0092919], [14.4954647, 49.0090891], [14.4946001, 49.0086002], [14.4945346, 49.0086092], [14.4945011, 49.0085732], [14.4945365, 49.0085488], [14.4941443, 49.0082692], [14.494057, 49.0084029], [14.4939735, 49.0085262], [14.493739, 49.0088588], [14.4937763, 49.0089486], [14.493799, 49.0089975], [14.4937899, 49.0090185], [14.4935649, 49.0091073], [14.493274, 49.0091862], [14.4928539, 49.0094908], [14.4919873, 49.0099433], [14.4917542, 49.0099978], [14.4915467, 49.0101631], [14.4908773, 49.0105292], [14.4911988, 49.0109414], [14.4914482, 49.0112766], [14.491739, 49.0116373], [14.4920013, 49.0119708], [14.4922653, 49.012312], [14.4923894, 49.0124884], [14.4922472, 49.0125455], [14.4922258, 49.0125559], [14.492199, 49.0125648], [14.4917968, 49.0125867], [14.4914652, 49.012645], [14.4911908, 49.0126966], [14.4908428, 49.0127216], [14.4906676, 49.0127109], [14.4901921, 49.0126272], [14.4899264, 49.0123739], [14.4895429, 49.0124211], [14.4893433, 49.0122808], [14.4892227, 49.0121922], [14.4888782, 49.0123039], [14.4890374, 49.0125929], [14.4891362, 49.0128082], [14.489112, 49.01288], [14.4887422, 49.0128256], [14.4885538, 49.0128055], [14.4882551, 49.0128774], [14.4879119, 49.012873], [14.4877434, 49.0128578], [14.4875178, 49.0129216], [14.487101, 49.0127456], [14.486859, 49.0126626], [14.4866572, 49.0126358], [14.4865805, 49.0125937], [14.4866313, 49.0124707], [14.4865918, 49.0122812], [14.4863946, 49.0118762], [14.4862558, 49.0119568], [14.4853627, 49.0122647], [14.4850391, 49.0123763], [14.4849669, 49.0124275], [14.4849276, 49.0124693], [14.4847899, 49.0126254], [14.484686, 49.0126965], [14.4843793, 49.0128102], [14.4840005, 49.0129136], [14.4829235, 49.0132475], [14.4825591, 49.0133531], [14.4823786, 49.0134175], [14.4822832, 49.0134771], [14.4821669, 49.0135694], [14.4818096, 49.0139301], [14.481692, 49.0140283], [14.4816081, 49.0140657], [14.4814868, 49.0141088], [14.481449, 49.014008], [14.4814907, 49.0139401], [14.4812356, 49.0132537], [14.4812199, 49.0131361], [14.4811834, 49.012913], [14.4809416, 49.012275], [14.480651, 49.0114993], [14.4803306, 49.0107025], [14.4798523, 49.0095031], [14.47954, 49.0086444], [14.4793905, 49.0082123], [14.4792737, 49.0078588], [14.4792551, 49.0077322], [14.4794103, 49.0074141], [14.4792981, 49.0074309], [14.4789414, 49.0074967], [14.4788026, 49.0075204], [14.4780268, 49.0076755], [14.4772219, 49.0078518], [14.4769882, 49.0080445], [14.476952, 49.0081142], [14.4763009, 49.0083954], [14.4760084, 49.0085181], [14.4758641, 49.0086122], [14.4756774, 49.0087092], [14.4755302, 49.0087648], [14.4753632, 49.0088254], [14.4751178, 49.008919], [14.4741132, 49.0090566], [14.473922, 49.0091083], [14.4737826, 49.0091578], [14.4736386, 49.0092057], [14.4733698, 49.0093353], [14.4730835, 49.0095483], [14.4725715, 49.0099811], [14.4722889, 49.0102437], [14.4720787, 49.0104444], [14.4719576, 49.0104931], [14.4716734, 49.010602], [14.4712491, 49.0106629], [14.4707264, 49.0108078], [14.4703685, 49.0108685], [14.4698727, 49.0109054], [14.4697685, 49.010906], [14.4695965, 49.0109543], [14.4693175, 49.0110552], [14.469262, 49.0107836], [14.4690353, 49.0108181], [14.4687821, 49.0107618], [14.4684886, 49.010679], [14.4682871, 49.0105749], [14.4680273, 49.0103361], [14.4678584, 49.0102668], [14.4677093, 49.0100331], [14.467261, 49.0096514], [14.4669018, 49.0092349], [14.4668777, 49.0091051], [14.4668578, 49.0089427], [14.466814, 49.0088835], [14.4666821, 49.0085294], [14.4663471, 49.00845], [14.4661676, 49.0084991], [14.4660657, 49.0085825], [14.4661222, 49.0090356], [14.4660654, 49.0091135], [14.4657919, 49.0091748], [14.4650783, 49.009015], [14.4649153, 49.0089419], [14.4644899, 49.0087294], [14.4642539, 49.0086906], [14.4632476, 49.0087339], [14.4630428, 49.0089638], [14.4621108, 49.0091528], [14.4618609, 49.0092486], [14.4615006, 49.0093818], [14.4610605, 49.0096894], [14.4610179, 49.0097141], [14.4603388, 49.0101376], [14.459758, 49.0105262], [14.4595215, 49.0106945], [14.4591776, 49.0109211], [14.4588388, 49.0111474], [14.4588183, 49.0114364], [14.4584349, 49.0117491], [14.4583285, 49.0118637], [14.4581917, 49.0120571], [14.4580946, 49.0121348], [14.4579787, 49.0121902], [14.4576806, 49.0122707], [14.4572085, 49.0124267], [14.4568349, 49.0125756], [14.456557, 49.0127326], [14.4563058, 49.0129118], [14.4559699, 49.0132283], [14.4556318, 49.0135873], [14.4553022, 49.0139671], [14.4549834, 49.0143494], [14.4546379, 49.0147421], [14.4542454, 49.0146507], [14.454065, 49.0148578], [14.4538136, 49.0151973], [14.4534376, 49.0155845], [14.4527088, 49.0164228], [14.4526928, 49.0165989], [14.4525085, 49.0167234], [14.4525383, 49.0167659], [14.4520837, 49.0172548], [14.451818, 49.0177487], [14.4514793, 49.0181994], [14.45136, 49.0183811], [14.4510974, 49.0186957], [14.4510276, 49.0187922], [14.4506131, 49.0195417], [14.4504671, 49.0198566], [14.4481679, 49.0194591], [14.4479215, 49.0194409], [14.4471719, 49.0193254], [14.4448494, 49.0189447], [14.4437593, 49.0187727], [14.4414946, 49.0184115], [14.4413238, 49.0183662], [14.4410903, 49.0175755], [14.4409641, 49.0171402], [14.4407599, 49.0168071], [14.4405802, 49.0165439], [14.4404313, 49.0163905], [14.4403464, 49.0163085], [14.4402039, 49.0161776], [14.4399862, 49.0160016], [14.4397317, 49.0158485], [14.4394592, 49.0157155], [14.4392149, 49.0156042], [14.4389695, 49.0155125], [14.4386596, 49.0154159], [14.4383273, 49.0153275], [14.437848, 49.0152195], [14.4376873, 49.0151226], [14.4374134, 49.0150758], [14.4370751, 49.0150627], [14.436698, 49.0150034], [14.4353308, 49.0147338], [14.4348395, 49.0146291], [14.4344883, 49.0144936], [14.4342687, 49.0144152], [14.4338821, 49.0142598], [14.4334967, 49.014076], [14.4332096, 49.0138898], [14.4328735, 49.0136594], [14.4321492, 49.0129537], [14.4319555, 49.0127525], [14.431558, 49.0123515], [14.4310766, 49.0118569], [14.4304008, 49.0111703], [14.4300358, 49.0108013], [14.4295481, 49.0103197], [14.4293991, 49.0101935], [14.4292897, 49.0101037], [14.4290465, 49.0099468], [14.4288368, 49.0098252], [14.4285802, 49.0097036], [14.4282629, 49.0095698], [14.4280137, 49.0094808], [14.4276442, 49.0093712], [14.4269122, 49.0091635], [14.4256571, 49.0088103], [14.4256179, 49.0087977], [14.4251888, 49.0086751], [14.4247381, 49.0085373], [14.4241358, 49.0083744], [14.4237289, 49.0082576], [14.4233213, 49.0081403], [14.4227881, 49.0080048], [14.4224463, 49.0079245], [14.4220744, 49.0078542], [14.4211815, 49.0077577], [14.4206144, 49.0077262], [14.4202769, 49.0077349], [14.416752, 49.0077212], [14.4154471, 49.0077302], [14.4099177, 49.0077399], [14.4047286, 49.0077309], [14.4047261, 49.0078259], [14.4043902, 49.0078257], [14.4043868, 49.0077367], [14.4031814, 49.0077377], [14.4029844, 49.0077396], [14.4013671, 49.007742], [14.3983944, 49.0077428], [14.398159, 49.0077536], [14.3978495, 49.0077897], [14.3976062, 49.0078329], [14.3968788, 49.007978], [14.3950046, 49.0083579], [14.3926579, 49.0088121], [14.3922741, 49.0088834], [14.391921, 49.0068203], [14.391903, 49.0067299], [14.3914139, 49.0069025], [14.3912037, 49.0070597], [14.3904379, 49.007232], [14.3894868, 49.0074047], [14.3893873, 49.0074064], [14.3893155, 49.0072201], [14.3892231, 49.0068751], [14.3892001, 49.0066839], [14.3886182, 49.0048208], [14.3883583, 49.003839], [14.3881859, 49.003256], [14.3879277, 49.0021947], [14.388244, 49.0018826], [14.3884192, 49.0017017], [14.3888992, 49.001188], [14.3892014, 49.0008252], [14.3890956, 48.9996015], [14.3884912, 48.9994993], [14.3875902, 48.9993906], [14.3875206, 48.9988535], [14.387479, 48.9988132], [14.3874543, 48.998783], [14.3873955, 48.9987067], [14.3873809, 48.9986785], [14.3869152, 48.9974432]]], [[[14.5319362, 48.965331], [14.5319867, 48.9653108], [14.5320243, 48.9652862], [14.532039, 48.9652712], [14.5320527, 48.9652473], [14.5320972, 48.9651327], [14.5321252, 48.9650021], [14.5323791, 48.9647113], [14.5324463, 48.9646059], [14.5324564, 48.9644192], [14.5325069, 48.9643746], [14.5332446, 48.9642015], [14.5334115, 48.9641983], [14.533809, 48.9639726], [14.534035, 48.9638708], [14.5343032, 48.9636398], [14.5342759, 48.9635784], [14.5340021, 48.9632667], [14.533897, 48.9631339], [14.5341741, 48.9627434], [14.5346277, 48.9624792], [14.5347337, 48.9626324], [14.5350855, 48.9625103], [14.5353185, 48.962341], [14.5352413, 48.9622544], [14.5352076, 48.9622286], [14.5356343, 48.9620036], [14.5363514, 48.9617948], [14.5365945, 48.9616475], [14.5365896, 48.9614353], [14.5369979, 48.9611874], [14.5371868, 48.9612235], [14.5373395, 48.961101], [14.537384, 48.9610274], [14.5371217, 48.9608453], [14.5370495, 48.9607326], [14.5370913, 48.9604883], [14.5372249, 48.9601235], [14.5373898, 48.9599866], [14.5377978, 48.9596916], [14.5384854, 48.9594282], [14.5385627, 48.9593836], [14.5388349, 48.9591726], [14.5391743, 48.958931], [14.5392174, 48.9589197], [14.5397333, 48.9587208], [14.5415842, 48.9579907], [14.5416206, 48.9580128], [14.5418295, 48.958131], [14.5419762, 48.9580022], [14.5432974, 48.9577968], [14.5433487, 48.9577548], [14.5432276, 48.9576977], [14.5431964, 48.9575957], [14.5433702, 48.9574582], [14.5435809, 48.95726], [14.5439751, 48.956913], [14.5443671, 48.9565779], [14.5448751, 48.9563483], [14.5451676, 48.9561103], [14.5447774, 48.9560551], [14.544705, 48.9560421], [14.5448419, 48.9559088], [14.545093, 48.9556855], [14.5456991, 48.9553672], [14.5463571, 48.9550404], [14.5464388, 48.9549684], [14.5467993, 48.9546349], [14.5472448, 48.9546465], [14.5478668, 48.9542794], [14.5490742, 48.9540524], [14.549739, 48.9539073], [14.5499159, 48.9539234], [14.5500354, 48.9539453], [14.5508242, 48.9540103], [14.5513153, 48.9539272], [14.5519548, 48.953897], [14.5524657, 48.9536821], [14.5526674, 48.9536293], [14.5536123, 48.9531798], [14.5544493, 48.9526905], [14.5551919, 48.9523929], [14.5553002, 48.9523194], [14.5557319, 48.9524215], [14.556089, 48.9521005], [14.5566868, 48.9520127], [14.5571145, 48.9518824], [14.5576837, 48.9513944], [14.5578581, 48.9510448], [14.5585618, 48.9504952], [14.5586142, 48.9505073], [14.5589003, 48.950519], [14.5596999, 48.9504486], [14.5600524, 48.9504733], [14.5600967, 48.9504466], [14.5607996, 48.9504776], [14.5611913, 48.9503708], [14.5612502, 48.9504002], [14.5613007, 48.9504223], [14.5614447, 48.9505177], [14.5615933, 48.9505588], [14.5617853, 48.9504915], [14.5620317, 48.9503777], [14.5620899, 48.9504367], [14.5621798, 48.9504697], [14.5622126, 48.9504657], [14.5623667, 48.9504528], [14.5625669, 48.9504763], [14.5626128, 48.950483], [14.5626709, 48.950467], [14.5631505, 48.9504833], [14.5632126, 48.9504387], [14.5633464, 48.9504317], [14.5634736, 48.9504407], [14.5635114, 48.9504535], [14.5635985, 48.9504793], [14.563638, 48.9505419], [14.5637358, 48.9505473], [14.5638236, 48.9505134], [14.5639026, 48.9505062], [14.5640854, 48.9505203], [14.5641216, 48.9505326], [14.5643313, 48.950483], [14.5644682, 48.9505053], [14.5645738, 48.9505506], [14.5647479, 48.9505794], [14.5647738, 48.9505988], [14.5649118, 48.9506241], [14.5651066, 48.9505905], [14.5660224, 48.9506871], [14.5661538, 48.9506683], [14.5662616, 48.9506646], [14.5663021, 48.9506296], [14.5663671, 48.9506583], [14.5666082, 48.9506608], [14.5667201, 48.9506475], [14.5668051, 48.950702], [14.5670281, 48.9506718], [14.5672658, 48.9506291], [14.56748, 48.9506286], [14.567695, 48.9506478], [14.5678946, 48.950686], [14.5682506, 48.9506525], [14.5683182, 48.950691], [14.5686165, 48.9506788], [14.5687594, 48.9506351], [14.5687857, 48.9506554], [14.568978, 48.9506656], [14.5690267, 48.9506765], [14.5692567, 48.9506334], [14.5699978, 48.9505384], [14.5701374, 48.9504847], [14.5701651, 48.950456], [14.5708814, 48.9504111], [14.5713245, 48.9502857], [14.5715519, 48.9502037], [14.5720014, 48.9500796], [14.5721362, 48.950011], [14.5721866, 48.9499507], [14.5723482, 48.9499092], [14.5724969, 48.9497792], [14.5727377, 48.94963], [14.5731479, 48.9495166], [14.5736892, 48.9494368], [14.5742529, 48.9493738], [14.5747755, 48.9493218], [14.5753422, 48.9492522], [14.5758024, 48.9492346], [14.576148, 48.9492015], [14.5764706, 48.9491782], [14.5770406, 48.949176], [14.5775528, 48.9492634], [14.5779447, 48.9492912], [14.5782884, 48.9493669], [14.5788009, 48.9494742], [14.5788695, 48.9494489], [14.579515, 48.9496298], [14.5805545, 48.9498647], [14.5812059, 48.9501156], [14.5819069, 48.9502722], [14.5829954, 48.9506506], [14.5830765, 48.9506896], [14.5833395, 48.950816], [14.58361, 48.9510229], [14.5839519, 48.9510929], [14.5845005, 48.9511888], [14.5850342, 48.9513278], [14.5851631, 48.9513788], [14.5854335, 48.9515188], [14.5858625, 48.9516277], [14.5863956, 48.951825], [14.5871916, 48.9522017], [14.5879094, 48.9525283], [14.5889134, 48.9530441], [14.5894241, 48.9532432], [14.5903577, 48.9537987], [14.5908342, 48.9541592], [14.5908191, 48.9541692], [14.5911332, 48.9543176], [14.5912834, 48.9543941], [14.5913139, 48.9551458], [14.5913056, 48.955281], [14.5908978, 48.9558218], [14.5907496, 48.9561182], [14.5908203, 48.9563937], [14.5908406, 48.9566973], [14.5909046, 48.9571393], [14.591128, 48.9577598], [14.5911954, 48.9578507], [14.5913434, 48.9581742], [14.5914814, 48.9586223], [14.5916742, 48.9591767], [14.5916987, 48.9592408], [14.5917485, 48.9594921], [14.5919242, 48.9598121], [14.5921334, 48.9603105], [14.5924054, 48.9607556], [14.592429, 48.9607849], [14.5925349, 48.9609423], [14.5927671, 48.9611742], [14.5930692, 48.9616464], [14.5930835, 48.9616747], [14.5931138, 48.9618017], [14.5934681, 48.9623096], [14.5936661, 48.9627568], [14.5940437, 48.9634459], [14.5942835, 48.9642423], [14.5946839, 48.9647891], [14.5949462, 48.965233], [14.5951911, 48.9655069], [14.5951729, 48.9655215], [14.5951355, 48.9655403], [14.5948683, 48.9658844], [14.5946545, 48.9658674], [14.5944037, 48.9658653], [14.5940852, 48.9655465], [14.593723, 48.9654695], [14.5937547, 48.9657265], [14.593483, 48.9659529], [14.5933217, 48.9660206], [14.5930634, 48.9661879], [14.5929001, 48.9662312], [14.5925771, 48.9664506], [14.5921423, 48.966655], [14.5915605, 48.9668183], [14.5913202, 48.9669888], [14.5909323, 48.9675563], [14.5908523, 48.9678935], [14.5906468, 48.9684079], [14.5905412, 48.9685605], [14.5902643, 48.9689252], [14.5901113, 48.9691732], [14.5897459, 48.9697159], [14.5895211, 48.9699146], [14.5889999, 48.9702881], [14.5883014, 48.9707115], [14.587663, 48.9713699], [14.5870815, 48.9720775], [14.5868405, 48.9723205], [14.586654, 48.9725647], [14.5866199, 48.9725923], [14.5864803, 48.9727765], [14.5863965, 48.973034], [14.5864072, 48.9731745], [14.5864712, 48.9734171], [14.5865279, 48.9736592], [14.5864346, 48.974003], [14.5857701, 48.9745346], [14.5850477, 48.9748176], [14.5844565, 48.9749959], [14.5836467, 48.97529], [14.5828354, 48.975453], [14.5827225, 48.9754705], [14.5824747, 48.9755031], [14.5823039, 48.9752625], [14.5822581, 48.975198], [14.5820898, 48.9750658], [14.5817993, 48.9749031], [14.5811474, 48.9746704], [14.5809266, 48.974594], [14.5804706, 48.9744362], [14.5798981, 48.9742932], [14.579256, 48.9741815], [14.5785796, 48.9740852], [14.578099, 48.9740232], [14.5778246, 48.9740046], [14.5773153, 48.97397], [14.575708, 48.9738871], [14.574864, 48.973857], [14.5742697, 48.9738494], [14.5736205, 48.9737989], [14.5733776, 48.9737675], [14.5729902, 48.9737174], [14.5724073, 48.9736242], [14.5718091, 48.9735477], [14.5715847, 48.973552], [14.5714994, 48.9735537], [14.571148, 48.9736011], [14.5708837, 48.9736621], [14.5704872, 48.9738024], [14.5700747, 48.9739112], [14.5700908, 48.9739499], [14.5694314, 48.9741459], [14.5688937, 48.9742905], [14.5682902, 48.9744059], [14.5649937, 48.9751156], [14.5648605, 48.974846], [14.5647493, 48.9747146], [14.5650147, 48.9744235], [14.5650451, 48.9743847], [14.5657493, 48.9739001], [14.5660567, 48.9736635], [14.5660852, 48.9736238], [14.5661028, 48.9735866], [14.56619, 48.9730574], [14.5662813, 48.9724058], [14.5662661, 48.9723378], [14.5662175, 48.9722619], [14.5657074, 48.971808], [14.56529, 48.9714312], [14.5649678, 48.9710268], [14.5648957, 48.9709578], [14.5645359, 48.9706825], [14.5639307, 48.970265], [14.5636722, 48.9701119], [14.5633898, 48.9700992], [14.5630009, 48.9699726], [14.5624863, 48.9698688], [14.5617651, 48.9697578], [14.5607474, 48.9692135], [14.5598403, 48.9690558], [14.5587771, 48.9688497], [14.5581991, 48.9687424], [14.5577172, 48.968602], [14.5577069, 48.9686296], [14.5570742, 48.9685076], [14.5565293, 48.9684845], [14.5561501, 48.9683521], [14.555563, 48.9682048], [14.5549781, 48.9680921], [14.554433, 48.9680359], [14.5538465, 48.9680228], [14.5537351, 48.9681032], [14.5533708, 48.9682826], [14.5530334, 48.9683988], [14.5525839, 48.9683855], [14.552148, 48.9684059], [14.5519296, 48.9684477], [14.5516603, 48.9687837], [14.5508241, 48.9685426], [14.5499091, 48.9685402], [14.5497981, 48.9685502], [14.5496956, 48.9682022], [14.5495771, 48.9680103], [14.5494076, 48.9673952], [14.5493207, 48.96719], [14.5489655, 48.9664723], [14.548727, 48.9660227], [14.5483569, 48.965439], [14.5479066, 48.9648995], [14.5477988, 48.9650633], [14.5475077, 48.965173], [14.5470585, 48.9652302], [14.5468728, 48.9651902], [14.5462548, 48.9652917], [14.5460592, 48.9656266], [14.5457657, 48.9656724], [14.5455484, 48.9658261], [14.5453558, 48.9658327], [14.5451918, 48.9658721], [14.5451436, 48.9658939], [14.5447983, 48.9660756], [14.5442859, 48.966475], [14.543877, 48.96684], [14.543641, 48.9669708], [14.5433481, 48.9670212], [14.5424488, 48.9669716], [14.5420127, 48.9670365], [14.5413377, 48.96714], [14.5409054, 48.9672322], [14.5387717, 48.9684405], [14.5387191, 48.9684703], [14.5386576, 48.9686059], [14.5385763, 48.9688952], [14.5386073, 48.9691483], [14.5383892, 48.969539], [14.5382635, 48.9700323], [14.5381728, 48.9702585], [14.5380304, 48.9704437], [14.5376341, 48.97051], [14.5371638, 48.9706349], [14.5365693, 48.9706184], [14.5361629, 48.9705311], [14.5355619, 48.9703111], [14.5351384, 48.9701491], [14.5349759, 48.9701789], [14.5349422, 48.9701341], [14.5348024, 48.9696814], [14.534563, 48.9693076], [14.5345546, 48.968879], [14.5345637, 48.9685433], [14.5347721, 48.9682741], [14.5349218, 48.968104], [14.5349365, 48.968094], [14.5351038, 48.9680954], [14.5351128, 48.968064], [14.5352153, 48.9678854], [14.5352416, 48.9678326], [14.535199, 48.9678026], [14.5351031, 48.9676131], [14.5348517, 48.96755], [14.534552, 48.9674019], [14.5343603, 48.9671989], [14.5343228, 48.9671856], [14.5342871, 48.96717], [14.5342501, 48.9671465], [14.5341782, 48.9671097], [14.5341214, 48.9670986], [14.5341385, 48.9670396], [14.5339585, 48.9669604], [14.5336478, 48.9668599], [14.5330608, 48.966753], [14.5330826, 48.9665702], [14.5330492, 48.9665141], [14.5330166, 48.9664746], [14.5329623, 48.9664645], [14.5328738, 48.9662392], [14.5327829, 48.9661082], [14.5325393, 48.9653605], [14.5329998, 48.9653923], [14.5332466, 48.9654126], [14.5333372, 48.9655707], [14.5334945, 48.9653415], [14.5335097, 48.9653121], [14.5335008, 48.9652225], [14.5336956, 48.9650815], [14.533779, 48.9650654], [14.5334647, 48.9650083], [14.533279, 48.9649692], [14.5329734, 48.9649111], [14.5326771, 48.9649738], [14.5325485, 48.9650024], [14.5321723, 48.965097], [14.5320889, 48.9652837], [14.5320394, 48.9653297], [14.5319362, 48.965331]]]]}}, {"type": "Feature", "properties": {"name": "Hradec Kr\u00e1lov\u00e9"}, "geometry": {"type": "Polygon", "coordinates": [[[15.7467677, 50.2257647], [15.7504566, 50.2244428], [15.7517649, 50.223925], [15.7515204, 50.223583], [15.7513142, 50.2232669], [15.7506158, 50.2217727], [15.7504811, 50.2214148], [15.7504457, 50.2213679], [15.751333, 50.2212676], [15.7518337, 50.2212505], [15.7523127, 50.2212564], [15.752958, 50.2212149], [15.7534593, 50.2211515], [15.7541137, 50.2209929], [15.7547865, 50.2207991], [15.7555913, 50.2205999], [15.7569008, 50.2201825], [15.7576233, 50.2198825], [15.7585471, 50.2195081], [15.7587557, 50.2194235], [15.7592189, 50.2192519], [15.7595195, 50.2191591], [15.7595218, 50.2191584], [15.7609024, 50.2187804], [15.761257, 50.2187009], [15.7618324, 50.2185718], [15.7620186, 50.2185581], [15.7634284, 50.2182], [15.7644448, 50.2179469], [15.7652764, 50.2177229], [15.7662322, 50.2174378], [15.7683606, 50.2168398], [15.7694926, 50.2165739], [15.770215, 50.2163964], [15.7707182, 50.2162534], [15.7715273, 50.2159978], [15.7716093, 50.2159719], [15.7721193, 50.2158276], [15.7729155, 50.2156024], [15.7715865, 50.2114006], [15.7715061, 50.2105732], [15.7713778, 50.2091656], [15.771318, 50.2084119], [15.7712569, 50.2079441], [15.7712429, 50.207778], [15.7710714, 50.2059611], [15.7710802, 50.205904], [15.7709649, 50.2043068], [15.7709888, 50.2036095], [15.77102, 50.2032559], [15.7712297, 50.2015586], [15.7704041, 50.2015644], [15.7694691, 50.2015571], [15.768504, 50.2015545], [15.7682738, 50.2015466], [15.7678686, 50.2015116], [15.7666933, 50.2013959], [15.7654599, 50.2012706], [15.7647141, 50.2011822], [15.7637166, 50.2010787], [15.7630593, 50.2010147], [15.7628725, 50.2009965], [15.762223, 50.2009333], [15.7614203, 50.2008552], [15.7612288, 50.2008349], [15.7599301, 50.2007189], [15.7592286, 50.2004312], [15.7588724, 50.2002327], [15.758482, 50.2000032], [15.7583638, 50.1999485], [15.757693, 50.1995343], [15.7569952, 50.1991186], [15.7571386, 50.1989867], [15.7583366, 50.1971373], [15.7608811, 50.1922238], [15.7625977, 50.188943], [15.7627853, 50.1885812], [15.7629125, 50.1883281], [15.7634071, 50.1873641], [15.7635187, 50.1872605], [15.7628087, 50.1867364], [15.7624605, 50.1864915], [15.7623401, 50.1864091], [15.7618309, 50.1861181], [15.7615877, 50.1859814], [15.7601075, 50.1851655], [15.7596478, 50.1849039], [15.7594571, 50.1848041], [15.7587422, 50.1843725], [15.7581697, 50.1842111], [15.7578092, 50.1840838], [15.7555611, 50.1832681], [15.7568295, 50.1830039], [15.7576477, 50.1828185], [15.7584773, 50.1826562], [15.7586298, 50.182648], [15.7587858, 50.1825726], [15.758901, 50.1825806], [15.7593435, 50.1824822], [15.759749, 50.182381], [15.7598892, 50.1823488], [15.7602124, 50.1822427], [15.7604385, 50.1820778], [15.7605033, 50.1820328], [15.7607342, 50.1819513], [15.7609249, 50.1819013], [15.7610352, 50.1818675], [15.7614579, 50.1817444], [15.7617522, 50.1816606], [15.762161, 50.1815476], [15.7622564, 50.1814803], [15.762353, 50.1813174], [15.7623509, 50.1809154], [15.7625565, 50.1805111], [15.7626745, 50.1802089], [15.7627717, 50.1800411], [15.7628062, 50.1799163], [15.7628092, 50.179702], [15.7625971, 50.1792869], [15.7625003, 50.1790149], [15.76245, 50.1788058], [15.7623364, 50.1784637], [15.7623114, 50.1782856], [15.7626777, 50.1779526], [15.7626533, 50.1779318], [15.7624453, 50.177733], [15.7624114, 50.1777205], [15.7633698, 50.1767347], [15.7634802, 50.1766239], [15.7635824, 50.1765516], [15.7640791, 50.1763099], [15.76515, 50.175781], [15.7669602, 50.1748976], [15.7672758, 50.1747753], [15.7688024, 50.1743934], [15.7690783, 50.174312], [15.7692061, 50.1742111], [15.7698629, 50.1733405], [15.7700019, 50.1732024], [15.770261, 50.1730292], [15.7707756, 50.172791], [15.7708778, 50.1727563], [15.7708807, 50.172782], [15.7710736, 50.1727191], [15.7711275, 50.1726938], [15.77115, 50.172993], [15.7717175, 50.1729063], [15.7723638, 50.1739693], [15.7732325, 50.174418], [15.7742867, 50.1748529], [15.7762137, 50.1756593], [15.7762794, 50.1756259], [15.776473, 50.1755855], [15.7781859, 50.175121], [15.7782603, 50.1751006], [15.7784574, 50.1750427], [15.7790485, 50.1748964], [15.7798312, 50.174696], [15.7803337, 50.1745579], [15.7806282, 50.1744531], [15.7807351, 50.1743965], [15.7809772, 50.1741899], [15.7812774, 50.1738138], [15.7813706, 50.1737047], [15.7814648, 50.1736071], [15.7815199, 50.1735961], [15.7815301, 50.1735826], [15.7817806, 50.1736943], [15.7820048, 50.1733775], [15.7825864, 50.1726102], [15.7829991, 50.172072], [15.7835104, 50.1713973], [15.7837084, 50.1711314], [15.7838295, 50.1708861], [15.7842895, 50.1706433], [15.7843146, 50.1705434], [15.7852941, 50.1700794], [15.7864031, 50.1695225], [15.7881101, 50.168716], [15.7884923, 50.1685746], [15.7886825, 50.1685222], [15.7889362, 50.1684706], [15.7890718, 50.1684511], [15.7904093, 50.1682206], [15.7906048, 50.1682035], [15.7908046, 50.1681779], [15.7919714, 50.1680157], [15.7923069, 50.1679654], [15.7930342, 50.1678742], [15.7946309, 50.1678358], [15.7958704, 50.167874], [15.7961233, 50.167876], [15.7964193, 50.1678549], [15.7964549, 50.1678511], [15.7970861, 50.1677629], [15.7973485, 50.1677543], [15.7975467, 50.1677422], [15.7979168, 50.1677053], [15.7979188, 50.1677248], [15.7989775, 50.1676634], [15.8007622, 50.1676743], [15.8013794, 50.1677409], [15.8016708, 50.1677477], [15.8020407, 50.1677947], [15.8024191, 50.1678474], [15.8028976, 50.1679274], [15.8030893, 50.1680657], [15.8032203, 50.1681285], [15.8033658, 50.1681531], [15.8043219, 50.1680426], [15.8042064, 50.1678511], [15.8038679, 50.1673685], [15.8033337, 50.166688], [15.8031752, 50.1663626], [15.80313, 50.1662294], [15.8030871, 50.1659473], [15.8031139, 50.1656995], [15.8031265, 50.1656075], [15.8031205, 50.1655882], [15.8030604, 50.1653966], [15.8028481, 50.1651118], [15.8024678, 50.1645922], [15.8023637, 50.1642476], [15.8022886, 50.1635326], [15.801804, 50.1635721], [15.8015197, 50.1635718], [15.8014315, 50.1635228], [15.8014067, 50.1633797], [15.80126, 50.1632522], [15.8007501, 50.162915], [15.800574, 50.1628685], [15.8003327, 50.162858], [15.8003181, 50.1628066], [15.8020856, 50.1622449], [15.8024552, 50.1621243], [15.803777, 50.1617032], [15.8045918, 50.1614668], [15.8049705, 50.1613267], [15.8056323, 50.1611104], [15.8067392, 50.1607343], [15.8068428, 50.160698], [15.8072852, 50.160537], [15.8084017, 50.1602074], [15.8088499, 50.1601135], [15.8094405, 50.1599871], [15.8096717, 50.1609756], [15.8095363, 50.1623945], [15.8094418, 50.1630363], [15.8094541, 50.1638205], [15.8095026, 50.1642372], [15.8096038, 50.1647015], [15.8098457, 50.1652073], [15.8100453, 50.1655313], [15.8106725, 50.1663288], [15.8108686, 50.1666949], [15.8117884, 50.1689376], [15.8118326, 50.1691324], [15.8117358, 50.1697699], [15.8118756, 50.1704679], [15.8121117, 50.170824], [15.8121278, 50.1708514], [15.8127976, 50.1718252], [15.8127304, 50.1722452], [15.8126296, 50.1724119], [15.8120916, 50.1726493], [15.8112408, 50.1726391], [15.8103152, 50.1729189], [15.8100086, 50.1731202], [15.8098985, 50.1734631], [15.8098679, 50.1737967], [15.8100155, 50.1742171], [15.8100472, 50.1745883], [15.8099081, 50.1749369], [15.8096134, 50.1752078], [15.8099471, 50.1753361], [15.810058, 50.1756091], [15.8101379, 50.1758675], [15.8101611, 50.1762681], [15.8101233, 50.176481], [15.8100831, 50.1768329], [15.8099311, 50.1769816], [15.8098062, 50.1770033], [15.8097009, 50.1769576], [15.8096362, 50.1770961], [15.8096611, 50.177155], [15.8097512, 50.1772783], [15.8097941, 50.1774662], [15.8099947, 50.1776467], [15.8100855, 50.1776443], [15.8103415, 50.1775087], [15.8104988, 50.1774613], [15.8106491, 50.1774317], [15.8119351, 50.1774505], [15.8120615, 50.1774451], [15.8123941, 50.177225], [15.8127913, 50.1770924], [15.8131406, 50.1770947], [15.8139416, 50.1768796], [15.8139986, 50.1767204], [15.8140298, 50.1766243], [15.8141204, 50.176301], [15.8141503, 50.1762266], [15.8142978, 50.1760809], [15.8143899, 50.176005], [15.8145863, 50.1759769], [15.8148199, 50.1759195], [15.8149811, 50.1758752], [15.815143, 50.1758136], [15.8153502, 50.1757186], [15.815406, 50.1756974], [15.8156607, 50.1756323], [15.8158039, 50.1756097], [15.8171209, 50.1751862], [15.8175617, 50.1750375], [15.8175921, 50.1749918], [15.8188728, 50.1743723], [15.8189707, 50.1743563], [15.8189458, 50.1738986], [15.8189301, 50.1735566], [15.8189255, 50.172982], [15.8191084, 50.1719021], [15.8191756, 50.1715881], [15.8191881, 50.1715389], [15.8192199, 50.1713393], [15.8193802, 50.1704394], [15.8194683, 50.169732], [15.819379, 50.16882], [15.8192336, 50.1683391], [15.8191285, 50.1680083], [15.819001, 50.1676667], [15.8188674, 50.1670747], [15.8186593, 50.166502], [15.8184445, 50.164995], [15.8185828, 50.164426], [15.8187162, 50.1639404], [15.8190849, 50.1638465], [15.8193839, 50.1637537], [15.8198949, 50.1635772], [15.8201951, 50.1637548], [15.8203936, 50.1638465], [15.8206916, 50.163992], [15.8209556, 50.164198], [15.8213946, 50.1642641], [15.8222225, 50.1640942], [15.8224953, 50.1640413], [15.8227548, 50.164034], [15.8232457, 50.1640153], [15.824132, 50.1638973], [15.8248222, 50.1637742], [15.8250831, 50.1636765], [15.8252549, 50.163595], [15.8253723, 50.1635526], [15.8256821, 50.1634459], [15.8267362, 50.1630213], [15.8272824, 50.1624907], [15.8275263, 50.1622576], [15.8277285, 50.1620796], [15.8280689, 50.1616994], [15.8281912, 50.1615205], [15.828537, 50.1612552], [15.8286517, 50.1613607], [15.8286543, 50.1616758], [15.8286366, 50.16194], [15.8287179, 50.1624736], [15.8288753, 50.1627519], [15.8289843, 50.1633703], [15.8289718, 50.1634036], [15.8287728, 50.1637204], [15.8286927, 50.1639433], [15.8292021, 50.164084], [15.8300823, 50.1641951], [15.8306727, 50.1643112], [15.8307471, 50.1638227], [15.8304993, 50.162788], [15.8310593, 50.1625985], [15.8320107, 50.1623638], [15.8331075, 50.1618928], [15.834101, 50.1616025], [15.8345556, 50.1623396], [15.8348845, 50.1625077], [15.8356882, 50.1624489], [15.8362854, 50.1623493], [15.8368443, 50.1625494], [15.8382138, 50.1624881], [15.838797, 50.1621379], [15.8392887, 50.1621613], [15.8395994, 50.1621604], [15.8402293, 50.1618239], [15.8403732, 50.1613846], [15.840466, 50.1610444], [15.8404291, 50.1606085], [15.8410276, 50.1610123], [15.8410585, 50.1616668], [15.8407727, 50.1622815], [15.840493, 50.1629362], [15.840481, 50.1631656], [15.840541, 50.1636906], [15.8414525, 50.1636044], [15.8427184, 50.1634092], [15.8431949, 50.1626658], [15.8436803, 50.1622029], [15.8443221, 50.1615975], [15.8449514, 50.1614864], [15.8462158, 50.1616549], [15.8467243, 50.162675], [15.8461993, 50.1634618], [15.8461798, 50.1634877], [15.8458188, 50.1643285], [15.8457036, 50.1651052], [15.8455403, 50.1655929], [15.8456803, 50.166184], [15.8455358, 50.1672692], [15.8457207, 50.1676186], [15.8465193, 50.1689473], [15.846548, 50.1689886], [15.8471282, 50.1689564], [15.84804, 50.1690403], [15.8493785, 50.1691634], [15.8494643, 50.1691685], [15.8495734, 50.1691787], [15.8497444, 50.1692197], [15.8502518, 50.1693318], [15.850705, 50.1692409], [15.8511785, 50.1691701], [15.8519932, 50.1690747], [15.8524555, 50.1690378], [15.8528055, 50.1690171], [15.8530909, 50.1690159], [15.8538371, 50.1690324], [15.8546342, 50.1688839], [15.8548927, 50.1688944], [15.8559919, 50.1689985], [15.8560692, 50.1690048], [15.8561848, 50.168856], [15.8564647, 50.1684715], [15.8567249, 50.168022], [15.8570758, 50.167534], [15.857349, 50.1669491], [15.8575412, 50.1663129], [15.8572906, 50.165833], [15.8572174, 50.1653799], [15.8571824, 50.1652229], [15.8568387, 50.1645265], [15.8565543, 50.1637465], [15.8564632, 50.1633163], [15.8564136, 50.1625544], [15.8567159, 50.161972], [15.858169, 50.1611622], [15.8590994, 50.1608276], [15.8599987, 50.1608331], [15.8608714, 50.1606095], [15.8616553, 50.1605194], [15.8634531, 50.1607976], [15.8640594, 50.1608672], [15.8650341, 50.1613506], [15.8655979, 50.1616833], [15.8666203, 50.1623096], [15.868025, 50.1626062], [15.8688481, 50.1628852], [15.869637, 50.1634479], [15.8703055, 50.1632741], [15.8710055, 50.1631027], [15.8713777, 50.1630665], [15.8716638, 50.1630604], [15.8724355, 50.1630546], [15.8731092, 50.1630811], [15.8740339, 50.1631766], [15.8746458, 50.1630817], [15.8751657, 50.1630873], [15.8754523, 50.1630492], [15.8761873, 50.1629698], [15.8769166, 50.162665], [15.8781391, 50.1623262], [15.8789316, 50.1622527], [15.8797082, 50.1621727], [15.8803691, 50.1620571], [15.8811095, 50.1618689], [15.8814716, 50.1619059], [15.8820938, 50.1619422], [15.8830772, 50.161818], [15.8845244, 50.1616751], [15.8851276, 50.1617613], [15.8858403, 50.1619609], [15.8864737, 50.1621286], [15.8873405, 50.1623301], [15.8875493, 50.1623957], [15.8877965, 50.1624617], [15.8886129, 50.1626303], [15.8889858, 50.162714], [15.8895124, 50.1627279], [15.8902141, 50.1628306], [15.8905352, 50.1628349], [15.8915453, 50.162892], [15.8922696, 50.1630525], [15.8930485, 50.1631683], [15.8941865, 50.1630953], [15.8948793, 50.1628541], [15.8955329, 50.1626447], [15.8964492, 50.1622785], [15.8970825, 50.1622251], [15.8978534, 50.1624375], [15.8984043, 50.1625334], [15.8991152, 50.1627223], [15.8994786, 50.1627424], [15.9008996, 50.1628637], [15.9028425, 50.1629642], [15.9040986, 50.163342], [15.9052389, 50.1633541], [15.9058091, 50.1633744], [15.9065584, 50.163358], [15.9074355, 50.1632863], [15.9095466, 50.1633406], [15.9101194, 50.1633083], [15.9110848, 50.1632177], [15.9114706, 50.1631332], [15.9118306, 50.1630739], [15.9122715, 50.1630601], [15.9131479, 50.1631317], [15.9140418, 50.1632623], [15.915241, 50.1634252], [15.9162127, 50.163584], [15.916272, 50.1635966], [15.9163814, 50.1636199], [15.9164628, 50.1636433], [15.9165876, 50.1636793], [15.9174966, 50.1641566], [15.9178356, 50.1643386], [15.9180975, 50.1645364], [15.9182488, 50.1653274], [15.9180601, 50.1664864], [15.9173309, 50.1672858], [15.9172503, 50.1677708], [15.9172632, 50.1681751], [15.9171126, 50.1685529], [15.916987, 50.1691324], [15.9171585, 50.1698296], [15.9171835, 50.1700207], [15.9170202, 50.1706035], [15.9170489, 50.1706913], [15.9171574, 50.1710245], [15.9171709, 50.1718107], [15.9175099, 50.1724321], [15.9179336, 50.173033], [15.9182273, 50.1732759], [15.9183723, 50.1734011], [15.9188051, 50.1737131], [15.919004, 50.1738969], [15.9193064, 50.1740863], [15.9199892, 50.1746714], [15.9202629, 50.1749679], [15.9207464, 50.1755026], [15.9212508, 50.1758717], [15.9215557, 50.1763294], [15.9216989, 50.1764967], [15.9226817, 50.1773464], [15.9232293, 50.1781888], [15.9233914, 50.1784076], [15.9242815, 50.1790521], [15.9248159, 50.1796177], [15.9252432, 50.1801749], [15.9254322, 50.180383], [15.9261011, 50.1812798], [15.9270748, 50.1820461], [15.9272805, 50.1831322], [15.9269232, 50.1843822], [15.9274614, 50.1855546], [15.9273857, 50.1859491], [15.9272744, 50.1864286], [15.9273316, 50.186517], [15.9277576, 50.1870893], [15.9277427, 50.1877529], [15.9278123, 50.1880361], [15.9277193, 50.1885532], [15.9278709, 50.1891516], [15.92756, 50.1898217], [15.9271687, 50.1906161], [15.9269899, 50.1912546], [15.9274188, 50.192112], [15.9274337, 50.1929325], [15.9273637, 50.1935409], [15.9273528, 50.1936221], [15.9273444, 50.1936659], [15.9273044, 50.1942793], [15.9269668, 50.1947011], [15.9270915, 50.195643], [15.9272276, 50.1965812], [15.9273957, 50.197554], [15.9271144, 50.1979838], [15.9267825, 50.1990927], [15.9267475, 50.1996425], [15.9257844, 50.2013434], [15.9253914, 50.2021033], [15.9254068, 50.2026124], [15.9254143, 50.2031127], [15.9254444, 50.2040916], [15.9249607, 50.2048314], [15.9259624, 50.2048531], [15.9266745, 50.2045645], [15.9275184, 50.2044047], [15.92835, 50.2042442], [15.9284806, 50.2042916], [15.9288754, 50.2044567], [15.929071, 50.2045607], [15.9292915, 50.2047315], [15.9297926, 50.2049424], [15.9300624, 50.2051258], [15.9301186, 50.2051846], [15.9307471, 50.2053717], [15.9308978, 50.2053435], [15.9310787, 50.2052696], [15.9312418, 50.2051114], [15.9319818, 50.2053062], [15.9322672, 50.2050394], [15.9323171, 50.204805], [15.9326437, 50.2045548], [15.9328629, 50.2044082], [15.9331934, 50.2043467], [15.9333028, 50.2043137], [15.9332409, 50.2040788], [15.9334812, 50.2040211], [15.9336707, 50.2041015], [15.9339565, 50.2041569], [15.9341537, 50.2041069], [15.9343048, 50.2041278], [15.9343434, 50.2042192], [15.9343764, 50.2042676], [15.9345354, 50.2043957], [15.93475, 50.2043707], [15.9349457, 50.2044043], [15.9350339, 50.2044219], [15.9346529, 50.2045195], [15.9342097, 50.2048428], [15.9340889, 50.2050085], [15.9340273, 50.2051442], [15.9340232, 50.2054357], [15.9342845, 50.2058622], [15.9345635, 50.2062197], [15.9346037, 50.2064546], [15.9346348, 50.2065345], [15.934756, 50.2068155], [15.9348512, 50.2070446], [15.9349188, 50.207305], [15.9348778, 50.2074833], [15.9348384, 50.2075071], [15.9346802, 50.2076186], [15.9345384, 50.2076864], [15.9342498, 50.2076877], [15.9338811, 50.2075933], [15.9335169, 50.2074026], [15.933183, 50.2072821], [15.9327532, 50.2072385], [15.9323829, 50.2072865], [15.9320301, 50.2074308], [15.9318623, 50.2075875], [15.931865, 50.2078469], [15.9320201, 50.2081255], [15.9326219, 50.20844], [15.9328612, 50.2086678], [15.9325281, 50.2087847], [15.9321957, 50.2087882], [15.9319511, 50.208726], [15.9317329, 50.2085778], [15.9316013, 50.2082948], [15.9313909, 50.2079188], [15.9311638, 50.2076695], [15.9310941, 50.207622], [15.9310462, 50.2076229], [15.9308888, 50.2075697], [15.9307914, 50.2075484], [15.930623, 50.207571], [15.9304197, 50.2077343], [15.9300791, 50.2079054], [15.9299937, 50.2080172], [15.9298765, 50.2082274], [15.929923, 50.2083094], [15.9300918, 50.208384], [15.9302174, 50.2084527], [15.9306712, 50.2088615], [15.9307503, 50.2090057], [15.9307093, 50.2092058], [15.930602, 50.209259], [15.930295, 50.2092774], [15.9300778, 50.2092934], [15.9298724, 50.2094795], [15.9298977, 50.2096526], [15.9300616, 50.2097847], [15.9302385, 50.2098454], [15.93037, 50.209839], [15.9307063, 50.2097745], [15.9310503, 50.2096048], [15.9312761, 50.209597], [15.9315903, 50.2095797], [15.9318951, 50.2095674], [15.9323051, 50.2096064], [15.9321089, 50.2097593], [15.9317755, 50.2101236], [15.9316316, 50.2101971], [15.9311273, 50.2102151], [15.9306734, 50.2102714], [15.930318, 50.2104025], [15.9299731, 50.2106284], [15.9296573, 50.2107278], [15.9293895, 50.2106891], [15.9292629, 50.2105833], [15.9291578, 50.2105165], [15.9291055, 50.2104269], [15.9290311, 50.2103142], [15.9287975, 50.2100706], [15.928581, 50.2098508], [15.9287889, 50.2097079], [15.9290614, 50.2096702], [15.929367, 50.2095383], [15.9294047, 50.2095073], [15.9294818, 50.2093151], [15.9294974, 50.2091173], [15.9285439, 50.2091042], [15.9283442, 50.2090104], [15.9284455, 50.2086567], [15.9293146, 50.2086719], [15.9294479, 50.2085153], [15.929565, 50.208336], [15.9293735, 50.2081146], [15.9291087, 50.2080292], [15.9289291, 50.2079337], [15.9287785, 50.2078083], [15.9283303, 50.2076405], [15.9282043, 50.2075875], [15.9278719, 50.2075479], [15.9276556, 50.2076251], [15.9275577, 50.2076883], [15.927491, 50.2077713], [15.9274913, 50.2079175], [15.9276243, 50.207991], [15.9274961, 50.2082404], [15.9274802, 50.2082788], [15.9270838, 50.2085649], [15.9270511, 50.2087034], [15.9271184, 50.2088357], [15.9272878, 50.20903], [15.9267546, 50.209242], [15.9263124, 50.2093748], [15.9260762, 50.2095909], [15.9258332, 50.2097166], [15.9258179, 50.2097197], [15.9257084, 50.2099172], [15.9257304, 50.2099726], [15.9258332, 50.2101179], [15.925948, 50.2101672], [15.926413, 50.2102363], [15.9268383, 50.2107079], [15.9273053, 50.2109513], [15.9274192, 50.2113589], [15.9275682, 50.2114992], [15.9275459, 50.2116514], [15.9278337, 50.2120404], [15.9277735, 50.2122025], [15.9276742, 50.2122356], [15.9275088, 50.2122329], [15.9270605, 50.2119909], [15.9262655, 50.211674], [15.9257049, 50.2114102], [15.9248513, 50.2112502], [15.9245003, 50.2113118], [15.9242734, 50.2114257], [15.9240824, 50.2117358], [15.9240346, 50.2118832], [15.9240008, 50.2120973], [15.9240892, 50.2122111], [15.9242253, 50.2127007], [15.9243528, 50.2129693], [15.9244438, 50.2132623], [15.9244583, 50.2136131], [15.924339, 50.2137731], [15.9240896, 50.2139324], [15.9238588, 50.2140061], [15.9235441, 50.214071], [15.9234895, 50.2140283], [15.9231369, 50.2141293], [15.9229446, 50.2141412], [15.9224961, 50.2142187], [15.9221939, 50.2142664], [15.9219053, 50.2142749], [15.9217417, 50.2142154], [15.9216197, 50.2142215], [15.9214467, 50.2142688], [15.9211541, 50.2143091], [15.920784, 50.2142904], [15.920485, 50.2142567], [15.919693, 50.2144385], [15.9191987, 50.214602], [15.9190503, 50.2147216], [15.9189077, 50.2148829], [15.9186695, 50.2151295], [15.9186751, 50.2151501], [15.9186386, 50.2152001], [15.9185951, 50.2152482], [15.9185645, 50.2152686], [15.9185405, 50.2152949], [15.9185353, 50.2153216], [15.9181711, 50.2156964], [15.9178218, 50.2159101], [15.9173144, 50.2160716], [15.9166768, 50.216229], [15.9152151, 50.2163019], [15.9149505, 50.2168896], [15.9152983, 50.2169322], [15.9158032, 50.2169734], [15.9156794, 50.2173229], [15.915438, 50.2174345], [15.9153677, 50.2175613], [15.9152293, 50.2177837], [15.9148366, 50.2180009], [15.9141963, 50.2183691], [15.9147209, 50.2184124], [15.9148695, 50.2191913], [15.9147332, 50.2195243], [15.9145892, 50.2198089], [15.9147186, 50.2199708], [15.9147077, 50.2204197], [15.9146276, 50.2209186], [15.9146754, 50.2212098], [15.9147323, 50.2214995], [15.9147387, 50.2216969], [15.9149031, 50.2220599], [15.9151423, 50.22246], [15.9154002, 50.2228702], [15.9153969, 50.2228712], [15.9152076, 50.2231309], [15.9146842, 50.2237363], [15.9146551, 50.2235175], [15.9143241, 50.2236653], [15.9138793, 50.223819], [15.9134887, 50.2239269], [15.9132426, 50.2239652], [15.9123794, 50.2240479], [15.9121, 50.2240471], [15.9114407, 50.2242205], [15.9104281, 50.224325], [15.9104639, 50.224107], [15.910675, 50.2236547], [15.9107211, 50.2232731], [15.9106736, 50.2230923], [15.9106745, 50.2230897], [15.9114416, 50.2230999], [15.9117648, 50.2229979], [15.9116587, 50.2227087], [15.9114768, 50.2223856], [15.9111676, 50.2221248], [15.9104728, 50.2217134], [15.9094111, 50.2211547], [15.9088994, 50.2208101], [15.9088124, 50.2207051], [15.9087499, 50.221169], [15.9086052, 50.2214841], [15.9085797, 50.2216856], [15.9085752, 50.2217922], [15.9085744, 50.2218116], [15.9086257, 50.2220846], [15.9085091, 50.2223194], [15.9084358, 50.2226085], [15.9076807, 50.2230263], [15.9074147, 50.2231687], [15.9070352, 50.2233529], [15.9067658, 50.2236083], [15.9067618, 50.2236098], [15.9071832, 50.2240856], [15.9072548, 50.224343], [15.9072513, 50.2243433], [15.9072372, 50.2249118], [15.9070699, 50.2254344], [15.9070818, 50.225572], [15.9070098, 50.2257476], [15.906673, 50.2258862], [15.9063246, 50.2260985], [15.9063102, 50.2261817], [15.9062939, 50.2262759], [15.9068934, 50.2264581], [15.9074416, 50.2266978], [15.9078321, 50.226938], [15.9086671, 50.2272705], [15.9088891, 50.2276069], [15.9089963, 50.2278068], [15.9091608, 50.2279091], [15.9092126, 50.2279601], [15.909636, 50.228005], [15.910041, 50.228234], [15.910119, 50.2283125], [15.9102141, 50.2284083], [15.9102186, 50.2286087], [15.9102758, 50.2288516], [15.9101839, 50.2294886], [15.910248, 50.2297898], [15.9103543, 50.2298631], [15.9103677, 50.2300579], [15.9105882, 50.2302124], [15.9113695, 50.2305554], [15.9118248, 50.2308659], [15.9121684, 50.2310388], [15.9126153, 50.2310423], [15.9139185, 50.2312941], [15.9156666, 50.231808], [15.9160302, 50.2318397], [15.9160761, 50.2318083], [15.91739, 50.2320388], [15.9178109, 50.2321088], [15.9186781, 50.2322969], [15.9192199, 50.2325103], [15.9195766, 50.2327031], [15.9195802, 50.2327182], [15.9195383, 50.2328223], [15.9193716, 50.2330141], [15.9193431, 50.2330371], [15.9193968, 50.2332155], [15.9194281, 50.2335113], [15.9193505, 50.2342915], [15.9193337, 50.2344151], [15.9193443, 50.2344663], [15.9192267, 50.2350302], [15.9191088, 50.2353675], [15.9190162, 50.2356024], [15.9185585, 50.2366472], [15.9183024, 50.2374246], [15.9182431, 50.2375804], [15.9182328, 50.2376145], [15.918063, 50.2379501], [15.9179616, 50.2381355], [15.9175209, 50.2388107], [15.9173258, 50.2390701], [15.917244, 50.2391517], [15.9169443, 50.2394331], [15.9165088, 50.2397658], [15.9160789, 50.2400802], [15.9157711, 50.2403585], [15.9155937, 50.2405848], [15.9153861, 50.2410563], [15.9153397, 50.241303], [15.9153529, 50.2422068], [15.9152358, 50.2425223], [15.9150827, 50.2430281], [15.9149547, 50.2436335], [15.9148517, 50.2439207], [15.9147231, 50.2441181], [15.9144867, 50.2443688], [15.9145417, 50.244407], [15.914279, 50.2445179], [15.9140208, 50.24458], [15.913419, 50.2446926], [15.9128116, 50.2448594], [15.9097163, 50.245419], [15.9088999, 50.2454979], [15.9077499, 50.2447811], [15.9070378, 50.2443476], [15.906598, 50.2440477], [15.9062997, 50.2438041], [15.9056855, 50.2433134], [15.9052192, 50.2429812], [15.9045705, 50.2425145], [15.9039633, 50.2421397], [15.9038299, 50.2420753], [15.9029411, 50.2418184], [15.9025726, 50.2417144], [15.9025747, 50.2417043], [15.9020843, 50.2415983], [15.9007141, 50.2412275], [15.9000939, 50.2410346], [15.8997115, 50.2409063], [15.8994815, 50.2408326], [15.8990444, 50.240772], [15.8990352, 50.2407899], [15.8988828, 50.2407574], [15.8983405, 50.2406785], [15.8980039, 50.2406133], [15.8979781, 50.2405982], [15.8970806, 50.240948], [15.8968488, 50.2410321], [15.8972101, 50.2413221], [15.897413, 50.2415384], [15.8973289, 50.2417575], [15.896816, 50.2419494], [15.8963326, 50.2419901], [15.8958658, 50.241768], [15.8955765, 50.2415353], [15.8950433, 50.2418566], [15.8947567, 50.2420348], [15.8944216, 50.2422668], [15.8942236, 50.2423945], [15.8937784, 50.2427409], [15.8935405, 50.2429078], [15.8928479, 50.2433162], [15.8923269, 50.2436195], [15.8918879, 50.2438193], [15.8909452, 50.2442104], [15.8905443, 50.2442679], [15.8901023, 50.2443734], [15.8889732, 50.2447479], [15.8885564, 50.2448183], [15.8879617, 50.2449426], [15.8872646, 50.2450106], [15.8862744, 50.2452286], [15.8858228, 50.2446241], [15.8855592, 50.2443481], [15.8849446, 50.2436439], [15.8846408, 50.2433413], [15.8839282, 50.2432822], [15.8834964, 50.2432599], [15.8829592, 50.2433169], [15.8827706, 50.2434499], [15.8827691, 50.2441865], [15.8827319, 50.2443733], [15.8826287, 50.2445488], [15.8825961, 50.2450649], [15.882369, 50.2457186], [15.8821607, 50.2459335], [15.881844, 50.2459788], [15.8814082, 50.2460649], [15.8809237, 50.2460655], [15.8804892, 50.2461421], [15.8790873, 50.2463333], [15.87855, 50.2462958], [15.8769715, 50.2463455], [15.8768481, 50.2460408], [15.8767151, 50.2455591], [15.8761663, 50.2455759], [15.8755772, 50.2455238], [15.8748359, 50.2453535], [15.8740359, 50.245351], [15.8740019, 50.2456258], [15.8740692, 50.2459018], [15.8739855, 50.2460418], [15.8739696, 50.2461571], [15.8740752, 50.2464377], [15.8742269, 50.2467284], [15.8741963, 50.2467966], [15.8743333, 50.2468869], [15.8748576, 50.2470068], [15.8754283, 50.2471604], [15.8760994, 50.2477179], [15.8758109, 50.2478106], [15.875581, 50.2478257], [15.87507, 50.2479529], [15.8742564, 50.2481319], [15.8741463, 50.2481437], [15.8737126, 50.2480267], [15.8732702, 50.2478905], [15.8730931, 50.2477778], [15.8726515, 50.2476974], [15.8718401, 50.2473175], [15.8713658, 50.2471004], [15.8708318, 50.2468677], [15.8694506, 50.2461729], [15.8692675, 50.2460373], [15.8691015, 50.2459536], [15.8689805, 50.2458996], [15.8687683, 50.2457317], [15.868525, 50.2455061], [15.8683152, 50.2453244], [15.8679537, 50.2449924], [15.8677798, 50.2447998], [15.8677426, 50.2447396], [15.8676056, 50.2447848], [15.8674449, 50.2448309], [15.8672981, 50.2448943], [15.867221, 50.2449597], [15.8667608, 50.24563], [15.866568, 50.2458279], [15.8663563, 50.2459837], [15.8660228, 50.2461621], [15.8658033, 50.2462063], [15.8654077, 50.2464054], [15.8648036, 50.2467043], [15.8645133, 50.2469189], [15.864346, 50.2470088], [15.8641169, 50.2472286], [15.8640106, 50.2473524], [15.8635864, 50.2473593], [15.8632374, 50.2475351], [15.8628596, 50.2476426], [15.8683935, 50.2481217], [15.8684138, 50.2481703], [15.8685357, 50.2483313], [15.8686839, 50.2484624], [15.8706476, 50.2501576], [15.8708267, 50.2503469], [15.8709757, 50.2505425], [15.8712282, 50.2509993], [15.8707437, 50.2513275], [15.8696616, 50.2518864], [15.869559, 50.2519987], [15.8696889, 50.2523618], [15.8698005, 50.2525819], [15.8699126, 50.2529208], [15.8700512, 50.2532303], [15.8703103, 50.2532227], [15.8705666, 50.2531954], [15.8711018, 50.2531643], [15.8713622, 50.2531518], [15.8713775, 50.253194], [15.8716759, 50.2545703], [15.8717651, 50.2549481], [15.8719263, 50.2564686], [15.871989, 50.2567998], [15.8717931, 50.2568527], [15.8715565, 50.2569099], [15.8713385, 50.2569649], [15.8712119, 50.2570124], [15.8710757, 50.2570917], [15.8710214, 50.2571539], [15.870963, 50.2572617], [15.8707641, 50.2578447], [15.8707157, 50.2579396], [15.8706522, 50.2580076], [15.8704774, 50.2581117], [15.8703513, 50.2581801], [15.8702711, 50.2582477], [15.8701866, 50.2583422], [15.8700433, 50.2585677], [15.8699578, 50.2586495], [15.8698619, 50.2587134], [15.8697128, 50.2587572], [15.8695265, 50.2587824], [15.8690514, 50.2588297], [15.8689381, 50.2588451], [15.8687825, 50.258879], [15.8683719, 50.2590078], [15.8681877, 50.2590504], [15.867997, 50.2590646], [15.8677788, 50.2590628], [15.8675964, 50.2590584], [15.8674181, 50.2590632], [15.8673791, 50.2590352], [15.8672207, 50.2590489], [15.8670868, 50.2591322], [15.8663555, 50.2608295], [15.8657209, 50.2607666], [15.865685, 50.2607485], [15.8654135, 50.2608245], [15.8650795, 50.2609143], [15.864819, 50.2610176], [15.8646125, 50.2611247], [15.8644385, 50.2612405], [15.8643726, 50.2613178], [15.8638423, 50.2616296], [15.8637098, 50.2617315], [15.8636107, 50.261924], [15.8634845, 50.2622393], [15.8633866, 50.2623543], [15.8632579, 50.2624081], [15.863022, 50.2624827], [15.8625869, 50.2625682], [15.8601864, 50.2627234], [15.8600659, 50.2627731], [15.8597668, 50.2624182], [15.859566, 50.2622524], [15.8594067, 50.2621374], [15.8594803, 50.2622298], [15.8594245, 50.2622272], [15.8593881, 50.2622976], [15.8593492, 50.2625753], [15.8592742, 50.262752], [15.858833, 50.2634371], [15.8587055, 50.2636066], [15.858305, 50.2639519], [15.8582169, 50.2641138], [15.8580221, 50.2647672], [15.8579072, 50.2650308], [15.8576083, 50.2655363], [15.8575526, 50.2655248], [15.856339, 50.2653123], [15.8562802, 50.2653914], [15.8561575, 50.2655026], [15.855919, 50.2656598], [15.8556507, 50.2655619], [15.8550732, 50.2654002], [15.854859, 50.265371], [15.8545044, 50.2653753], [15.8543436, 50.2653638], [15.8526819, 50.2650615], [15.8511066, 50.2651813], [15.8500527, 50.2652384], [15.8482497, 50.2654444], [15.8481893, 50.2654464], [15.8479491, 50.2653343], [15.8476529, 50.265209], [15.8472631, 50.2652106], [15.8467693, 50.2647743], [15.8464168, 50.2645693], [15.8461227, 50.2644205], [15.8455584, 50.2642058], [15.8451697, 50.2640899], [15.8446124, 50.2639386], [15.8438964, 50.263805], [15.8435331, 50.2637929], [15.8431051, 50.2638016], [15.842879, 50.2637561], [15.8427279, 50.2637214], [15.8421759, 50.2639215], [15.8414273, 50.2642668], [15.8408334, 50.264493], [15.8379087, 50.2673626], [15.8375821, 50.2670999], [15.8372676, 50.2668229], [15.8360254, 50.2663919], [15.8351687, 50.266095], [15.8345227, 50.2659439], [15.8348083, 50.2648765], [15.8348639, 50.2645565], [15.8348551, 50.2644646], [15.8348499, 50.2643402], [15.8351703, 50.264029], [15.8352938, 50.2638652], [15.8355272, 50.2634343], [15.8354322, 50.2629688], [15.8351555, 50.2627279], [15.8346673, 50.2623931], [15.8345436, 50.2621189], [15.8343947, 50.2620726], [15.8342258, 50.2621098], [15.8341597, 50.262174], [15.8336793, 50.2622202], [15.833407, 50.2622157], [15.8332376, 50.2620978], [15.832916, 50.2619994], [15.8326872, 50.2618536], [15.8325592, 50.2616082], [15.8325622, 50.26124], [15.8326333, 50.2609151], [15.8326086, 50.2608027], [15.8320037, 50.2609359], [15.830737, 50.2612354], [15.8303359, 50.2602198], [15.8305875, 50.2601613], [15.8305913, 50.2598268], [15.8306948, 50.2593592], [15.8307122, 50.2592415], [15.8307072, 50.2591135], [15.8306633, 50.2585988], [15.8308163, 50.2580309], [15.8314528, 50.2584163], [15.8317173, 50.2585148], [15.8317133, 50.2586462], [15.8318383, 50.2587661], [15.8323559, 50.2590159], [15.832553, 50.2592003], [15.8327988, 50.2593627], [15.8329047, 50.259371], [15.8330772, 50.2591987], [15.8332401, 50.2592085], [15.8340916, 50.2587124], [15.834212, 50.2584983], [15.8341025, 50.2583073], [15.8341744, 50.2579938], [15.8344282, 50.2578756], [15.8347202, 50.2579315], [15.8348709, 50.2578432], [15.8350444, 50.2576944], [15.8349926, 50.2576691], [15.8349479, 50.2576512], [15.8313887, 50.2563183], [15.8312587, 50.2562624], [15.8324635, 50.2550829], [15.8331433, 50.2544201], [15.8341519, 50.2534231], [15.833835, 50.2533019], [15.8335429, 50.2532687], [15.8331496, 50.2530365], [15.8324109, 50.2527238], [15.8319591, 50.2523487], [15.8315967, 50.2519329], [15.8315141, 50.2518381], [15.8313904, 50.2514994], [15.8259363, 50.2512913], [15.8255387, 50.2513292], [15.8256652, 50.2501303], [15.8256588, 50.2495584], [15.8255345, 50.2488064], [15.8252416, 50.2480658], [15.8247883, 50.2473706], [15.8243456, 50.2469304], [15.8240339, 50.2470264], [15.8235757, 50.2475018], [15.8229705, 50.2479493], [15.8228971, 50.2480058], [15.8226763, 50.2480802], [15.8216876, 50.2482033], [15.8208506, 50.2482695], [15.8208381, 50.2482218], [15.8207846, 50.2479289], [15.82052, 50.2477289], [15.8195825, 50.2479175], [15.8187725, 50.2480735], [15.8187564, 50.24807], [15.818597, 50.2480068], [15.8185185, 50.2479872], [15.8184164, 50.2479849], [15.8183171, 50.2479918], [15.8181889, 50.2480216], [15.8180568, 50.2480716], [15.818001, 50.2481725], [15.8179151, 50.2483504], [15.8179155, 50.248608], [15.8179298, 50.2488341], [15.8177226, 50.249061], [15.817371, 50.2493489], [15.8172269, 50.2494478], [15.8170666, 50.2495791], [15.816988, 50.2495169], [15.8163459, 50.249523], [15.8158766, 50.2493282], [15.8149042, 50.2492941], [15.8144434, 50.2493087], [15.8143154, 50.2493232], [15.8142946, 50.2492769], [15.8141874, 50.249276], [15.8136414, 50.2492819], [15.8136048, 50.249294], [15.81356, 50.2493056], [15.8134581, 50.2493261], [15.8135069, 50.2494033], [15.8136876, 50.2497071], [15.8137277, 50.2498874], [15.8136828, 50.2503295], [15.8136753, 50.2504456], [15.8136782, 50.2506122], [15.8135785, 50.2506515], [15.8135545, 50.2506596], [15.8132369, 50.2507367], [15.8131912, 50.2507056], [15.8130114, 50.2507298], [15.8126832, 50.2507542], [15.8126204, 50.2507662], [15.8125536, 50.250782], [15.8124708, 50.250804], [15.8122795, 50.2508496], [15.8122356, 50.2508768], [15.812312, 50.250965], [15.8120495, 50.2510825], [15.8115195, 50.2512547], [15.8113573, 50.2513292], [15.8110911, 50.2513817], [15.8101828, 50.2515018], [15.809824, 50.2515218], [15.8094794, 50.2515777], [15.8091029, 50.2516336], [15.8086739, 50.251711], [15.8085674, 50.2517201], [15.8082683, 50.2519734], [15.8079436, 50.2520811], [15.8025422, 50.2526794], [15.8025303, 50.2526567], [15.799254, 50.2533072], [15.7989192, 50.2533647], [15.7988242, 50.2533778], [15.7973001, 50.2499955], [15.7972455, 50.2500018], [15.796865, 50.2501408], [15.7957341, 50.2503527], [15.7950737, 50.2504697], [15.7944277, 50.2505792], [15.7937694, 50.2506838], [15.7933407, 50.2507441], [15.792327, 50.2508725], [15.7920104, 50.2508872], [15.7918026, 50.2508618], [15.7917025, 50.250828], [15.7916742, 50.2508121], [15.791617, 50.2507259], [15.791539, 50.2505286], [15.7914393, 50.2499633], [15.79124, 50.2491559], [15.7908757, 50.2480166], [15.7908742, 50.2479143], [15.7909149, 50.2477808], [15.7908093, 50.2474065], [15.7907082, 50.246899], [15.7906142, 50.2467884], [15.7904148, 50.2465658], [15.7903611, 50.2464984], [15.790333, 50.246455], [15.7901519, 50.2462324], [15.7900615, 50.2461065], [15.7899088, 50.2459337], [15.7897235, 50.2457811], [15.7895505, 50.2457222], [15.7894826, 50.2456955], [15.7893711, 50.2457257], [15.7891358, 50.2456419], [15.7890331, 50.2455662], [15.7889954, 50.244527], [15.7891134, 50.2440672], [15.7891395, 50.2439524], [15.789111, 50.2438302], [15.7890038, 50.2436475], [15.7888597, 50.2436038], [15.7884817, 50.243905], [15.7884287, 50.2439556], [15.7883719, 50.244105], [15.7881896, 50.2443102], [15.7879864, 50.2442468], [15.7873631, 50.2440746], [15.7867626, 50.2438798], [15.7864605, 50.2438193], [15.785854, 50.2436216], [15.7856294, 50.2435289], [15.7848229, 50.2433002], [15.7846633, 50.2434595], [15.7845191, 50.2435604], [15.7843494, 50.2436497], [15.7837, 50.2438755], [15.7827185, 50.2441056], [15.7819273, 50.2442868], [15.7812794, 50.2443771], [15.7810286, 50.2443541], [15.7808391, 50.244158], [15.780759, 50.2440832], [15.7785802, 50.2421828], [15.7788196, 50.2419027], [15.7802027, 50.2406312], [15.780277, 50.2405467], [15.7802396, 50.2405257], [15.7808748, 50.2399069], [15.7808568, 50.239892], [15.780826, 50.2398718], [15.7817025, 50.2387725], [15.78097, 50.2383844], [15.7800925, 50.2378882], [15.7802194, 50.2377659], [15.7804828, 50.2374902], [15.7806907, 50.2372794], [15.7808414, 50.2371881], [15.7811388, 50.2369905], [15.7816764, 50.2366928], [15.7821798, 50.2364199], [15.7820494, 50.2363724], [15.7815544, 50.2362208], [15.7800224, 50.2357628], [15.7803009, 50.2352494], [15.7800198, 50.2352023], [15.7798317, 50.2351823], [15.7792177, 50.2351389], [15.7786354, 50.235103], [15.7779388, 50.2350628], [15.7769349, 50.234999], [15.7764441, 50.234963], [15.7764395, 50.2348155], [15.7757377, 50.2348453], [15.7752852, 50.2348791], [15.774974, 50.2349066], [15.7741725, 50.2349707], [15.7740253, 50.2344092], [15.7738259, 50.2335746], [15.7735939, 50.2326377], [15.7734636, 50.2322385], [15.7734422, 50.2321942], [15.7732875, 50.2322305], [15.7725303, 50.2323817], [15.7723792, 50.2324185], [15.7723228, 50.2324408], [15.7718967, 50.2325251], [15.771406, 50.2326262], [15.7711483, 50.2326704], [15.7706706, 50.2327451], [15.7700919, 50.2328466], [15.7697053, 50.2329115], [15.7692525, 50.2329897], [15.7688822, 50.2330589], [15.7683517, 50.2331722], [15.7678198, 50.233274], [15.7675278, 50.2333328], [15.7669638, 50.2334316], [15.7659305, 50.2336208], [15.7655152, 50.2337], [15.7652381, 50.2337558], [15.7648249, 50.2338542], [15.7644231, 50.233953], [15.7639131, 50.2340851], [15.7632271, 50.234253], [15.7624188, 50.2344553], [15.7618555, 50.2345902], [15.7611334, 50.2347425], [15.7601165, 50.2349514], [15.7599475, 50.2349831], [15.7596615, 50.2350398], [15.7587107, 50.2352209], [15.7584881, 50.2352657], [15.7582716, 50.2353183], [15.7581152, 50.2353484], [15.7574256, 50.2355277], [15.7564977, 50.235808], [15.7562917, 50.2358752], [15.7558511, 50.2359928], [15.755125, 50.2361804], [15.7536469, 50.2364833], [15.7530827, 50.2366117], [15.752978, 50.2364808], [15.7529052, 50.2364121], [15.7525844, 50.2361658], [15.7522679, 50.2358537], [15.7520544, 50.2356228], [15.7518606, 50.2353994], [15.751592, 50.2350773], [15.7512578, 50.2346116], [15.7511124, 50.2343228], [15.7508522, 50.233746], [15.7507557, 50.2335475], [15.750676, 50.2333965], [15.7503642, 50.2327893], [15.7500502, 50.2321378], [15.749769, 50.2314429], [15.7496183, 50.2310958], [15.7494701, 50.2307421], [15.7493734, 50.2305339], [15.7492736, 50.2303379], [15.7491249, 50.2300596], [15.7487652, 50.2294121], [15.7484047, 50.2287922], [15.7480755, 50.2282674], [15.7479789, 50.2280557], [15.7475753, 50.2273428], [15.7473753, 50.2269722], [15.7467677, 50.2257647]]]}}, {"type": "Feature", "properties": {"name": "\u00dast\u00ed nad Labem"}, "geometry": {"type": "Polygon", "coordinates": [[[13.9415599, 50.648824], [13.9435967, 50.6485875], [13.9447241, 50.6484573], [13.9447115, 50.6484029], [13.9453912, 50.6476723], [13.945742, 50.6472962], [13.9455567, 50.6468477], [13.9451715, 50.6469038], [13.9451069, 50.6466336], [13.9450396, 50.6464675], [13.944866, 50.6461926], [13.9450067, 50.6461656], [13.9454825, 50.6461072], [13.9455488, 50.6460955], [13.946414, 50.6459091], [13.9466325, 50.6458666], [13.9469628, 50.6458071], [13.9471867, 50.6457538], [13.9474189, 50.6456684], [13.947639, 50.6455673], [13.9478878, 50.6454198], [13.9482213, 50.6452648], [13.9481516, 50.6451425], [13.9481448, 50.6451278], [13.948387, 50.6451376], [13.9484074, 50.6449882], [13.9488048, 50.6448671], [13.9489939, 50.6448718], [13.9491562, 50.6448324], [13.9492615, 50.644872], [13.9497315, 50.6448031], [13.9498757, 50.6447876], [13.9500839, 50.6447798], [13.9503897, 50.6447187], [13.9506193, 50.6447186], [13.9507536, 50.6446706], [13.9508273, 50.6446867], [13.9510185, 50.6445917], [13.9510431, 50.6445764], [13.9508984, 50.6444184], [13.950757, 50.6442695], [13.9507302, 50.6440568], [13.9506974, 50.6439183], [13.9506555, 50.6438061], [13.9505778, 50.6436833], [13.9505008, 50.6436712], [13.9501012, 50.6434271], [13.9494187, 50.6435973], [13.9491967, 50.6431944], [13.9489568, 50.6427569], [13.9486336, 50.6425698], [13.9483385, 50.6426605], [13.9479803, 50.6427782], [13.9481173, 50.6429748], [13.94834, 50.6432971], [13.9484036, 50.6434231], [13.9484997, 50.6436247], [13.9485417, 50.6437296], [13.9485496, 50.6437569], [13.948306, 50.643813], [13.9480025, 50.6438304], [13.9475871, 50.6438497], [13.9474071, 50.6438513], [13.9471114, 50.6438512], [13.9465164, 50.6438547], [13.9459902, 50.6438545], [13.9458696, 50.6436548], [13.9455738, 50.643095], [13.9457828, 50.6428604], [13.9461525, 50.6424355], [13.9464326, 50.6422085], [13.9466358, 50.6419969], [13.9468035, 50.6416771], [13.9467841, 50.6415578], [13.9467442, 50.6413537], [13.9467275, 50.6412517], [13.9465774, 50.6406301], [13.9471931, 50.6405953], [13.9474291, 50.640572], [13.9478803, 50.6404926], [13.9483664, 50.6404123], [13.9489141, 50.6403197], [13.9491916, 50.6402701], [13.9497285, 50.6401804], [13.9500888, 50.6401443], [13.9506102, 50.6401078], [13.9511577, 50.6400807], [13.9516482, 50.6400591], [13.9519916, 50.6400444], [13.9523017, 50.6400142], [13.9523426, 50.6397451], [13.9523547, 50.6396262], [13.9525057, 50.6394146], [13.9524617, 50.6393325], [13.9523469, 50.6392947], [13.9523136, 50.639209], [13.9522209, 50.6391783], [13.9522009, 50.6391228], [13.9521692, 50.6390543], [13.9521128, 50.6390113], [13.9519718, 50.6389822], [13.9516096, 50.6389403], [13.9514996, 50.6389462], [13.9510537, 50.6388805], [13.9510936, 50.6387506], [13.9511302, 50.638657], [13.9512284, 50.6384519], [13.9513363, 50.6383095], [13.9515146, 50.6380506], [13.951219, 50.6379513], [13.9512286, 50.637933], [13.9512721, 50.637839], [13.9513935, 50.6375823], [13.9515089, 50.6373904], [13.951634, 50.6372758], [13.9519468, 50.636997], [13.9523386, 50.6366454], [13.9525335, 50.6364821], [13.9527114, 50.6363479], [13.9529451, 50.636161], [13.9532156, 50.6359656], [13.9533669, 50.6358593], [13.9535206, 50.6357494], [13.9537573, 50.6355853], [13.9541943, 50.6352853], [13.9544206, 50.6351656], [13.9546152, 50.6350754], [13.954948, 50.6349379], [13.9551673, 50.6348399], [13.955389, 50.6347417], [13.9558587, 50.6345392], [13.9558462, 50.6343548], [13.9562707, 50.6340827], [13.956175, 50.633938], [13.9562687, 50.6335217], [13.9563172, 50.6335135], [13.9563362, 50.6332921], [13.9562399, 50.6331692], [13.9560052, 50.6328236], [13.956148, 50.6322993], [13.9566639, 50.6324705], [13.9570745, 50.6326056], [13.9572603, 50.6325797], [13.9574893, 50.6326744], [13.9577008, 50.6326965], [13.9579457, 50.6328872], [13.9581986, 50.6331555], [13.9582631, 50.6333925], [13.9583852, 50.633672], [13.9585801, 50.6338456], [13.958837, 50.6339236], [13.9589113, 50.6340139], [13.9592095, 50.6341941], [13.959535, 50.6341529], [13.9597716, 50.6340778], [13.9601082, 50.6339428], [13.9601549, 50.6343744], [13.9602356, 50.6344974], [13.9602318, 50.6346816], [13.960245, 50.6346946], [13.9600263, 50.6347965], [13.9598952, 50.6348463], [13.9597518, 50.6349002], [13.9595155, 50.6349919], [13.9595309, 50.6350021], [13.9598226, 50.6351547], [13.9603076, 50.6353423], [13.9605868, 50.6353907], [13.9609197, 50.6354483], [13.9611673, 50.6354881], [13.961442, 50.6355237], [13.961855, 50.6354583], [13.9621333, 50.6354835], [13.9623707, 50.6355035], [13.962488, 50.635518], [13.9627742, 50.6354998], [13.9630544, 50.6355554], [13.9632072, 50.6355329], [13.9634335, 50.6355026], [13.9638319, 50.6354854], [13.9642887, 50.6355617], [13.9646872, 50.63559], [13.9650263, 50.6356469], [13.9652466, 50.6356907], [13.9654746, 50.6355907], [13.9663129, 50.6352352], [13.9665412, 50.635151], [13.9669442, 50.634998], [13.9673439, 50.6349342], [13.9678049, 50.6348889], [13.9681212, 50.634849], [13.9686277, 50.63479], [13.9687876, 50.634627], [13.9689395, 50.6345267], [13.9690671, 50.6345387], [13.9692875, 50.6346868], [13.9695254, 50.6348632], [13.9696107, 50.6349431], [13.9697078, 50.6350322], [13.9699271, 50.6351601], [13.9702572, 50.6352762], [13.9704354, 50.6353371], [13.9707312, 50.6354025], [13.9714987, 50.6356292], [13.9715544, 50.635855], [13.9715772, 50.6359669], [13.9716632, 50.6363156], [13.9717116, 50.6365268], [13.9717775, 50.636723], [13.971824, 50.636863], [13.9718327, 50.6369509], [13.9718346, 50.6371314], [13.9718179, 50.6374232], [13.9723563, 50.6374133], [13.9729335, 50.6374035], [13.9734399, 50.6373933], [13.9739968, 50.6373825], [13.9745015, 50.637369], [13.9750357, 50.6373564], [13.9755914, 50.6373462], [13.9761417, 50.6373357], [13.9767397, 50.6373255], [13.9769156, 50.6374604], [13.977181, 50.6376764], [13.9772863, 50.6377507], [13.97742, 50.6378437], [13.9775279, 50.6379162], [13.9777389, 50.6379796], [13.9779471, 50.6377823], [13.9781014, 50.637685], [13.9783443, 50.6375947], [13.9784539, 50.6375234], [13.9787417, 50.6373285], [13.9787826, 50.6372442], [13.9787074, 50.6371952], [13.9789823, 50.6367518], [13.9795056, 50.6365379], [13.9800207, 50.6364122], [13.9808118, 50.6364824], [13.9812164, 50.6362502], [13.9813856, 50.6362748], [13.9819881, 50.6363443], [13.9820664, 50.6361858], [13.9822394, 50.6361463], [13.9826231, 50.6361879], [13.9825914, 50.6363993], [13.9826264, 50.6364067], [13.9825596, 50.6370546], [13.9822407, 50.638198], [13.9823815, 50.6384688], [13.9815476, 50.638574], [13.9816633, 50.6399238], [13.9816911, 50.6399433], [13.9818689, 50.6400157], [13.9824334, 50.6401305], [13.9828312, 50.6403946], [13.9832196, 50.6411765], [13.9827424, 50.6414567], [13.9827926, 50.6415127], [13.9827603, 50.6415533], [13.9822956, 50.6417846], [13.9811573, 50.6423036], [13.9809874, 50.6424264], [13.9806742, 50.642847], [13.9802649, 50.6433805], [13.9802017, 50.643456], [13.9800327, 50.6435974], [13.9799441, 50.6436869], [13.9798945, 50.6437714], [13.9798459, 50.6439013], [13.979834, 50.6439553], [13.979735, 50.6442495], [13.9796888, 50.6445363], [13.9797911, 50.6449244], [13.9798363, 50.6450057], [13.9798836, 50.645024], [13.9800133, 50.6450096], [13.9800659, 50.6451243], [13.9799227, 50.6451796], [13.9798958, 50.6454268], [13.9799058, 50.645453], [13.9801918, 50.6457076], [13.980041, 50.6457625], [13.9796368, 50.6454196], [13.9795122, 50.6453525], [13.97906, 50.6453935], [13.9789437, 50.6454828], [13.9788998, 50.6455087], [13.9788607, 50.6455353], [13.9788121, 50.6455857], [13.9787522, 50.645638], [13.97862, 50.6456912], [13.9785921, 50.6456864], [13.9785019, 50.6456759], [13.977856, 50.6455894], [13.977795, 50.6455434], [13.977679, 50.6453828], [13.9776313, 50.645306], [13.9776112, 50.6452314], [13.9774224, 50.6452043], [13.977345, 50.6453441], [13.9769654, 50.6454356], [13.9765737, 50.6453343], [13.9766403, 50.6454554], [13.9765873, 50.6456261], [13.9764343, 50.6457193], [13.9759382, 50.6458658], [13.9758434, 50.6458863], [13.9755057, 50.6459788], [13.9753378, 50.6460291], [13.975177, 50.6460701], [13.9747495, 50.6460469], [13.9746961, 50.6460596], [13.9746328, 50.646181], [13.9745796, 50.6462213], [13.9744355, 50.6462874], [13.9743783, 50.6462904], [13.9740164, 50.6462825], [13.9737354, 50.6462679], [13.9736591, 50.6462475], [13.9731234, 50.6463674], [13.973046, 50.6464715], [13.9730466, 50.6464854], [13.972973, 50.6464513], [13.9729276, 50.6464418], [13.97281, 50.6464396], [13.9728429, 50.646637], [13.9728581, 50.6467281], [13.972323, 50.646769], [13.9723313, 50.6468118], [13.9723196, 50.6470211], [13.9718729, 50.6470879], [13.9711362, 50.6472032], [13.9706507, 50.6472751], [13.9702464, 50.6473317], [13.9699086, 50.6473743], [13.9699276, 50.6476865], [13.9699474, 50.6483476], [13.9690967, 50.6486258], [13.9694814, 50.6485629], [13.9699271, 50.6484654], [13.9703085, 50.6483764], [13.9737854, 50.6475783], [13.9771371, 50.6468058], [13.9773184, 50.6467429], [13.9775943, 50.646612], [13.9779428, 50.6465066], [13.9789518, 50.6464579], [13.9791808, 50.6464469], [13.9794401, 50.646446], [13.9797111, 50.6464497], [13.980155, 50.6464727], [13.9802565, 50.646485], [13.9803722, 50.6464902], [13.9804529, 50.6464967], [13.9809251, 50.6465788], [13.9809058, 50.6466239], [13.9811317, 50.6466591], [13.9811258, 50.6466784], [13.9817531, 50.6467923], [13.98175, 50.6467996], [13.9817674, 50.6468025], [13.981762, 50.6468195], [13.981794, 50.6468236], [13.9817887, 50.6468401], [13.9819428, 50.6468701], [13.9823561, 50.6469621], [13.9824088, 50.6468539], [13.9866784, 50.6476379], [13.9872708, 50.6477377], [13.9870733, 50.6482778], [13.9865252, 50.6487365], [13.9866541, 50.6494853], [13.9866738, 50.6496979], [13.9867518, 50.6496951], [13.9875506, 50.6498606], [13.98844, 50.6499972], [13.9900849, 50.6499403], [13.9900931, 50.6497925], [13.9905821, 50.6498152], [13.9907695, 50.6489968], [13.991861, 50.6494203], [13.9920042, 50.6493433], [13.9923907, 50.6494798], [13.9934467, 50.6499524], [13.9938444, 50.6501196], [13.9944835, 50.6504272], [13.9949688, 50.6506289], [13.9954919, 50.6508494], [13.9962411, 50.6512272], [13.9965567, 50.6513912], [13.9971789, 50.6517106], [13.9971055, 50.6517467], [13.9984565, 50.6525138], [13.9985735, 50.6525554], [13.9987547, 50.6526249], [13.9989229, 50.6527024], [13.9990165, 50.6527713], [13.9991771, 50.6529254], [13.9992637, 50.652988], [13.9993211, 50.6530179], [14.0006857, 50.6535262], [14.0008967, 50.6535904], [14.0009968, 50.6536407], [14.0012747, 50.6533986], [14.0015098, 50.6531792], [14.0017102, 50.6530186], [14.0019035, 50.6527947], [14.0022062, 50.65269], [14.0030826, 50.652791], [14.0033149, 50.6527819], [14.0039131, 50.6526942], [14.0047724, 50.6525005], [14.0048773, 50.6521745], [14.0056167, 50.6516447], [14.0061201, 50.6517201], [14.0063472, 50.6512881], [14.0065565, 50.6509967], [14.0068629, 50.6507206], [14.0070886, 50.6503128], [14.0070576, 50.6499515], [14.0071814, 50.6496796], [14.0072038, 50.6490813], [14.0072425, 50.6490089], [14.0072815, 50.6488065], [14.007306, 50.6486287], [14.0076888, 50.6486563], [14.0086227, 50.6487498], [14.0091954, 50.6487911], [14.0095003, 50.6488262], [14.0096958, 50.6488566], [14.0100846, 50.6489044], [14.0101868, 50.64888], [14.0103342, 50.6486606], [14.0104171, 50.6486406], [14.01055, 50.648636], [14.0109118, 50.6488369], [14.0112637, 50.6490119], [14.0116519, 50.6492477], [14.0119466, 50.6494218], [14.0124571, 50.6496682], [14.0128341, 50.6498134], [14.0132206, 50.6499032], [14.0139971, 50.6501263], [14.0147406, 50.6502919], [14.0151054, 50.6499614], [14.015588, 50.6495159], [14.0160251, 50.6490504], [14.0161441, 50.6489533], [14.0167722, 50.6483708], [14.0169631, 50.6478623], [14.0164551, 50.647686], [14.0159715, 50.647528], [14.0156246, 50.6474113], [14.0154271, 50.6473366], [14.0152667, 50.6472965], [14.015247, 50.6472575], [14.0150495, 50.6472117], [14.0148672, 50.6471214], [14.0148314, 50.6471432], [14.0142317, 50.6469408], [14.0140121, 50.6468799], [14.0132255, 50.6467072], [14.012747, 50.6465979], [14.01254, 50.6465233], [14.0122737, 50.6463984], [14.0121869, 50.6463531], [14.0121377, 50.6463238], [14.0120064, 50.6462092], [14.0118801, 50.6460678], [14.0118086, 50.6459121], [14.0117861, 50.6457602], [14.0115873, 50.6455598], [14.0114168, 50.6453308], [14.0112936, 50.6451375], [14.0112102, 50.6450006], [14.0111879, 50.6446371], [14.0112714, 50.6444517], [14.0113703, 50.6441505], [14.0114012, 50.6441289], [14.0115737, 50.6441003], [14.0116484, 50.6440993], [14.0119152, 50.6441024], [14.0117194, 50.6435018], [14.0120644, 50.6434105], [14.0120414, 50.6433198], [14.011873, 50.6432677], [14.0117489, 50.6432323], [14.0116428, 50.6432157], [14.0115762, 50.6432174], [14.0115341, 50.643224], [14.0112168, 50.6432271], [14.0112136, 50.6432101], [14.0111523, 50.6431241], [14.011283, 50.6429132], [14.0116691, 50.6427314], [14.0118254, 50.6424852], [14.011973, 50.6423456], [14.0118733, 50.6420995], [14.0118607, 50.6418484], [14.0117004, 50.6415494], [14.0114632, 50.6412878], [14.0118622, 50.6408277], [14.0120206, 50.6406157], [14.0122442, 50.6405199], [14.0127388, 50.6402822], [14.0127054, 50.6401809], [14.0126176, 50.6400503], [14.0125028, 50.6399595], [14.012181, 50.6398323], [14.0118803, 50.6397659], [14.0116656, 50.6397009], [14.0115748, 50.6396486], [14.0111038, 50.6393461], [14.0110287, 50.6392999], [14.011301, 50.6392433], [14.011356, 50.6392338], [14.0121702, 50.6391826], [14.0131724, 50.6390822], [14.0136048, 50.6390603], [14.0136596, 50.6389284], [14.0137996, 50.6388472], [14.0142755, 50.6386309], [14.0145836, 50.6385193], [14.0147161, 50.6384672], [14.0148849, 50.6383535], [14.0150082, 50.6382993], [14.0150896, 50.6382392], [14.0151488, 50.6381456], [14.015307, 50.6380279], [14.0157472, 50.6378144], [14.0156992, 50.6377094], [14.0156508, 50.6376733], [14.0153902, 50.6375141], [14.0149952, 50.6374022], [14.0145383, 50.6373221], [14.0142658, 50.6372164], [14.0142192, 50.6371909], [14.0145043, 50.6370099], [14.013818, 50.6370397], [14.0133576, 50.636944], [14.0131384, 50.6368537], [14.0130026, 50.6367207], [14.0125824, 50.6364069], [14.0124336, 50.6362929], [14.0123071, 50.6362236], [14.0120966, 50.6361453], [14.0119433, 50.6361092], [14.0117762, 50.6360883], [14.011608, 50.6361025], [14.0114439, 50.636135], [14.0113957, 50.6361463], [14.0113824, 50.6359086], [14.0112912, 50.6357192], [14.0113358, 50.6356068], [14.0117063, 50.6351187], [14.0119097, 50.6349914], [14.0123731, 50.6348857], [14.0126136, 50.6348763], [14.012931, 50.6349249], [14.0132579, 50.6349053], [14.0135029, 50.634822], [14.0136907, 50.6347087], [14.0138909, 50.6344681], [14.0140635, 50.6343859], [14.0144878, 50.6338306], [14.0146524, 50.6334163], [14.014653, 50.6330196], [14.0145611, 50.632645], [14.0143322, 50.6322091], [14.0139887, 50.6319953], [14.0137568, 50.6317521], [14.0136695, 50.6315338], [14.0136803, 50.6313104], [14.0139474, 50.6308335], [14.0144405, 50.6307178], [14.0148655, 50.630587], [14.0145362, 50.629759], [14.014652, 50.6297154], [14.0154034, 50.629567], [14.0158275, 50.6294807], [14.0163287, 50.6294474], [14.0165644, 50.6294249], [14.017088, 50.629405], [14.0177794, 50.6294455], [14.0178788, 50.6294365], [14.0183692, 50.6293864], [14.0188108, 50.6295738], [14.0198167, 50.6295054], [14.0199924, 50.6288934], [14.0200056, 50.6288363], [14.0200113, 50.6284826], [14.0201097, 50.6280894], [14.0202015, 50.6276541], [14.020194, 50.6273345], [14.020184, 50.6272044], [14.0199928, 50.6265423], [14.0205147, 50.6266487], [14.0208085, 50.6264894], [14.0211818, 50.6263619], [14.0217544, 50.6261733], [14.0219752, 50.6261448], [14.0223839, 50.6261267], [14.0235446, 50.6261437], [14.0236854, 50.6262466], [14.0238387, 50.62637], [14.0241226, 50.6266572], [14.0246113, 50.62695], [14.0250595, 50.6269465], [14.025658, 50.6270538], [14.0260439, 50.6267987], [14.0263959, 50.6265011], [14.0268826, 50.6266115], [14.0272455, 50.6266904], [14.0275616, 50.6267657], [14.0278319, 50.6268437], [14.0279551, 50.6266682], [14.0283947, 50.6267983], [14.0286522, 50.6269031], [14.0286939, 50.6269321], [14.0287919, 50.6271336], [14.0290111, 50.6276562], [14.028966, 50.6279965], [14.0289833, 50.628179], [14.0289975, 50.6283969], [14.0288736, 50.6289193], [14.0286918, 50.6292009], [14.0288642, 50.6293014], [14.0292092, 50.6293331], [14.029584, 50.6294529], [14.0296896, 50.6294912], [14.0303941, 50.6297296], [14.0304852, 50.6297652], [14.0309013, 50.6299095], [14.0309646, 50.6299369], [14.0314099, 50.63016], [14.0312852, 50.630537], [14.0312942, 50.6310846], [14.0314218, 50.6313532], [14.0315072, 50.632109], [14.0315522, 50.6323498], [14.0316578, 50.6325218], [14.0327741, 50.632422], [14.0326979, 50.6321663], [14.0331974, 50.6320496], [14.0330799, 50.631848], [14.0333448, 50.6317622], [14.0335682, 50.6317302], [14.03425, 50.6317079], [14.0346014, 50.6317089], [14.0348461, 50.6316564], [14.0353969, 50.6314214], [14.0356169, 50.6313303], [14.0356189, 50.631216], [14.0354217, 50.6311331], [14.0355538, 50.6306873], [14.0365622, 50.6306987], [14.0366391, 50.6306845], [14.036675, 50.6306738], [14.0370982, 50.6305805], [14.0374773, 50.6305811], [14.0378228, 50.6306275], [14.0380371, 50.6307398], [14.0379004, 50.6308777], [14.0378838, 50.6309515], [14.0379792, 50.6310444], [14.0383179, 50.6312973], [14.0386263, 50.6311435], [14.039112, 50.6309344], [14.039607, 50.6308758], [14.0398502, 50.6309381], [14.0401164, 50.6310007], [14.0406534, 50.6311704], [14.0407275, 50.631108], [14.0409374, 50.6309006], [14.0410732, 50.6306989], [14.0408186, 50.6298996], [14.0407194, 50.6297944], [14.0407012, 50.6297706], [14.0408969, 50.6296284], [14.0412019, 50.6295735], [14.0415331, 50.6296205], [14.041883, 50.6296602], [14.0419913, 50.6296078], [14.0421258, 50.6295359], [14.0420167, 50.6292326], [14.0425228, 50.6291322], [14.0426476, 50.6291449], [14.0428409, 50.6291093], [14.0429647, 50.6290692], [14.0431004, 50.6290134], [14.0432815, 50.6289011], [14.0435048, 50.6288017], [14.0437006, 50.6285859], [14.0436618, 50.6285259], [14.0432158, 50.6282467], [14.0431768, 50.6280191], [14.0430756, 50.6278078], [14.043071, 50.6276825], [14.0429184, 50.6273606], [14.042925, 50.627253], [14.04291, 50.627052], [14.0429337, 50.6268361], [14.0428815, 50.626715], [14.0428792, 50.6265652], [14.0428166, 50.6263754], [14.0429923, 50.6261464], [14.0430861, 50.6258462], [14.043214, 50.6256757], [14.0435949, 50.6254961], [14.0437631, 50.6255615], [14.0439404, 50.6256085], [14.0441913, 50.6256337], [14.0443879, 50.6255778], [14.0447293, 50.6254221], [14.04514, 50.6253397], [14.0455897, 50.6249457], [14.0458009, 50.6248001], [14.0460465, 50.6246771], [14.0461835, 50.6244911], [14.0464371, 50.6242179], [14.0468321, 50.6239684], [14.0470735, 50.6238683], [14.0468747, 50.6236264], [14.0467225, 50.6235724], [14.0469073, 50.6233007], [14.0470609, 50.6226964], [14.0470422, 50.6226025], [14.0469929, 50.6225172], [14.0469615, 50.6224296], [14.0470416, 50.6223216], [14.0474116, 50.6222136], [14.0477103, 50.6221691], [14.048102, 50.6220525], [14.0485471, 50.6220108], [14.0488028, 50.6220358], [14.048985, 50.6219606], [14.0492602, 50.6214834], [14.049309, 50.6211846], [14.0498432, 50.620993], [14.0504062, 50.6209106], [14.0504189, 50.6206446], [14.0504842, 50.6203893], [14.0509018, 50.6200401], [14.0511829, 50.6199671], [14.0514058, 50.6198789], [14.0514646, 50.6198753], [14.0515955, 50.6197739], [14.0518337, 50.6196454], [14.0520989, 50.6195614], [14.0522861, 50.6194598], [14.0525277, 50.6194212], [14.053143, 50.619797], [14.0536127, 50.6199667], [14.0539631, 50.6199363], [14.0542326, 50.6199292], [14.0544064, 50.6199322], [14.0547766, 50.6198515], [14.0548573, 50.619793], [14.0551344, 50.6198412], [14.0552278, 50.6198127], [14.0555244, 50.6197744], [14.0557329, 50.6198505], [14.0560657, 50.6197725], [14.0563282, 50.6197533], [14.0565393, 50.6197524], [14.0566574, 50.6198185], [14.0568507, 50.6198635], [14.0569674, 50.6198236], [14.0570977, 50.6198029], [14.0574005, 50.619761], [14.057621, 50.6197981], [14.0578485, 50.6199301], [14.0581846, 50.6197548], [14.0583222, 50.6197547], [14.0587387, 50.6197432], [14.0590358, 50.6196882], [14.0594293, 50.6196837], [14.060156, 50.6193292], [14.0605419, 50.6193844], [14.0608028, 50.6195165], [14.0608905, 50.6195765], [14.0608992, 50.6196735], [14.0613241, 50.619692], [14.0612979, 50.619486], [14.0612035, 50.618534], [14.0606884, 50.6181554], [14.0606118, 50.6179278], [14.0605613, 50.6176744], [14.0603512, 50.6170658], [14.0602798, 50.6166218], [14.0605618, 50.6166442], [14.0612986, 50.6165135], [14.0621024, 50.6167042], [14.0628228, 50.6167528], [14.0630189, 50.6168083], [14.0638848, 50.6169014], [14.0641592, 50.6169105], [14.0649668, 50.6168756], [14.0652394, 50.616946], [14.0656233, 50.6171722], [14.0659556, 50.6173172], [14.066344, 50.6174657], [14.0666291, 50.6175336], [14.066832, 50.6176], [14.0670296, 50.6176692], [14.0673646, 50.6178502], [14.0676773, 50.6177524], [14.0678348, 50.6177547], [14.0676773, 50.6175916], [14.0675948, 50.617485], [14.0673358, 50.6173503], [14.0672863, 50.6173185], [14.0671464, 50.6171867], [14.0670042, 50.6171139], [14.0664018, 50.6169232], [14.0660306, 50.6168803], [14.0653274, 50.6165163], [14.0651436, 50.616477], [14.0650552, 50.616381], [14.06493, 50.6163146], [14.0642711, 50.6159997], [14.0642012, 50.6159323], [14.0640857, 50.6157858], [14.0643038, 50.6154781], [14.0645635, 50.6152792], [14.0646826, 50.6151449], [14.065564, 50.6150525], [14.0658166, 50.6150185], [14.0663658, 50.6150602], [14.0666398, 50.6150745], [14.067164, 50.6150543], [14.0674063, 50.6150634], [14.0676052, 50.6150777], [14.0682218, 50.6150135], [14.0687269, 50.6150033], [14.0691668, 50.6149944], [14.069566, 50.6149579], [14.0699978, 50.6148041], [14.0700973, 50.614786], [14.0708288, 50.6149139], [14.071785, 50.6148132], [14.0724276, 50.6147106], [14.0730814, 50.6147097], [14.0732739, 50.6147852], [14.0733988, 50.6149071], [14.0734067, 50.6149381], [14.0735232, 50.6150325], [14.0735348, 50.6151902], [14.073571, 50.6153508], [14.0736095, 50.6154082], [14.0736301, 50.6156995], [14.0736305, 50.6157285], [14.0735499, 50.6158168], [14.0733027, 50.6161697], [14.0730912, 50.6163604], [14.0732067, 50.6164037], [14.0732406, 50.6165206], [14.0731978, 50.6167205], [14.0731202, 50.6167988], [14.0731347, 50.6170071], [14.0731863, 50.6171138], [14.0733669, 50.6171663], [14.0736372, 50.6171287], [14.0737479, 50.6171873], [14.0737506, 50.6172582], [14.0737307, 50.6173465], [14.0735359, 50.6177085], [14.0734528, 50.6179634], [14.0734126, 50.6180627], [14.0734136, 50.6180661], [14.0736377, 50.6181889], [14.0736471, 50.6181909], [14.0737815, 50.6181837], [14.0737907, 50.6181857], [14.0739898, 50.6182726], [14.0739988, 50.6182751], [14.0739796, 50.6183043], [14.0740641, 50.6183333], [14.0752206, 50.6186189], [14.0758102, 50.6178462], [14.0762752, 50.6170177], [14.0764123, 50.6165001], [14.076415, 50.6162452], [14.0763263, 50.6153301], [14.0762184, 50.6144685], [14.0759781, 50.6130477], [14.075501, 50.6109587], [14.0750042, 50.6089737], [14.0738293, 50.6074328], [14.0734439, 50.6066428], [14.0729336, 50.6048899], [14.0729143, 50.6033952], [14.0723045, 50.6021517], [14.070072, 50.5986766], [14.068696, 50.5972775], [14.0663837, 50.5961518], [14.0645577, 50.5957047], [14.0630519, 50.5955502], [14.0599175, 50.5952347], [14.0572476, 50.5953598], [14.0531169, 50.595627], [14.0510408, 50.5957228], [14.0484978, 50.595753], [14.0467069, 50.5957487], [14.0454409, 50.5956517], [14.0444494, 50.5954548], [14.0417413, 50.5945489], [14.0384531, 50.5933587], [14.0343306, 50.5913973], [14.0334723, 50.5908558], [14.0322734, 50.5897129], [14.0314506, 50.5885149], [14.0311843, 50.5878311], [14.0311629, 50.5871162], [14.0311264, 50.5864907], [14.0313544, 50.5860618], [14.0325569, 50.5843474], [14.0341666, 50.5829082], [14.0347265, 50.5822198], [14.0350704, 50.5814048], [14.0360542, 50.581854], [14.0364753, 50.5815395], [14.0368414, 50.5813009], [14.0373414, 50.58097], [14.0374693, 50.5810398], [14.0380385, 50.5809909], [14.0389569, 50.5806812], [14.0395237, 50.5805554], [14.0402211, 50.5812907], [14.0403515, 50.5814892], [14.0400863, 50.5816502], [14.0401031, 50.5818602], [14.0402726, 50.582262], [14.0413067, 50.5828782], [14.0415967, 50.5830818], [14.0419137, 50.5833726], [14.041962, 50.583368], [14.0420495, 50.5835792], [14.0422184, 50.5836983], [14.0423644, 50.5839318], [14.0425491, 50.5841718], [14.0427251, 50.5843241], [14.0429397, 50.5844244], [14.0431555, 50.5844953], [14.0435155, 50.5845196], [14.0442263, 50.5845291], [14.0443892, 50.5844934], [14.0446084, 50.5844742], [14.0447637, 50.5844527], [14.0451308, 50.5844115], [14.0456907, 50.5843222], [14.0459179, 50.5843042], [14.0461041, 50.5843172], [14.0465418, 50.5844018], [14.0466839, 50.5844007], [14.047399, 50.5843358], [14.0475047, 50.5843498], [14.0477031, 50.584457], [14.0477672, 50.5845845], [14.0478524, 50.5848306], [14.0478887, 50.584947], [14.048172, 50.5853144], [14.0482978, 50.5854291], [14.0484872, 50.5855266], [14.0488361, 50.5856169], [14.0489726, 50.5856629], [14.0490643, 50.5857258], [14.0491649, 50.5858326], [14.0491948, 50.5858687], [14.0493883, 50.5861757], [14.0493793, 50.58645], [14.0491366, 50.587029], [14.0490742, 50.5871368], [14.049022, 50.5872237], [14.048999, 50.5874272], [14.048835, 50.587792], [14.0490906, 50.5880288], [14.0492013, 50.5880154], [14.0503646, 50.5883318], [14.0516125, 50.5876121], [14.0523718, 50.5873522], [14.0527814, 50.5872628], [14.0533177, 50.5872399], [14.0537582, 50.5872825], [14.0541684, 50.5873643], [14.0545224, 50.5874788], [14.054886, 50.5876962], [14.0550101, 50.5877756], [14.0555195, 50.5880372], [14.0560525, 50.5879588], [14.0571895, 50.5880485], [14.0573127, 50.5879354], [14.0576483, 50.5877106], [14.058821, 50.5867717], [14.0593043, 50.5863078], [14.0594431, 50.5860497], [14.0591822, 50.5860072], [14.0593636, 50.5857245], [14.0593276, 50.5856329], [14.0590559, 50.5856245], [14.0590586, 50.5853397], [14.0605365, 50.5852126], [14.0606002, 50.5847476], [14.0605077, 50.5846345], [14.0604561, 50.5844765], [14.0603882, 50.5843871], [14.060221, 50.5842282], [14.0602204, 50.5840817], [14.0602732, 50.5839348], [14.0602281, 50.5837712], [14.0601749, 50.583505], [14.0601212, 50.5833571], [14.0599176, 50.5830069], [14.0597843, 50.5828078], [14.0597129, 50.582633], [14.0595952, 50.5823933], [14.0593903, 50.5820141], [14.0592697, 50.5816448], [14.0596013, 50.5817487], [14.0599322, 50.5818818], [14.0602878, 50.5820332], [14.060475, 50.582093], [14.0609662, 50.5822153], [14.0613205, 50.5823287], [14.0618477, 50.582513], [14.0622961, 50.5826024], [14.0626847, 50.5826625], [14.0628807, 50.5827179], [14.0630187, 50.5828024], [14.0630983, 50.5828693], [14.0633097, 50.5831168], [14.0634398, 50.5832327], [14.0636757, 50.583345], [14.064203, 50.5835472], [14.0649416, 50.5837585], [14.0653953, 50.5838545], [14.0660511, 50.5839822], [14.0663956, 50.5840326], [14.0666068, 50.5840372], [14.0668293, 50.5840234], [14.0670608, 50.5839682], [14.0674172, 50.5839689], [14.0677473, 50.5838916], [14.0679212, 50.5838556], [14.0683887, 50.5837815], [14.0685968, 50.5836771], [14.0686119, 50.5837022], [14.0687655, 50.5836611], [14.0689077, 50.5835958], [14.0689991, 50.583514], [14.0690548, 50.5833245], [14.0691364, 50.5831057], [14.0689749, 50.5826248], [14.0689586, 50.5824477], [14.0690384, 50.5820764], [14.0690799, 50.5817701], [14.069256, 50.5816052], [14.0695994, 50.5813815], [14.0699774, 50.5812637], [14.0702232, 50.581205], [14.070482, 50.5811354], [14.0707484, 50.5811626], [14.0710111, 50.5812256], [14.071402, 50.5812619], [14.0718754, 50.5813898], [14.0722834, 50.5814667], [14.0727444, 50.5815285], [14.0733045, 50.5817069], [14.0739911, 50.5816556], [14.0744059, 50.5815991], [14.0750369, 50.5814836], [14.0753009, 50.5814424], [14.0754833, 50.5813602], [14.0756273, 50.5812813], [14.075755, 50.581181], [14.0758495, 50.5810837], [14.0760984, 50.5808135], [14.0761542, 50.5808276], [14.0762036, 50.5807785], [14.0762315, 50.5809006], [14.0763095, 50.5814361], [14.0764391, 50.5818149], [14.0765976, 50.5820762], [14.0768178, 50.5823075], [14.0770985, 50.5825857], [14.0772291, 50.5827311], [14.0773183, 50.5828843], [14.0774301, 50.5831063], [14.0775819, 50.5833143], [14.0776874, 50.5834826], [14.0777942, 50.5836596], [14.0780042, 50.5839775], [14.0782215, 50.5842101], [14.0784626, 50.5843851], [14.0785235, 50.5844803], [14.078633, 50.5845832], [14.0788462, 50.5847604], [14.0789786, 50.5848923], [14.0791759, 50.584993], [14.0793799, 50.5850763], [14.0798665, 50.5852536], [14.0800655, 50.5853201], [14.0801977, 50.5851435], [14.0803032, 50.5850509], [14.080426, 50.5849954], [14.0807685, 50.5847826], [14.0810318, 50.5845809], [14.0813072, 50.5843331], [14.0816591, 50.584062], [14.0818979, 50.5839142], [14.0821714, 50.5837528], [14.0822347, 50.5837097], [14.0822884, 50.5837309], [14.0832722, 50.5839809], [14.0834453, 50.5840587], [14.0834144, 50.5840888], [14.0839296, 50.5843888], [14.0841494, 50.5845092], [14.0845301, 50.5846306], [14.0847876, 50.584709], [14.0852431, 50.5848437], [14.0858543, 50.5849878], [14.0860411, 50.5850518], [14.0861597, 50.5851002], [14.0862853, 50.5850501], [14.0865102, 50.5849326], [14.0868624, 50.5849337], [14.0870458, 50.5849158], [14.0874744, 50.5849113], [14.0878933, 50.5849177], [14.0883484, 50.5849439], [14.0885638, 50.5849222], [14.0890353, 50.5848243], [14.0891664, 50.5848307], [14.0893706, 50.5848835], [14.08962, 50.5849755], [14.0897851, 50.5849907], [14.0899238, 50.5849514], [14.0901518, 50.5848467], [14.0903171, 50.58479], [14.0906106, 50.5846744], [14.0909928, 50.5845357], [14.0911494, 50.584491], [14.091335, 50.5844467], [14.0913544, 50.5844645], [14.0915125, 50.5850784], [14.0915836, 50.585142], [14.0902777, 50.5859135], [14.0902721, 50.5860483], [14.0902894, 50.5860667], [14.0899831, 50.5862453], [14.0898033, 50.5863472], [14.089589, 50.5864768], [14.0893425, 50.5866557], [14.0890899, 50.5869374], [14.0890095, 50.5870905], [14.0889114, 50.5873415], [14.0888323, 50.5876255], [14.0889055, 50.5879347], [14.0889164, 50.5881959], [14.0889147, 50.588479], [14.088919, 50.5888429], [14.0891014, 50.5894629], [14.089194, 50.5895655], [14.0893886, 50.5897033], [14.0895864, 50.5897759], [14.0898707, 50.5898199], [14.0902124, 50.5898447], [14.0906237, 50.5898772], [14.0910429, 50.5898668], [14.0913016, 50.5898414], [14.0920301, 50.5897337], [14.0923791, 50.5896908], [14.0926702, 50.589672], [14.0934525, 50.5897049], [14.09391, 50.5897865], [14.0944317, 50.5899108], [14.0946077, 50.5899765], [14.0950967, 50.5901978], [14.0953843, 50.5904426], [14.0956901, 50.5906877], [14.0959243, 50.5908974], [14.096365, 50.5913701], [14.0965559, 50.5915703], [14.0966787, 50.5916922], [14.0968432, 50.5918264], [14.0972742, 50.5920202], [14.0976864, 50.5921147], [14.0981502, 50.5922329], [14.0986748, 50.5923964], [14.0991794, 50.5925438], [14.0997562, 50.5927211], [14.0999359, 50.5927596], [14.1001834, 50.5928543], [14.1003121, 50.592911], [14.1005768, 50.5929547], [14.1006955, 50.5929502], [14.1011539, 50.5929044], [14.1018907, 50.5928456], [14.102363, 50.5927862], [14.1028636, 50.5926887], [14.1033296, 50.5925588], [14.1040194, 50.5923532], [14.1042707, 50.592231], [14.1044851, 50.5921063], [14.1047418, 50.5919038], [14.1049322, 50.5916925], [14.1051211, 50.5914724], [14.1053605, 50.5916039], [14.1057599, 50.5917294], [14.1055514, 50.5922237], [14.1053357, 50.5928631], [14.1056782, 50.5930526], [14.1055179, 50.5932752], [14.1055731, 50.5934357], [14.105666, 50.5935431], [14.1058263, 50.5936958], [14.1059515, 50.5941252], [14.1060163, 50.5942924], [14.1060308, 50.594587], [14.1061268, 50.5947751], [14.1061035, 50.5949379], [14.1062111, 50.5953659], [14.1064475, 50.5957561], [14.1068121, 50.5960031], [14.1069005, 50.596406], [14.1071959, 50.5967616], [14.1074251, 50.5969575], [14.1074762, 50.59723], [14.1075288, 50.59723], [14.1075416, 50.5975278], [14.1076072, 50.597672], [14.1073636, 50.5977525], [14.1072457, 50.5981174], [14.1070567, 50.5986073], [14.1067742, 50.5990053], [14.106861, 50.5993651], [14.1068305, 50.5997333], [14.1068451, 50.5999009], [14.1068953, 50.6001137], [14.1066931, 50.6003145], [14.1062822, 50.6001305], [14.1058618, 50.6000839], [14.1058008, 50.6000547], [14.1061771, 50.5999251], [14.1059164, 50.5995707], [14.105775, 50.5994238], [14.1055141, 50.5994528], [14.1052122, 50.5993596], [14.1049701, 50.5992376], [14.1049055, 50.5991763], [14.1046464, 50.5990819], [14.1044586, 50.5988445], [14.104426, 50.598714], [14.1044417, 50.5986257], [14.1042287, 50.5985095], [14.104042, 50.5984391], [14.1040048, 50.5985872], [14.1040629, 50.5988097], [14.1039185, 50.5990679], [14.1039316, 50.5993816], [14.1039862, 50.5994891], [14.1042899, 50.5997824], [14.1041889, 50.5999258], [14.1043399, 50.6001409], [14.1044549, 50.6002642], [14.1048351, 50.6002925], [14.1050938, 50.6003884], [14.1053894, 50.6005816], [14.1056274, 50.6007917], [14.1050332, 50.6011012], [14.1047006, 50.600899], [14.1043622, 50.6007217], [14.1037462, 50.6009922], [14.1032355, 50.600644], [14.1027658, 50.6006566], [14.1023546, 50.600782], [14.1024348, 50.6010401], [14.1030424, 50.6014017], [14.1030364, 50.6014329], [14.1028323, 50.6016834], [14.1037908, 50.6021147], [14.1036254, 50.6022947], [14.1039152, 50.6025566], [14.1039532, 50.602629], [14.1039834, 50.6029629], [14.1038904, 50.6030346], [14.1038884, 50.6032382], [14.1036368, 50.6033962], [14.1035839, 50.6035599], [14.1035218, 50.60421], [14.1036133, 50.6044711], [14.1038664, 50.6046952], [14.1043556, 50.6050786], [14.1042273, 50.6051408], [14.1048996, 50.6055446], [14.1042428, 50.6058896], [14.1041503, 50.6059503], [14.1042426, 50.6062211], [14.1044863, 50.6064382], [14.1047706, 50.6066163], [14.1048382, 50.6066957], [14.1050667, 50.6066257], [14.1051672, 50.6065621], [14.1055074, 50.6069817], [14.1055782, 50.6072337], [14.1054555, 50.6075948], [14.1054118, 50.6083449], [14.1056993, 50.6083903], [14.105826, 50.6086047], [14.106131, 50.6086489], [14.1065351, 50.6085253], [14.1067058, 50.6083937], [14.1069379, 50.6083411], [14.1071703, 50.6083194], [14.1078788, 50.6080647], [14.1078976, 50.6081405], [14.1082435, 50.6082734], [14.1078379, 50.6086359], [14.1077202, 50.60867], [14.1072242, 50.608821], [14.1068229, 50.6088877], [14.1065632, 50.609112], [14.1050443, 50.6094318], [14.1049091, 50.6091062], [14.1041912, 50.6091662], [14.1039319, 50.6092809], [14.1036168, 50.6092473], [14.1035814, 50.6092501], [14.1029104, 50.6093026], [14.1023692, 50.6093119], [14.1018792, 50.6092102], [14.1016361, 50.6091543], [14.1013692, 50.6091878], [14.1009848, 50.6092791], [14.1006151, 50.6092496], [14.1003599, 50.6091999], [14.1001894, 50.6091862], [14.0999134, 50.6091352], [14.0996133, 50.6092068], [14.099333, 50.6093216], [14.0990077, 50.6092616], [14.0988365, 50.6092828], [14.0986878, 50.6092235], [14.0985733, 50.6092473], [14.0979891, 50.6092721], [14.0977888, 50.6093501], [14.0976204, 50.6093636], [14.0969357, 50.6094998], [14.0965595, 50.6094619], [14.0963747, 50.6093708], [14.0962487, 50.6093217], [14.0960056, 50.6092915], [14.0957655, 50.6092178], [14.0952297, 50.6090904], [14.0948459, 50.6087378], [14.094791, 50.6086924], [14.0943833, 50.6084891], [14.0940277, 50.6083759], [14.0937644, 50.6082372], [14.0932026, 50.6079861], [14.0931439, 50.6079933], [14.0926536, 50.607775], [14.0926651, 50.6076561], [14.0924452, 50.6074865], [14.0921611, 50.6074933], [14.0918633, 50.6073155], [14.0915805, 50.6072167], [14.0911329, 50.607034], [14.0909189, 50.6071976], [14.0903604, 50.6082272], [14.0898798, 50.6081179], [14.0891348, 50.6091534], [14.089159, 50.6093541], [14.0895487, 50.6100445], [14.089625, 50.6102016], [14.089773, 50.6104452], [14.0900898, 50.6108146], [14.089844, 50.6108392], [14.0896011, 50.6110118], [14.0893647, 50.611077], [14.0893283, 50.6111978], [14.0895931, 50.6114084], [14.0905127, 50.6120341], [14.0906969, 50.6122918], [14.0909557, 50.6125855], [14.0910958, 50.612786], [14.0913093, 50.6130163], [14.0915759, 50.6132794], [14.0910413, 50.613431], [14.0906995, 50.6137033], [14.0905499, 50.6140465], [14.0904916, 50.6141995], [14.0907687, 50.614434], [14.0909389, 50.6145611], [14.0911329, 50.6146464], [14.0912098, 50.6147722], [14.0913966, 50.6149202], [14.091265, 50.6152635], [14.091335, 50.6154117], [14.0916156, 50.6155734], [14.0918162, 50.6157073], [14.0919226, 50.6157729], [14.0921369, 50.6158874], [14.0926712, 50.6159876], [14.0932678, 50.6163201], [14.0936071, 50.6163361], [14.094014, 50.6163681], [14.0937073, 50.6161076], [14.0933354, 50.615755], [14.0933277, 50.6155829], [14.09323, 50.6153219], [14.0931696, 50.6150642], [14.0931436, 50.6149207], [14.0930186, 50.6147166], [14.0935403, 50.614529], [14.0945735, 50.6141622], [14.0946167, 50.6142201], [14.0949656, 50.6146204], [14.0952263, 50.6149458], [14.0952382, 50.6153096], [14.0948832, 50.6158549], [14.0949321, 50.6161679], [14.0949308, 50.6161821], [14.0951416, 50.6165414], [14.0950278, 50.6168127], [14.0950832, 50.617171], [14.0957305, 50.6172375], [14.096729, 50.6172161], [14.0972869, 50.6173006], [14.0973876, 50.6171552], [14.0975823, 50.6168954], [14.0978566, 50.6167099], [14.098089, 50.6165406], [14.0982127, 50.6164105], [14.0982784, 50.6163567], [14.0987263, 50.6160813], [14.0991277, 50.6159723], [14.0993664, 50.6159306], [14.099764, 50.6157471], [14.0999608, 50.6155642], [14.1002911, 50.6153922], [14.1010925, 50.6151445], [14.1015898, 50.615068], [14.1019031, 50.614951], [14.1020721, 50.6148543], [14.1024018, 50.61481], [14.1032656, 50.6148276], [14.1034558, 50.614999], [14.1036121, 50.615155], [14.103705, 50.6152892], [14.1039812, 50.6155041], [14.1047956, 50.6156474], [14.1050572, 50.6156579], [14.1054058, 50.6156809], [14.105783, 50.6156997], [14.1061635, 50.6157754], [14.1064394, 50.6158372], [14.106606, 50.6158766], [14.1073267, 50.6160305], [14.1075385, 50.6160566], [14.1077269, 50.6161697], [14.1081065, 50.6163221], [14.1075997, 50.6168427], [14.1071228, 50.6175324], [14.1066501, 50.6175126], [14.1062388, 50.6175981], [14.1057234, 50.6176394], [14.1052396, 50.6176664], [14.1049665, 50.6176669], [14.1043681, 50.6177335], [14.1038867, 50.6178051], [14.1030782, 50.6180582], [14.1027943, 50.6181606], [14.1023489, 50.618545], [14.1020166, 50.6188484], [14.1016779, 50.6190186], [14.1014951, 50.6190734], [14.1013236, 50.6192759], [14.1011477, 50.6194481], [14.1010215, 50.6195814], [14.1007896, 50.6197826], [14.100618, 50.6198755], [14.1004464, 50.619931], [14.1002779, 50.6199976], [14.0998015, 50.6200897], [14.099371, 50.6202549], [14.0992505, 50.6203029], [14.0990605, 50.6204033], [14.0990143, 50.6204727], [14.0989773, 50.6204411], [14.0987845, 50.620577], [14.0984369, 50.6207437], [14.0981231, 50.6208986], [14.0976052, 50.6211866], [14.0970504, 50.6214851], [14.096535, 50.621634], [14.0958906, 50.6218554], [14.09568, 50.621973], [14.0954648, 50.6220213], [14.0952361, 50.622035], [14.0950788, 50.6220464], [14.0949147, 50.6220795], [14.0945174, 50.6221724], [14.0947349, 50.6222521], [14.0948198, 50.6223441], [14.0951089, 50.6225132], [14.0952954, 50.622657], [14.0953783, 50.6226802], [14.0954801, 50.6226966], [14.0955581, 50.6227287], [14.0958853, 50.6229133], [14.0962532, 50.6232162], [14.0964606, 50.623558], [14.096606, 50.6237021], [14.0968153, 50.6238331], [14.0970135, 50.623869], [14.0971302, 50.6238505], [14.0979697, 50.6240497], [14.098435, 50.6240861], [14.0986301, 50.6240776], [14.0999164, 50.6242765], [14.1001634, 50.6242873], [14.1004014, 50.624239], [14.1005524, 50.6243601], [14.1008957, 50.624321], [14.10181, 50.6241502], [14.1019502, 50.6242077], [14.1020491, 50.6242034], [14.102231, 50.6243055], [14.1023522, 50.6243386], [14.1023955, 50.6244004], [14.1028088, 50.6245075], [14.1033862, 50.6247564], [14.1035648, 50.6249381], [14.103676, 50.6249904], [14.1038646, 50.6249895], [14.1039868, 50.6250109], [14.1044599, 50.6250447], [14.1048134, 50.6249867], [14.1051632, 50.6250107], [14.105527, 50.6249709], [14.1057462, 50.6249647], [14.1058948, 50.6249935], [14.1062664, 50.6248462], [14.1065728, 50.624532], [14.1072128, 50.6243604], [14.1079756, 50.6241028], [14.1087752, 50.6238305], [14.1091507, 50.623934], [14.1093442, 50.6239618], [14.109671, 50.6240503], [14.1099913, 50.6241608], [14.1102952, 50.6242589], [14.1104689, 50.6243282], [14.1105768, 50.6243803], [14.1108154, 50.6245369], [14.1108574, 50.6247371], [14.110904, 50.6252595], [14.1108893, 50.6255125], [14.110383, 50.6254737], [14.1100254, 50.6255075], [14.1096592, 50.6256026], [14.109581, 50.6257073], [14.1095171, 50.625987], [14.1095441, 50.6262114], [14.1096983, 50.6266142], [14.1097943, 50.6268236], [14.1097771, 50.6270314], [14.1097481, 50.6272865], [14.1097162, 50.6274782], [14.109785, 50.6276641], [14.1098667, 50.6278387], [14.1099363, 50.6280101], [14.1099735, 50.6282631], [14.1099727, 50.6284403], [14.1100638, 50.6286231], [14.1100615, 50.6288167], [14.1095415, 50.6294794], [14.1093827, 50.6296416], [14.1090447, 50.6298363], [14.1087904, 50.6300279], [14.1086663, 50.6302114], [14.1085918, 50.6305361], [14.1084856, 50.6308426], [14.1083192, 50.6309915], [14.1081541, 50.6311568], [14.1078762, 50.6314689], [14.1076398, 50.6318669], [14.1075097, 50.6320213], [14.1072164, 50.6323214], [14.1066195, 50.6325715], [14.106209, 50.6328095], [14.1058433, 50.6330941], [14.1056634, 50.6332496], [14.1059493, 50.6336095], [14.1067387, 50.633863], [14.1068036, 50.6341603], [14.1069305, 50.6345451], [14.1069178, 50.6349293], [14.106922, 50.6351001], [14.1072313, 50.6353732], [14.1073068, 50.635546], [14.1073602, 50.6356687], [14.106966, 50.6359766], [14.1065954, 50.636365], [14.1064841, 50.6367554], [14.1064731, 50.6368127], [14.1061257, 50.6370705], [14.1057442, 50.6371429], [14.1056367, 50.6373954], [14.1053649, 50.6376412], [14.1049835, 50.6378784], [14.1047996, 50.6382085], [14.1045127, 50.6385249], [14.1035129, 50.6386874], [14.1030152, 50.6389082], [14.1029359, 50.6392076], [14.1028593, 50.6394793], [14.1025238, 50.6398009], [14.1023153, 50.640158], [14.1019045, 50.6407374], [14.1016258, 50.6411081], [14.101574, 50.6411362], [14.1017593, 50.6412758], [14.1019135, 50.641455], [14.1026039, 50.6417334], [14.1038427, 50.6421716], [14.1042514, 50.642263], [14.1047081, 50.642331], [14.1051451, 50.6423532], [14.1055582, 50.6424122], [14.1059286, 50.6425442], [14.1058151, 50.6429761], [14.1057793, 50.6430501], [14.1055167, 50.6440669], [14.1055073, 50.6441378], [14.1052073, 50.644148], [14.1050851, 50.6442954], [14.1045791, 50.644627], [14.1042075, 50.6446316], [14.1037463, 50.644654], [14.1032444, 50.6447431], [14.1028747, 50.6448514], [14.1024417, 50.645038], [14.1024298, 50.6450914], [14.1017355, 50.6452303], [14.1015785, 50.6453287], [14.101241, 50.6457057], [14.101171, 50.6461991], [14.1008497, 50.6468433], [14.1008138, 50.6468377], [14.1007612, 50.6470239], [14.1008182, 50.6472293], [14.1007927, 50.6473932], [14.1006622, 50.6475615], [14.1000532, 50.6479302], [14.1000933, 50.6480011], [14.0999606, 50.6479775], [14.0993026, 50.6480419], [14.0992019, 50.6482569], [14.0990882, 50.6483919], [14.0987858, 50.6485808], [14.0986447, 50.6487173], [14.0986359, 50.6488056], [14.0989306, 50.6488193], [14.0998396, 50.6488093], [14.1007166, 50.6488356], [14.1008129, 50.6486748], [14.1014485, 50.6487524], [14.102089, 50.6487957], [14.1024975, 50.6488413], [14.1024355, 50.6489273], [14.1027538, 50.6490264], [14.1030642, 50.6490056], [14.1033562, 50.6489882], [14.1035471, 50.6489242], [14.1036614, 50.6488972], [14.1042751, 50.6487587], [14.1046006, 50.6485936], [14.1049976, 50.6484595], [14.1055719, 50.6486575], [14.1055353, 50.6490035], [14.1057775, 50.6497779], [14.1058039, 50.6499082], [14.1057211, 50.6505048], [14.1058084, 50.6506631], [14.1059411, 50.6508252], [14.1060348, 50.6510523], [14.1058591, 50.6517711], [14.1059462, 50.6521249], [14.1059845, 50.6521658], [14.1064639, 50.6524586], [14.1065419, 50.6526122], [14.1067973, 50.6524049], [14.1071721, 50.6521926], [14.1076386, 50.6517379], [14.1079381, 50.6515158], [14.1083359, 50.6509115], [14.1084283, 50.6506838], [14.1084321, 50.6505795], [14.108751, 50.6506464], [14.109252, 50.6505989], [14.1097181, 50.6505998], [14.1098263, 50.6505272], [14.1105771, 50.6504521], [14.1107957, 50.6503792], [14.1108747, 50.6503436], [14.110677, 50.6506991], [14.1106887, 50.6508021], [14.1113483, 50.6508345], [14.1112751, 50.6509527], [14.1109549, 50.6513024], [14.111008, 50.6513179], [14.1112805, 50.6514132], [14.1115484, 50.6514483], [14.1118185, 50.6514329], [14.1118006, 50.6518423], [14.1121042, 50.6533548], [14.1122901, 50.6535243], [14.1126357, 50.6537256], [14.113499, 50.654135], [14.1139339, 50.6543786], [14.1145492, 50.6548199], [14.1145569, 50.6548766], [14.1145603, 50.6549408], [14.1138982, 50.6553622], [14.1138788, 50.6553901], [14.1139144, 50.6554686], [14.1140271, 50.6555404], [14.1146992, 50.6555037], [14.1152571, 50.6555557], [14.1153644, 50.6556366], [14.1153798, 50.6556286], [14.1161418, 50.6553391], [14.1168772, 50.6548157], [14.1170834, 50.654872], [14.1174809, 50.6547012], [14.1176462, 50.6547078], [14.1179913, 50.6547766], [14.1178537, 50.6548595], [14.118111, 50.6548915], [14.1184167, 50.6547571], [14.1185904, 50.654716], [14.1188783, 50.6546509], [14.1191349, 50.6545429], [14.1191815, 50.6545119], [14.1195639, 50.6542881], [14.1200024, 50.654187], [14.120392, 50.6544105], [14.1204377, 50.6544351], [14.1225027, 50.6536257], [14.1224156, 50.6538619], [14.122711, 50.6537715], [14.122806, 50.6537448], [14.1234724, 50.6533881], [14.1236533, 50.6533698], [14.1239302, 50.6532793], [14.124523, 50.6530114], [14.1246463, 50.6529616], [14.1250361, 50.6528126], [14.1254981, 50.6532964], [14.1257174, 50.6535305], [14.1259528, 50.6537337], [14.1268392, 50.6540674], [14.1251296, 50.6548911], [14.1250862, 50.6548974], [14.1237294, 50.6554578], [14.1234197, 50.6555418], [14.1231464, 50.6555772], [14.1229734, 50.6555934], [14.1228286, 50.6556101], [14.1226663, 50.6556242], [14.1226112, 50.6557253], [14.1228067, 50.6561865], [14.1229182, 50.6563077], [14.1228182, 50.6565251], [14.1227503, 50.6565991], [14.1225436, 50.6565255], [14.1223604, 50.6564772], [14.1221795, 50.6566635], [14.1220332, 50.6567541], [14.1217908, 50.6568244], [14.121605, 50.6568116], [14.1212444, 50.6567258], [14.1210432, 50.6567263], [14.1206178, 50.6566818], [14.1204556, 50.656643], [14.1202126, 50.6566295], [14.1197892, 50.6565966], [14.1195387, 50.6565279], [14.1192759, 50.6566237], [14.1185288, 50.6567339], [14.1180699, 50.656902], [14.1182997, 50.6569741], [14.1183076, 50.6570878], [14.1183805, 50.6572395], [14.1185967, 50.6572948], [14.1187773, 50.6572408], [14.1188607, 50.6572408], [14.1190582, 50.6574231], [14.1191757, 50.6574631], [14.1192459, 50.6575357], [14.1193457, 50.6575601], [14.11956, 50.6575073], [14.1196907, 50.6575498], [14.1197798, 50.6575517], [14.120073, 50.6574875], [14.1204511, 50.6574998], [14.1206843, 50.6573868], [14.1212056, 50.6574467], [14.1213642, 50.6574798], [14.1219107, 50.6575463], [14.1218502, 50.6576314], [14.1220982, 50.657733], [14.1222687, 50.6579763], [14.1221616, 50.6581538], [14.1218629, 50.6583273], [14.1217849, 50.6584338], [14.1218374, 50.6586513], [14.1219428, 50.6588384], [14.1219878, 50.6589868], [14.1219741, 50.6591172], [14.1218096, 50.6593369], [14.1218076, 50.6593921], [14.1216493, 50.6595997], [14.1215658, 50.6596938], [14.1214616, 50.6598215], [14.1217061, 50.6598557], [14.1217347, 50.6598728], [14.1229868, 50.6592894], [14.1236022, 50.6588872], [14.1236929, 50.6588749], [14.1242236, 50.658882], [14.1247291, 50.6589302], [14.125034, 50.6590066], [14.1259784, 50.6596757], [14.1260376, 50.6597593], [14.1260999, 50.6598238], [14.1262751, 50.6600288], [14.1267458, 50.6601788], [14.1270013, 50.6605762], [14.1270697, 50.6609318], [14.1268, 50.6609753], [14.1267612, 50.6613532], [14.1266841, 50.661639], [14.1266776, 50.6619352], [14.1266823, 50.6622232], [14.126772, 50.6631861], [14.1260777, 50.6634587], [14.1260285, 50.6638342], [14.1260402, 50.6641389], [14.1255415, 50.6640912], [14.1250705, 50.6640196], [14.1243912, 50.6638948], [14.1242806, 50.6641833], [14.1244919, 50.6642479], [14.1247231, 50.6643124], [14.1248297, 50.66437], [14.1248376, 50.6644607], [14.1247151, 50.6645253], [14.1245641, 50.6645481], [14.124478, 50.6645513], [14.1244599, 50.664589], [14.1244064, 50.6646708], [14.124524, 50.6647104], [14.1243686, 50.6652628], [14.1241788, 50.6657676], [14.1241836, 50.6658292], [14.1246884, 50.66652], [14.1246611, 50.666533], [14.1239181, 50.666834], [14.1231063, 50.666369], [14.1230743, 50.6663476], [14.1226672, 50.6661698], [14.1219362, 50.6661142], [14.1209361, 50.6663657], [14.1208632, 50.6662535], [14.1196277, 50.6658851], [14.1191883, 50.6656901], [14.1187508, 50.6652273], [14.1184262, 50.664957], [14.1184681, 50.6649486], [14.1181222, 50.6646619], [14.1175207, 50.6643608], [14.1170213, 50.6638993], [14.1169877, 50.6639171], [14.1167938, 50.6636725], [14.1145225, 50.6640896], [14.1143836, 50.6641464], [14.1140125, 50.6642811], [14.1139081, 50.6643763], [14.1136063, 50.6645199], [14.1138069, 50.6645583], [14.1142605, 50.6647605], [14.1144241, 50.6649065], [14.114641, 50.6650408], [14.1148802, 50.6652731], [14.1151803, 50.6654481], [14.1153126, 50.6654821], [14.1148146, 50.6659065], [14.1143355, 50.6662086], [14.1140724, 50.6665054], [14.1137025, 50.6668302], [14.1135244, 50.6669901], [14.113221, 50.6672478], [14.1131844, 50.6672783], [14.1130968, 50.6673353], [14.1128926, 50.6675024], [14.1124565, 50.667894], [14.111799, 50.6685761], [14.1135432, 50.6692343], [14.1143392, 50.6696106], [14.1152641, 50.6701587], [14.1159242, 50.6706856], [14.1165817, 50.6714762], [14.1173476, 50.6726304], [14.1186299, 50.6745029], [14.1192743, 50.6753565], [14.1201024, 50.6759528], [14.1207609, 50.6763415], [14.1211687, 50.676518], [14.1216648, 50.6766751], [14.1221519, 50.6767894], [14.1233018, 50.6769401], [14.1244279, 50.6770144], [14.1258447, 50.6769343], [14.127588, 50.6765949], [14.1293861, 50.6759806], [14.1311889, 50.6750493], [14.1320388, 50.6755696], [14.1323327, 50.6757326], [14.1323439, 50.6757272], [14.1324269, 50.6757684], [14.1327757, 50.6757228], [14.1329338, 50.6757643], [14.136599, 50.6769143], [14.1368684, 50.6770802], [14.13717, 50.6772832], [14.1372934, 50.6774514], [14.1374198, 50.6774843], [14.1375684, 50.6777307], [14.1378485, 50.6780481], [14.1381281, 50.6780659], [14.1385092, 50.6780124], [14.1388065, 50.6779299], [14.1390095, 50.6778327], [14.1395393, 50.6782477], [14.1397098, 50.6785619], [14.1397245, 50.6785946], [14.1398904, 50.6788559], [14.1403692, 50.6788243], [14.1408147, 50.6789611], [14.1408609, 50.6790744], [14.1409434, 50.679197], [14.1409736, 50.6792276], [14.1410086, 50.6793368], [14.1410385, 50.6794977], [14.1410494, 50.6797973], [14.1409987, 50.6799387], [14.1406245, 50.6799884], [14.1404446, 50.6800043], [14.1404166, 50.680217], [14.1401207, 50.6806453], [14.1399133, 50.6806627], [14.1395912, 50.6806341], [14.1393267, 50.6805785], [14.1391199, 50.6805493], [14.1388591, 50.6805779], [14.1385726, 50.6804738], [14.1382975, 50.6804773], [14.13806, 50.6804855], [14.1378034, 50.6804904], [14.1375961, 50.6805498], [14.137389, 50.6806532], [14.1371934, 50.6806481], [14.1369869, 50.6806542], [14.1367122, 50.6806894], [14.1364147, 50.6806014], [14.1361797, 50.6805245], [14.1359329, 50.680405], [14.1356912, 50.6802997], [14.1355404, 50.6802665], [14.1354245, 50.6802964], [14.1352112, 50.6804048], [14.135127, 50.680532], [14.1350726, 50.6806416], [14.1350428, 50.6807214], [14.1349897, 50.6808894], [14.1347636, 50.6810163], [14.1344766, 50.6811156], [14.1344587, 50.6811957], [14.1344559, 50.6813308], [14.134208, 50.6815016], [14.1339737, 50.6816711], [14.1341086, 50.6817837], [14.1342193, 50.6819071], [14.1342481, 50.6820035], [14.1342946, 50.6820589], [14.1342312, 50.6821328], [14.1341397, 50.682353], [14.1335219, 50.6830497], [14.1335286, 50.6831058], [14.1337248, 50.6833016], [14.1337115, 50.6835607], [14.1336853, 50.683804], [14.133739, 50.6841569], [14.1337221, 50.6842817], [14.133612, 50.6844815], [14.133446, 50.6846514], [14.1329424, 50.6846537], [14.1325017, 50.6846315], [14.1323965, 50.684611], [14.1322744, 50.684612], [14.1321377, 50.6846606], [14.1320107, 50.6846589], [14.131878, 50.684672], [14.131781, 50.6846371], [14.1312508, 50.6846487], [14.1308574, 50.6846846], [14.1308742, 50.684946], [14.1309006, 50.6852706], [14.130914, 50.6854065], [14.1306558, 50.6854821], [14.1303767, 50.6855284], [14.1300063, 50.6855731], [14.1299262, 50.6856009], [14.1297866, 50.6857471], [14.1296684, 50.6859366], [14.129117, 50.6864091], [14.1291079, 50.6864309], [14.1288214, 50.6868439], [14.1288318, 50.6869811], [14.1289093, 50.6871107], [14.1289887, 50.6872835], [14.1290466, 50.6873935], [14.1290412, 50.6874794], [14.1291129, 50.6876312], [14.1291249, 50.6880356], [14.1291158, 50.6881095], [14.1288504, 50.6884929], [14.1285447, 50.6886496], [14.1280282, 50.6889221], [14.1275911, 50.6890055], [14.1270794, 50.6890756], [14.1267182, 50.689102], [14.1264541, 50.6890621], [14.1262393, 50.6890562], [14.1259914, 50.689061], [14.1258742, 50.6890328], [14.1257298, 50.6889766], [14.1255797, 50.6888329], [14.1255225, 50.6887175], [14.1254695, 50.6885752], [14.1254278, 50.6884192], [14.1251894, 50.6883758], [14.1240057, 50.6883294], [14.1235068, 50.6882571], [14.123394, 50.6882547], [14.1227755, 50.6882769], [14.1225478, 50.688328], [14.1224006, 50.6883313], [14.1222639, 50.6883194], [14.1219273, 50.6882859], [14.1215699, 50.6881948], [14.1212795, 50.6880382], [14.121061, 50.6879766], [14.1208809, 50.6879465], [14.1206248, 50.6879503], [14.1203305, 50.6879338], [14.1200688, 50.6879726], [14.119729, 50.687953], [14.1195457, 50.6881186], [14.1193179, 50.6882103], [14.1190084, 50.6881939], [14.11857, 50.6880042], [14.1180337, 50.6879409], [14.1179073, 50.6879906], [14.1179571, 50.6879293], [14.1179393, 50.6875081], [14.1179609, 50.687423], [14.1177305, 50.687335], [14.1175363, 50.6872721], [14.1173619, 50.6872536], [14.1173171, 50.6876468], [14.1166187, 50.6876546], [14.116234, 50.6876901], [14.1159813, 50.6874544], [14.1154776, 50.6876585], [14.1155536, 50.6878384], [14.1155655, 50.6879472], [14.1155406, 50.6880458], [14.1153163, 50.6880451], [14.1148649, 50.688002], [14.1143779, 50.6879099], [14.1138883, 50.6878418], [14.1136276, 50.6878127], [14.1135237, 50.6878142], [14.1134839, 50.6876977], [14.1135991, 50.687543], [14.1135394, 50.6874363], [14.1136579, 50.6874076], [14.1136558, 50.6871978], [14.1130421, 50.6872694], [14.1128531, 50.6873416], [14.1115812, 50.6862172], [14.1112741, 50.6861332], [14.1111344, 50.6861085], [14.1109621, 50.6860595], [14.1106717, 50.6859812], [14.1100399, 50.6858312], [14.1094714, 50.6857118], [14.1091764, 50.6857003], [14.1088893, 50.6857012], [14.1087696, 50.6858538], [14.1085226, 50.6861345], [14.1081718, 50.6864329], [14.1080502, 50.6864502], [14.1079455, 50.6866116], [14.1077806, 50.6867935], [14.1076819, 50.6868117], [14.1074066, 50.6867822], [14.1073246, 50.6870101], [14.1071782, 50.6873428], [14.1070947, 50.6874102], [14.1070005, 50.6875032], [14.1067085, 50.6878557], [14.1064019, 50.6882205], [14.1069476, 50.6882636], [14.1069424, 50.6883125], [14.1069245, 50.6884211], [14.1068342, 50.688862], [14.1066971, 50.6893263], [14.1064586, 50.6893867], [14.1062481, 50.6898925], [14.1053438, 50.6901465], [14.1049812, 50.6902146], [14.1044713, 50.690429], [14.1040452, 50.6907382], [14.1039004, 50.6909355], [14.1038711, 50.691085], [14.1037772, 50.691618], [14.1035945, 50.6915532], [14.1035899, 50.6913873], [14.1033598, 50.6914661], [14.1030674, 50.6914799], [14.1027431, 50.691453], [14.1022105, 50.6915982], [14.1021558, 50.6916113], [14.1019263, 50.6914014], [14.1016188, 50.6912095], [14.1013053, 50.6907698], [14.1010375, 50.6904373], [14.1005974, 50.6901628], [14.1004181, 50.6900218], [14.1002332, 50.6898188], [14.1001817, 50.6898171], [14.1000355, 50.6896812], [14.1000659, 50.6896096], [14.1001806, 50.6891439], [14.1002722, 50.6888956], [14.1004276, 50.6886447], [14.100608, 50.6882994], [14.1008633, 50.6878861], [14.1008509, 50.6878229], [14.1006655, 50.6876611], [14.1004837, 50.6874691], [14.1002608, 50.6872173], [14.0999669, 50.6867954], [14.0996296, 50.6864469], [14.0995388, 50.6863224], [14.099499, 50.686197], [14.0995739, 50.6858324], [14.0998523, 50.6851815], [14.099696, 50.6848407], [14.0996135, 50.6848069], [14.0990198, 50.6845048], [14.0988201, 50.6843616], [14.0985814, 50.6841183], [14.0986225, 50.6839594], [14.0984251, 50.6835746], [14.0983516, 50.6833233], [14.097802, 50.6833058], [14.0975109, 50.6832756], [14.0972442, 50.6832176], [14.0970195, 50.683124], [14.0967061, 50.6829295], [14.0965725, 50.6828772], [14.0965141, 50.6825682], [14.0961414, 50.6822922], [14.0960571, 50.6825621], [14.0956825, 50.6824104], [14.0950143, 50.682556], [14.0948571, 50.682621], [14.0946459, 50.6827496], [14.0945975, 50.6829306], [14.0945421, 50.6831025], [14.0945217, 50.6831923], [14.0942644, 50.6831618], [14.0940845, 50.6829982], [14.0933279, 50.6828336], [14.0930352, 50.6829271], [14.0924478, 50.6830481], [14.0920911, 50.6831617], [14.0920481, 50.6831044], [14.0911927, 50.6833009], [14.0907689, 50.6833898], [14.0905337, 50.6834435], [14.0903932, 50.6835167], [14.0901874, 50.6833731], [14.0899105, 50.6831498], [14.0892188, 50.682586], [14.0890807, 50.6824327], [14.0898586, 50.6823146], [14.0898988, 50.6821912], [14.0898019, 50.6819178], [14.0898116, 50.6816847], [14.0898784, 50.6816541], [14.0897813, 50.681483], [14.0896729, 50.6813897], [14.0895813, 50.6812421], [14.0895111, 50.681117], [14.0892285, 50.681066], [14.0890976, 50.6810122], [14.0888448, 50.6808524], [14.088765, 50.6807531], [14.088571, 50.680692], [14.0884219, 50.6807026], [14.0882208, 50.6805862], [14.0880408, 50.6805136], [14.0885322, 50.6804254], [14.0880145, 50.6797527], [14.0879938, 50.6793783], [14.0879049, 50.6792556], [14.0874606, 50.679338], [14.0874863, 50.6796991], [14.0872725, 50.6799714], [14.086684, 50.6797777], [14.0862823, 50.6795526], [14.085811, 50.6790801], [14.0853054, 50.6784551], [14.0855321, 50.6781962], [14.0858318, 50.6778755], [14.0859901, 50.6777664], [14.0856539, 50.6776477], [14.0861029, 50.6773102], [14.0865383, 50.6768927], [14.0866383, 50.6768155], [14.0862824, 50.6767882], [14.085705, 50.676878], [14.0851223, 50.6767541], [14.0846836, 50.6768434], [14.0843363, 50.6768338], [14.0841223, 50.6768485], [14.0834655, 50.676791], [14.0825012, 50.6766626], [14.0820448, 50.6766427], [14.0819565, 50.6766093], [14.0816181, 50.676659], [14.0815126, 50.6766867], [14.0813348, 50.6767083], [14.0811699, 50.6768832], [14.0810837, 50.6770099], [14.0805145, 50.6770692], [14.0799913, 50.6771436], [14.0794195, 50.6771473], [14.0786026, 50.677096], [14.0768794, 50.6762634], [14.0768219, 50.6762328], [14.075949, 50.6757466], [14.0758687, 50.6757035], [14.0758416, 50.6756874], [14.0758082, 50.6756342], [14.0756615, 50.6757573], [14.0753393, 50.6760279], [14.0749176, 50.6762712], [14.074548, 50.6762421], [14.0737997, 50.6763226], [14.0730049, 50.6762917], [14.0728034, 50.6765891], [14.0721025, 50.6765103], [14.0709009, 50.6761707], [14.0700732, 50.6760092], [14.0695682, 50.6760353], [14.0693888, 50.6760055], [14.0690231, 50.6759343], [14.0689536, 50.6757955], [14.0688613, 50.6757734], [14.0681639, 50.6756435], [14.0678036, 50.6755635], [14.0677279, 50.67572], [14.067752, 50.6762131], [14.0678201, 50.6771989], [14.0678226, 50.6775854], [14.0678009, 50.6778176], [14.0679109, 50.6780974], [14.0673336, 50.6781011], [14.0672473, 50.6781742], [14.0674948, 50.6782884], [14.0677633, 50.6784698], [14.0678385, 50.6786353], [14.0678626, 50.6789531], [14.0681015, 50.6789942], [14.0679519, 50.6792408], [14.0677268, 50.6795611], [14.0676503, 50.6797424], [14.0675631, 50.6801191], [14.0675937, 50.6803543], [14.0676047, 50.6805081], [14.0670579, 50.6807391], [14.0668482, 50.680873], [14.0667022, 50.6809376], [14.0662293, 50.6812271], [14.0669393, 50.6814788], [14.0669352, 50.6817409], [14.0666469, 50.6820605], [14.0665536, 50.6821392], [14.0664188, 50.682221], [14.0662354, 50.6823269], [14.0669814, 50.6829622], [14.0680263, 50.683994], [14.0673497, 50.684147], [14.0670331, 50.6842326], [14.0664323, 50.6843304], [14.0660491, 50.6844507], [14.0654498, 50.6838112], [14.065336, 50.6836637], [14.0646789, 50.6826714], [14.0642656, 50.6827323], [14.0639117, 50.6827801], [14.0632564, 50.6829109], [14.0630249, 50.6829681], [14.0627416, 50.6830778], [14.0623296, 50.6831934], [14.0618226, 50.6833765], [14.0615781, 50.6835012], [14.0620527, 50.6839666], [14.0619008, 50.6840514], [14.061572, 50.684226], [14.0614369, 50.6844684], [14.061172, 50.6847987], [14.0612101, 50.6849983], [14.0610965, 50.6853493], [14.0603284, 50.6854982], [14.0600213, 50.6856299], [14.0596843, 50.6857316], [14.0593299, 50.6857823], [14.0587593, 50.685847], [14.0584771, 50.6858934], [14.0583769, 50.685711], [14.0583018, 50.6855959], [14.0581753, 50.6853334], [14.0581059, 50.6850899], [14.058047, 50.6848544], [14.0582037, 50.6842095], [14.0576386, 50.6841341], [14.0570654, 50.6839837], [14.0565991, 50.6838588], [14.0562558, 50.6838745], [14.0558083, 50.6837566], [14.0549276, 50.683581], [14.0541255, 50.683337], [14.0533664, 50.68326], [14.0528898, 50.6830697], [14.0524871, 50.6827304], [14.0518285, 50.6825534], [14.0516864, 50.6826365], [14.0515367, 50.6827491], [14.051363, 50.682885], [14.0512308, 50.6830293], [14.0511613, 50.683143], [14.0511272, 50.6832809], [14.0510834, 50.6834389], [14.0508898, 50.6835464], [14.0507536, 50.6836716], [14.0506611, 50.6838099], [14.05057, 50.6838922], [14.0502555, 50.6840906], [14.0500827, 50.6842723], [14.0498175, 50.6845273], [14.0495145, 50.6848333], [14.0493081, 50.6849245], [14.049159, 50.6849224], [14.048867, 50.6848868], [14.0484201, 50.6848527], [14.047896, 50.6848283], [14.0475956, 50.6847881], [14.0470493, 50.6846526], [14.0468687, 50.6846253], [14.0461591, 50.6845634], [14.0455927, 50.6844429], [14.045392, 50.6843971], [14.0452239, 50.6843703], [14.0448733, 50.6843722], [14.0444311, 50.684378], [14.0440299, 50.6843752], [14.0437413, 50.6843401], [14.0432434, 50.6841858], [14.0428588, 50.6840349], [14.0426524, 50.6839951], [14.0425076, 50.6839938], [14.0420925, 50.6840416], [14.041718, 50.6844506], [14.0415667, 50.684762], [14.0413832, 50.6852209], [14.0410314, 50.685562], [14.040963, 50.6855591], [14.0408642, 50.6856107], [14.0406867, 50.6857208], [14.0395245, 50.686423], [14.0390646, 50.6867042], [14.0388122, 50.6868656], [14.0347213, 50.6871984], [14.0344042, 50.6872219], [14.0341078, 50.6870738], [14.0337728, 50.6869871], [14.0340171, 50.6873766], [14.0340487, 50.6874898], [14.0337317, 50.6875283], [14.033628, 50.6874004], [14.033418, 50.6872794], [14.0332909, 50.6871593], [14.0333633, 50.6874632], [14.0334891, 50.6877217], [14.0333471, 50.6877881], [14.0334093, 50.6879358], [14.0334286, 50.6880002], [14.0335793, 50.6880752], [14.0336232, 50.6881613], [14.0336712, 50.6887985], [14.033734, 50.689059], [14.0337977, 50.6892828], [14.0329554, 50.689471], [14.0327089, 50.6894915], [14.0326615, 50.6895725], [14.0326126, 50.6899278], [14.0325977, 50.690399], [14.0326026, 50.6904611], [14.0326286, 50.690787], [14.0326579, 50.691276], [14.0326135, 50.6916425], [14.0327203, 50.6917257], [14.0330368, 50.6919018], [14.0335667, 50.6919725], [14.0338623, 50.6920793], [14.0336394, 50.692451], [14.0334773, 50.6929113], [14.0334087, 50.6932014], [14.0333607, 50.6933465], [14.0333098, 50.6935786], [14.0332505, 50.6937423], [14.0331712, 50.6938878], [14.0329169, 50.6938516], [14.0327052, 50.6938037], [14.0326327, 50.6937844], [14.0326512, 50.6940079], [14.0327194, 50.6942813], [14.0326911, 50.6944966], [14.0326232, 50.6945528], [14.0325624, 50.6946068], [14.0325263, 50.6946504], [14.0324096, 50.6947768], [14.0321164, 50.6949552], [14.031802, 50.6950584], [14.0314925, 50.695166], [14.0314062, 50.6952321], [14.0313656, 50.6953408], [14.0313067, 50.6954632], [14.0312551, 50.6955617], [14.0312827, 50.6956813], [14.0314933, 50.695981], [14.0317402, 50.6961123], [14.0317321, 50.6961341], [14.03157, 50.6961669], [14.0312533, 50.6962802], [14.0310609, 50.6963904], [14.0308808, 50.6965026], [14.0307547, 50.6965859], [14.0305793, 50.6967117], [14.0304005, 50.6968678], [14.0302637, 50.6970004], [14.0301127, 50.6971771], [14.0299995, 50.697348], [14.0299232, 50.6975253], [14.0298813, 50.6976499], [14.0298303, 50.6977444], [14.0296786, 50.6979809], [14.0296282, 50.6980462], [14.0295221, 50.6981515], [14.029271, 50.6984339], [14.0291408, 50.6985722], [14.0290046, 50.698739], [14.0289697, 50.6988416], [14.029187, 50.6995606], [14.0292009, 50.6996703], [14.0291315, 50.6998624], [14.0289777, 50.7000785], [14.0286579, 50.7003091], [14.0284346, 50.7004582], [14.028357, 50.7005438], [14.0282335, 50.7006586], [14.0281576, 50.7007747], [14.0279896, 50.7010713], [14.0279941, 50.7013385], [14.0279418, 50.7015687], [14.0279143, 50.7017852], [14.0280348, 50.7020501], [14.028422, 50.7025409], [14.0284952, 50.7028087], [14.0291366, 50.7029816], [14.029391, 50.7030727], [14.0298496, 50.7032461], [14.0300485, 50.7033232], [14.0301793, 50.703413], [14.0303135, 50.7034855], [14.0304278, 50.7035941], [14.0306096, 50.7037349], [14.0308213, 50.7040035], [14.0309164, 50.704109], [14.0310437, 50.7042739], [14.0311837, 50.7044468], [14.031244, 50.7045689], [14.0309862, 50.7048474], [14.0307748, 50.7049639], [14.0304999, 50.7050941], [14.0302469, 50.7052337], [14.0299041, 50.7054376], [14.0297467, 50.7055561], [14.0295749, 50.705681], [14.0294234, 50.7058043], [14.0293039, 50.7059054], [14.0291423, 50.7060025], [14.0288809, 50.7062617], [14.0287626, 50.706425], [14.0286295, 50.7065476], [14.0283828, 50.7067627], [14.0283459, 50.7068646], [14.0282807, 50.706954], [14.028119, 50.707058], [14.027839, 50.7073096], [14.0277292, 50.7076607], [14.0275682, 50.7076135], [14.0272644, 50.7075452], [14.027034, 50.7075116], [14.0267325, 50.7077146], [14.0268947, 50.7077878], [14.0271853, 50.7078704], [14.0275306, 50.7079598], [14.0274515, 50.708104], [14.027404, 50.7082364], [14.0273487, 50.7084534], [14.0272392, 50.7085167], [14.0270996, 50.7085631], [14.0268561, 50.708695], [14.0265389, 50.7087774], [14.0262571, 50.7086119], [14.0258975, 50.7092329], [14.0257003, 50.7093421], [14.025555, 50.7096244], [14.0254388, 50.7097633], [14.0252793, 50.7098633], [14.024762, 50.710156], [14.0249672, 50.7102748], [14.025103, 50.7103045], [14.0254478, 50.7103625], [14.0253989, 50.7104491], [14.025337, 50.7106339], [14.0252997, 50.7108422], [14.0253797, 50.7112199], [14.0254785, 50.7116212], [14.025547, 50.7118005], [14.0256436, 50.7121186], [14.0256823, 50.7122119], [14.0251694, 50.7126042], [14.0248385, 50.7129696], [14.0246053, 50.7131387], [14.0242927, 50.7134374], [14.0240486, 50.7135853], [14.0238288, 50.7138226], [14.0235548, 50.7140186], [14.02313, 50.7142313], [14.0227784, 50.7144856], [14.0225458, 50.7146026], [14.0220404, 50.7148922], [14.021804, 50.7150508], [14.0212795, 50.7152704], [14.02096, 50.7153743], [14.0207496, 50.7155492], [14.0205594, 50.715908], [14.0203131, 50.7162007], [14.020077, 50.7164393], [14.0193857, 50.7169286], [14.019142, 50.7171583], [14.0188505, 50.7173895], [14.0187679, 50.7174667], [14.018592, 50.7176242], [14.0184531, 50.7177967], [14.0184248, 50.7180683], [14.0184551, 50.7182555], [14.0184285, 50.7183399], [14.018347, 50.7185069], [14.0183409, 50.7185979], [14.0182942, 50.718675], [14.0182465, 50.7187838], [14.0182446, 50.7188551], [14.0181569, 50.7189738], [14.0179258, 50.719136], [14.0180934, 50.7193889], [14.018236, 50.7195876], [14.0182267, 50.7196987], [14.018264, 50.7198031], [14.0184786, 50.7199746], [14.0186472, 50.7200435], [14.0184262, 50.720272], [14.0180476, 50.7203764], [14.0175292, 50.7204426], [14.0164509, 50.7206049], [14.0159783, 50.7206002], [14.0153689, 50.7207334], [14.0147387, 50.7206561], [14.0145023, 50.7206299], [14.0142553, 50.720592], [14.01409, 50.7205352], [14.0139052, 50.7206497], [14.0131582, 50.7208426], [14.0129011, 50.7209006], [14.0125403, 50.7210059], [14.0123201, 50.7211143], [14.011983, 50.7212697], [14.0116347, 50.7215054], [14.011492, 50.7216443], [14.0113012, 50.7215995], [14.0111196, 50.721742], [14.0110963, 50.721752], [14.0109055, 50.7217996], [14.0103648, 50.7214431], [14.0104943, 50.7213878], [14.010118, 50.720993], [14.0100425, 50.7209478], [14.0098223, 50.7206875], [14.0097528, 50.7206484], [14.0092864, 50.7202866], [14.0088746, 50.7200385], [14.0087553, 50.719963], [14.0084363, 50.7197702], [14.0081664, 50.7196386], [14.0075145, 50.7193927], [14.0068122, 50.7191989], [14.0062263, 50.7190795], [14.0054553, 50.7189468], [14.0047697, 50.7188481], [14.0043007, 50.7187944], [14.0041723, 50.7186204], [14.0038242, 50.7186726], [14.002733, 50.7189523], [14.0018943, 50.7190402], [14.0016951, 50.7190658], [14.0015323, 50.7191095], [14.0009201, 50.7192495], [14.0004106, 50.7193893], [13.9996402, 50.7195445], [13.9991811, 50.7196209], [13.9979644, 50.7199089], [13.9976371, 50.7199882], [13.9973024, 50.7200389], [13.9964189, 50.7201806], [13.9963419, 50.7201951], [13.9961033, 50.7202342], [13.9959833, 50.7202614], [13.9936012, 50.7207938], [13.9927473, 50.7204235], [13.991866, 50.7200325], [13.9912181, 50.7197162], [13.9905111, 50.719376], [13.9890969, 50.7187391], [13.9880572, 50.7183012], [13.9878031, 50.718167], [13.9874203, 50.717986], [13.9866649, 50.7176402], [13.986394, 50.7175187], [13.9861115, 50.717392], [13.9858639, 50.717281], [13.9847157, 50.716759], [13.9838473, 50.716361], [13.9826391, 50.7157991], [13.9808078, 50.7149561], [13.9799105, 50.7145757], [13.9798017, 50.7145446], [13.9794393, 50.7144573], [13.9786663, 50.7143622], [13.9783074, 50.7143181], [13.9772392, 50.7142159], [13.9765283, 50.7141351], [13.9757086, 50.7140461], [13.9745946, 50.7139475], [13.9736988, 50.713851], [13.9720114, 50.7136636], [13.970649, 50.7135163], [13.9675235, 50.7131914], [13.9665531, 50.7130829], [13.9660725, 50.7130392], [13.9658646, 50.7126902], [13.9658986, 50.7125377], [13.9658731, 50.7125164], [13.9651128, 50.7124459], [13.9650165, 50.7124343], [13.9646546, 50.7124009], [13.9643915, 50.7123797], [13.9640588, 50.712343], [13.9633021, 50.7122469], [13.9628383, 50.7122432], [13.9626452, 50.7122667], [13.9622976, 50.7126661], [13.9609529, 50.7125302], [13.9595733, 50.7123827], [13.9593379, 50.7123546], [13.959262, 50.7118221], [13.9590273, 50.7115842], [13.9586987, 50.7114414], [13.9577617, 50.7111063], [13.9572826, 50.7109635], [13.9570287, 50.7109428], [13.9569125, 50.7108238], [13.9562953, 50.7106109], [13.9547672, 50.7100492], [13.9545207, 50.7097879], [13.9541619, 50.7093434], [13.9529984, 50.7078644], [13.957115, 50.6995189], [13.9549217, 50.6945734], [13.954828, 50.6943911], [13.9546083, 50.6938413], [13.9538234, 50.6939235], [13.9528606, 50.6940355], [13.9519876, 50.6941475], [13.9519441, 50.6937301], [13.9517949, 50.6924689], [13.9510238, 50.6915922], [13.95292, 50.6909149], [13.9533159, 50.6908906], [13.9533516, 50.6907545], [13.9524584, 50.6906225], [13.9509139, 50.6903894], [13.9501568, 50.6903042], [13.9495997, 50.6902525], [13.9490206, 50.690212], [13.9475541, 50.6901596], [13.9470187, 50.6901373], [13.946536, 50.6900839], [13.9463587, 50.6900508], [13.9464876, 50.689967], [13.946878, 50.6896509], [13.947161, 50.6894217], [13.9482893, 50.6886964], [13.9490439, 50.6881825], [13.9500243, 50.6878189], [13.9520873, 50.6869918], [13.952308, 50.6867666], [13.9528046, 50.6864905], [13.9534028, 50.6862761], [13.953622, 50.6861806], [13.9539911, 50.685825], [13.9548455, 50.6853884], [13.9550294, 50.6852788], [13.9552451, 50.6851442], [13.9557361, 50.6849423], [13.9561909, 50.6847552], [13.9572113, 50.6845723], [13.9582013, 50.684603], [13.9585326, 50.6846802], [13.9590412, 50.6848576], [13.9593535, 50.6850094], [13.9598112, 50.6852599], [13.9601386, 50.685413], [13.9609086, 50.6858094], [13.9611513, 50.6858754], [13.9613906, 50.6860348], [13.9614164, 50.6860702], [13.9633126, 50.6870072], [13.9635134, 50.6870945], [13.9639565, 50.6872872], [13.9648646, 50.6875563], [13.9656835, 50.6877107], [13.9664672, 50.6877565], [13.9664959, 50.687569], [13.9678292, 50.6876126], [13.9678837, 50.6874186], [13.9679893, 50.6870871], [13.970061, 50.6870951], [13.970491, 50.6866957], [13.9708008, 50.6861374], [13.9707471, 50.6857505], [13.9702135, 50.6856756], [13.9698872, 50.6854311], [13.9706511, 50.6844769], [13.9701418, 50.6844136], [13.9704334, 50.6836955], [13.9707036, 50.6835656], [13.9709941, 50.6829804], [13.9709093, 50.682381], [13.9709717, 50.6820506], [13.9717987, 50.6818179], [13.9724787, 50.6816733], [13.9726825, 50.6816677], [13.9737245, 50.6814056], [13.9748163, 50.6811091], [13.975322, 50.6813881], [13.9755608, 50.6813177], [13.9768265, 50.6818271], [13.9777983, 50.6816295], [13.9779787, 50.6817585], [13.9791808, 50.681911], [13.9792412, 50.6819205], [13.979617, 50.6808911], [13.9796942, 50.6807638], [13.9797314, 50.6807384], [13.9799978, 50.6807433], [13.9802012, 50.6807261], [13.9803066, 50.6805325], [13.9804767, 50.6804338], [13.9811752, 50.6797326], [13.9810756, 50.6797059], [13.9810439, 50.6796933], [13.9810794, 50.6796531], [13.9810928, 50.6796341], [13.9811611, 50.6796017], [13.9816011, 50.6794173], [13.9817201, 50.6792734], [13.9817202, 50.6791995], [13.9829527, 50.6787515], [13.9826695, 50.6784702], [13.9825268, 50.6782533], [13.9829016, 50.6779975], [13.9829509, 50.6778371], [13.9828285, 50.6777387], [13.9817325, 50.6779053], [13.9811905, 50.6773558], [13.98124, 50.6772672], [13.9814039, 50.6770702], [13.9815683, 50.6769415], [13.982006, 50.6767544], [13.9821586, 50.6766812], [13.9823501, 50.6765634], [13.9825785, 50.6763943], [13.9829023, 50.6762041], [13.9836121, 50.6759771], [13.9843834, 50.6757948], [13.9849486, 50.6756503], [13.9849101, 50.6756022], [13.9833296, 50.6740595], [13.9828296, 50.6738295], [13.9823403, 50.6736911], [13.9822559, 50.6737293], [13.9818894, 50.6736057], [13.9815634, 50.6733792], [13.9813277, 50.6731294], [13.9811931, 50.6731381], [13.9806455, 50.6733719], [13.9804592, 50.6732312], [13.9803377, 50.6732338], [13.9800123, 50.672677], [13.9799256, 50.672474], [13.9796472, 50.6720398], [13.9794617, 50.6717148], [13.9792574, 50.6713717], [13.9787838, 50.6704952], [13.978554, 50.6701121], [13.9777048, 50.6680807], [13.9785831, 50.6675241], [13.9785991, 50.6674021], [13.9782352, 50.6666696], [13.9780808, 50.6662417], [13.9778492, 50.6654229], [13.9778136, 50.6649709], [13.9777078, 50.6643406], [13.9775795, 50.6638928], [13.9774674, 50.663666], [13.9774554, 50.6635383], [13.9775054, 50.6634279], [13.9776964, 50.663356], [13.9785018, 50.6632919], [13.9781166, 50.6624158], [13.9780045, 50.6620012], [13.9782324, 50.6616154], [13.9781458, 50.6612758], [13.9781214, 50.6612395], [13.9781199, 50.6612071], [13.978009, 50.6611021], [13.978178, 50.6610339], [13.9775943, 50.6610614], [13.976547, 50.6611237], [13.9753984, 50.6611778], [13.974329, 50.6612745], [13.9743009, 50.6610519], [13.9745371, 50.6610482], [13.9745699, 50.6609579], [13.9746742, 50.6607437], [13.9748647, 50.6603744], [13.9749949, 50.6598643], [13.9749298, 50.6597641], [13.9749621, 50.6597063], [13.9743813, 50.6593263], [13.9741919, 50.6590514], [13.9738139, 50.6586072], [13.9736411, 50.6584326], [13.973239, 50.6577702], [13.9732315, 50.657759], [13.9731123, 50.6575665], [13.9729944, 50.6573994], [13.9728444, 50.6572897], [13.9725962, 50.6572866], [13.9721548, 50.6572337], [13.9717966, 50.6572294], [13.9712132, 50.6572378], [13.969737, 50.657399], [13.9683511, 50.6575], [13.9667361, 50.6575804], [13.9657254, 50.6576939], [13.9646772, 50.6577967], [13.96445, 50.6578477], [13.9641919, 50.6578511], [13.9637912, 50.6578641], [13.9636701, 50.6578557], [13.9616003, 50.6579834], [13.9617522, 50.6584392], [13.9618592, 50.6587935], [13.9619068, 50.6591592], [13.9619324, 50.6595369], [13.9619653, 50.6598797], [13.9619934, 50.6602107], [13.9621108, 50.6605449], [13.9622475, 50.6609124], [13.9623347, 50.6611448], [13.9624675, 50.6613812], [13.9620658, 50.6614974], [13.9616522, 50.6616128], [13.9611072, 50.661739], [13.9602443, 50.6617815], [13.9598881, 50.661791], [13.9593407, 50.6619178], [13.958799, 50.6622045], [13.9577786, 50.6618221], [13.9574679, 50.6617319], [13.9568724, 50.6617392], [13.9562193, 50.6618338], [13.9556704, 50.6617687], [13.9555894, 50.6617182], [13.9549146, 50.6618497], [13.95463, 50.6619724], [13.95463, 50.6620752], [13.9545282, 50.6620831], [13.9544326, 50.6620887], [13.9539252, 50.6621207], [13.9537742, 50.6621157], [13.9536902, 50.6621629], [13.9530586, 50.6625401], [13.9529681, 50.6625913], [13.9528574, 50.6623708], [13.9528228, 50.6623164], [13.9527484, 50.6622074], [13.9526596, 50.6620666], [13.9526119, 50.6619855], [13.9521261, 50.6621162], [13.9519941, 50.6618245], [13.9519162, 50.6617124], [13.951778, 50.6615125], [13.9516596, 50.6612834], [13.9510165, 50.6614185], [13.9506295, 50.6615002], [13.9504926, 50.6612694], [13.9503636, 50.6610561], [13.9502524, 50.660857], [13.9501463, 50.6606138], [13.9498979, 50.6606676], [13.9494741, 50.6607512], [13.9493576, 50.660382], [13.9492892, 50.6601511], [13.9492041, 50.659642], [13.9499609, 50.6594677], [13.9502324, 50.6594002], [13.9505153, 50.6593243], [13.9510107, 50.6591918], [13.9509109, 50.65892], [13.9508042, 50.6586276], [13.9506983, 50.6583176], [13.9505869, 50.658005], [13.9504919, 50.6577004], [13.9504845, 50.6576681], [13.9504681, 50.6576125], [13.9503941, 50.6572678], [13.9503921, 50.6571436], [13.9513158, 50.6571588], [13.9516896, 50.6571635], [13.9514986, 50.6564562], [13.9512709, 50.6556825], [13.9519761, 50.6555662], [13.9519292, 50.6554552], [13.9516812, 50.6549769], [13.9516187, 50.6548686], [13.9515581, 50.654773], [13.9514134, 50.6545311], [13.9513118, 50.6543447], [13.9518727, 50.6540603], [13.9518173, 50.6537112], [13.9513554, 50.6537273], [13.9512831, 50.653703], [13.9509046, 50.6536792], [13.950874, 50.6536976], [13.9508895, 50.6537382], [13.9507533, 50.6538118], [13.9506583, 50.6537886], [13.950613, 50.6537945], [13.9506124, 50.6538467], [13.9505788, 50.6538459], [13.9505331, 50.6538521], [13.9503246, 50.653872], [13.9501293, 50.653894], [13.9498308, 50.6539515], [13.9496158, 50.6539894], [13.9494039, 50.6540281], [13.9492134, 50.6540345], [13.9484249, 50.6541473], [13.9474734, 50.654287], [13.946714, 50.654397], [13.946235, 50.654447], [13.9459445, 50.6544651], [13.9458596, 50.6543825], [13.9457456, 50.654343], [13.9455577, 50.6542459], [13.9454366, 50.6541094], [13.9452485, 50.653777], [13.9448759, 50.6539149], [13.9445606, 50.6539805], [13.9440549, 50.6540515], [13.9436068, 50.6540924], [13.9433432, 50.6541192], [13.943024, 50.6541548], [13.9429648, 50.653914], [13.9428827, 50.6535907], [13.9427624, 50.6531441], [13.9426351, 50.652647], [13.9425037, 50.6521714], [13.9423608, 50.6517033], [13.9423172, 50.651561], [13.9422423, 50.6513179], [13.942176, 50.651078], [13.9420516, 50.6506393], [13.9419693, 50.650347], [13.9419122, 50.6501381], [13.9418408, 50.6498676], [13.9417548, 50.6495275], [13.9416572, 50.6491746], [13.9415727, 50.6488717], [13.9415599, 50.648824]]]}}, {"type": "Feature", "properties": {"name": "Pardubice"}, "geometry": {"type": "Polygon", "coordinates": [[[15.6249984, 50.031871], [15.6251383, 50.0316529], [15.6251673, 50.0316209], [15.6255834, 50.0316373], [15.6261098, 50.0316405], [15.6266863, 50.0317173], [15.6277037, 50.0317739], [15.6276863, 50.0318224], [15.62827, 50.0319056], [15.6283456, 50.031696], [15.6289141, 50.0316743], [15.6288559, 50.031507], [15.6288831, 50.0313803], [15.6288914, 50.0310356], [15.6290743, 50.030794], [15.629099, 50.0306334], [15.6291508, 50.0306027], [15.6295817, 50.0303771], [15.6299177, 50.0301816], [15.629752, 50.0300055], [15.6287035, 50.0299329], [15.628183, 50.0300032], [15.6288097, 50.0297469], [15.6301647, 50.0293315], [15.6307137, 50.0290805], [15.6312571, 50.0288798], [15.6324296, 50.0284067], [15.6327495, 50.0282288], [15.6328443, 50.0281506], [15.6330521, 50.0279932], [15.6334855, 50.0277138], [15.6337132, 50.0272773], [15.6339658, 50.0270017], [15.634581, 50.0266904], [15.6354403, 50.02645], [15.6370578, 50.0259121], [15.6381474, 50.0251893], [15.6398878, 50.0239412], [15.6486262, 50.0216369], [15.6502211, 50.0212189], [15.6516871, 50.0208323], [15.6554285, 50.0198445], [15.668831, 50.016369], [15.669965, 50.0162958], [15.6704693, 50.0162633], [15.6717423, 50.0162141], [15.672595, 50.0162083], [15.6734044, 50.016209], [15.6734279, 50.0161564], [15.6730953, 50.0160433], [15.6724854, 50.015844], [15.6719368, 50.0156813], [15.6717182, 50.0155199], [15.6719047, 50.0153537], [15.6718323, 50.0151913], [15.6716129, 50.0149747], [15.6711207, 50.0146653], [15.6707712, 50.0144892], [15.6698916, 50.0141246], [15.6700602, 50.0137176], [15.6702621, 50.0128933], [15.6704267, 50.0122333], [15.6706959, 50.0110146], [15.6707549, 50.0108628], [15.6699811, 50.0103779], [15.6694878, 50.0102529], [15.6689059, 50.0101476], [15.6688049, 50.0101332], [15.6687976, 50.0100744], [15.669572, 50.0099613], [15.6705531, 50.0098145], [15.6711452, 50.0097183], [15.6720024, 50.0096185], [15.6729609, 50.0095425], [15.6730132, 50.0096156], [15.6731109, 50.0096134], [15.6737472, 50.0095745], [15.6758309, 50.0094595], [15.676988, 50.0094022], [15.6771547, 50.0094684], [15.6778982, 50.0093911], [15.6778868, 50.0095756], [15.6779405, 50.0096065], [15.6780956, 50.0098004], [15.6781348, 50.009932], [15.6782859, 50.0100596], [15.6786045, 50.0101915], [15.678801, 50.0104148], [15.6791345, 50.0105116], [15.6797187, 50.0107751], [15.6803308, 50.0107532], [15.6806819, 50.0109339], [15.6813479, 50.0110392], [15.6815255, 50.0110255], [15.6813831, 50.0107642], [15.681293, 50.010311], [15.6812583, 50.0101615], [15.6810464, 50.0097814], [15.6804046, 50.0097449], [15.6801144, 50.0096982], [15.6798629, 50.0095818], [15.679572, 50.0095185], [15.6793951, 50.0094705], [15.6788845, 50.0093167], [15.6785296, 50.0092324], [15.6778476, 50.0091378], [15.6778251, 50.0089105], [15.6779081, 50.0087991], [15.6779638, 50.0087303], [15.678082, 50.0086071], [15.6782578, 50.0084386], [15.6784953, 50.0081678], [15.6785741, 50.0080746], [15.678769, 50.0078733], [15.678683, 50.0076201], [15.6785754, 50.0074864], [15.6785478, 50.0073848], [15.6784379, 50.0071106], [15.6783925, 50.0069561], [15.6803513, 50.0070517], [15.6803886, 50.006982], [15.6802356, 50.0068924], [15.6803997, 50.0067002], [15.6804474, 50.0065537], [15.6803056, 50.0064386], [15.6805109, 50.0064606], [15.6835262, 50.0069435], [15.6842947, 50.0070584], [15.6850352, 50.007163], [15.6850801, 50.0071446], [15.6851859, 50.0070961], [15.6853398, 50.0069965], [15.6853792, 50.0069683], [15.6854821, 50.0068696], [15.6855061, 50.0067865], [15.6853723, 50.0064062], [15.6850722, 50.005984], [15.6847029, 50.0055411], [15.684359, 50.0051601], [15.6847574, 50.0048111], [15.6851525, 50.0044148], [15.6856477, 50.0039749], [15.6863036, 50.0033679], [15.6867615, 50.0029362], [15.6871412, 50.002572], [15.6874897, 50.0022322], [15.6880887, 50.0024746], [15.6887313, 50.0027627], [15.6894197, 50.0030617], [15.6896448, 50.0031474], [15.6901282, 50.0033109], [15.6906601, 50.0034645], [15.6908397, 50.0035262], [15.6910248, 50.0035869], [15.6910501, 50.0036979], [15.6926978, 50.0039755], [15.6930111, 50.0040376], [15.6930832, 50.0048775], [15.6936756, 50.0048521], [15.6935633, 50.0046769], [15.69354, 50.0045315], [15.693893, 50.0045427], [15.6940563, 50.0045432], [15.694948, 50.0044922], [15.6954266, 50.0045044], [15.6957573, 50.004589], [15.6961722, 50.0047114], [15.6961672, 50.0051239], [15.6961569, 50.0055638], [15.6961897, 50.0060793], [15.6978012, 50.0058196], [15.6980975, 50.0058005], [15.6985016, 50.0058389], [15.6989779, 50.0059553], [15.6996888, 50.0059032], [15.7000399, 50.0057979], [15.7006956, 50.0057823], [15.7009699, 50.0058029], [15.7011943, 50.0058409], [15.7022375, 50.0060282], [15.702488, 50.0060541], [15.7028109, 50.0062023], [15.7031777, 50.0062929], [15.7033601, 50.0063042], [15.7035277, 50.0063073], [15.7054682, 50.0062234], [15.7053415, 50.0097022], [15.7092036, 50.0097607], [15.7092822, 50.0107487], [15.7092827, 50.0111783], [15.7092574, 50.0114592], [15.7053634, 50.0114002], [15.705248, 50.0145681], [15.7051774, 50.0145615], [15.7044888, 50.0144477], [15.704372, 50.0146046], [15.7049404, 50.0150141], [15.705144, 50.0152414], [15.7052638, 50.015525], [15.7053922, 50.0161168], [15.7054181, 50.0166514], [15.7052883, 50.0173439], [15.7053156, 50.0175057], [15.7053281, 50.0175506], [15.7054067, 50.0176886], [15.7054588, 50.0180088], [15.705448, 50.0182595], [15.7055175, 50.0183638], [15.7056304, 50.0185099], [15.7066392, 50.0185342], [15.7066428, 50.0185763], [15.7067278, 50.0186692], [15.7074232, 50.0187196], [15.7081218, 50.0187727], [15.7086089, 50.0188424], [15.7091441, 50.0189168], [15.7093798, 50.0186596], [15.7105952, 50.0178402], [15.710669, 50.0176805], [15.7109968, 50.0174093], [15.7112077, 50.0170763], [15.7118747, 50.0163913], [15.7117972, 50.0162831], [15.7115299, 50.0152202], [15.711512, 50.0149477], [15.7116291, 50.0145075], [15.7120035, 50.0143816], [15.7121906, 50.0142929], [15.7123016, 50.014229], [15.7124136, 50.0141365], [15.7125425, 50.0140104], [15.712611, 50.0139588], [15.7127484, 50.0138127], [15.7129666, 50.0135979], [15.7135756, 50.0134334], [15.7139367, 50.0133008], [15.7143902, 50.0131784], [15.7147927, 50.0131692], [15.7151923, 50.0131364], [15.715533, 50.0131296], [15.7156344, 50.0131553], [15.715772, 50.0131597], [15.7160627, 50.0132485], [15.7163908, 50.0133638], [15.7166688, 50.0134769], [15.7169474, 50.0135451], [15.7172775, 50.0135887], [15.7176861, 50.0136031], [15.7178569, 50.013581], [15.7182521, 50.0135215], [15.7185146, 50.0134498], [15.7187299, 50.0133103], [15.7191646, 50.0129139], [15.7196723, 50.0126403], [15.7198724, 50.0125588], [15.7199618, 50.0125319], [15.720184, 50.0124706], [15.7203832, 50.0123957], [15.720523, 50.0123073], [15.7206464, 50.0121028], [15.7207466, 50.0120167], [15.7210482, 50.0118741], [15.7212374, 50.0118158], [15.721419, 50.0116651], [15.7215178, 50.0115809], [15.7215527, 50.0115538], [15.7222663, 50.0110375], [15.7223965, 50.0110244], [15.7223622, 50.0109161], [15.7225161, 50.0106695], [15.7225512, 50.0106085], [15.7226469, 50.0103988], [15.7226386, 50.0102827], [15.7227414, 50.0100772], [15.7227619, 50.0099368], [15.7227646, 50.0098994], [15.7229056, 50.0097908], [15.723124, 50.0097101], [15.723781, 50.0096111], [15.7240982, 50.0095237], [15.7241844, 50.0094879], [15.7242845, 50.0094539], [15.7243473, 50.0094208], [15.724631, 50.0093186], [15.724832, 50.009224], [15.7250349, 50.009159], [15.7257852, 50.0087595], [15.7259492, 50.0084434], [15.7261208, 50.0080555], [15.7260714, 50.0079847], [15.7258777, 50.0078895], [15.7258244, 50.0077195], [15.7258757, 50.0075784], [15.7260288, 50.007464], [15.7265301, 50.0075299], [15.7272138, 50.0077121], [15.7272382, 50.0076797], [15.7276334, 50.007844], [15.7279957, 50.008023], [15.7282112, 50.0080391], [15.7283073, 50.0080399], [15.7283341, 50.0081205], [15.7282866, 50.0082894], [15.7284094, 50.0083758], [15.7283235, 50.0086044], [15.7285887, 50.0086488], [15.728741, 50.0086276], [15.7288385, 50.0090561], [15.7289939, 50.0093277], [15.7291744, 50.0095169], [15.7293608, 50.0097009], [15.7296243, 50.0099099], [15.7301199, 50.0102223], [15.7305088, 50.0104412], [15.7307831, 50.0105732], [15.7305124, 50.0112494], [15.7304089, 50.0115767], [15.7303835, 50.0119878], [15.7303967, 50.012104], [15.730396, 50.0121764], [15.7303477, 50.0123457], [15.7303544, 50.0124879], [15.7303231, 50.0125677], [15.7303267, 50.0127142], [15.7303942, 50.0130742], [15.7304856, 50.013283], [15.7307735, 50.0134208], [15.7307442, 50.0138315], [15.7306605, 50.0144374], [15.7305239, 50.0145601], [15.7302986, 50.0146839], [15.7305892, 50.0147295], [15.7309642, 50.0147616], [15.73199, 50.0148168], [15.7320497, 50.0144578], [15.7320938, 50.0139336], [15.7322035, 50.013235], [15.7334037, 50.013333], [15.7334065, 50.0134309], [15.7340011, 50.0134932], [15.7351796, 50.0135751], [15.7355132, 50.0136244], [15.7358892, 50.0137508], [15.7362904, 50.013914], [15.7369221, 50.0141373], [15.7373099, 50.0142142], [15.7375332, 50.0143049], [15.7376675, 50.0143959], [15.7380554, 50.0145193], [15.7384371, 50.0146983], [15.7388912, 50.0148524], [15.7392152, 50.014915], [15.7395699, 50.0149659], [15.7395238, 50.0149961], [15.7404053, 50.0154802], [15.7407535, 50.015612], [15.741443, 50.0160687], [15.7416884, 50.0162013], [15.7418463, 50.0163985], [15.7419566, 50.0163148], [15.7419453, 50.0162432], [15.7423529, 50.0160501], [15.7424894, 50.0160022], [15.7426785, 50.0159457], [15.7428683, 50.0159028], [15.7432779, 50.0158384], [15.7439541, 50.0157863], [15.7439741, 50.0157884], [15.7445366, 50.0158132], [15.745156, 50.0158286], [15.7454843, 50.0158253], [15.7460067, 50.0158381], [15.7464324, 50.0158531], [15.7464524, 50.0157143], [15.7470198, 50.0156842], [15.7469151, 50.0153286], [15.7468567, 50.0151732], [15.7467936, 50.0150604], [15.7467015, 50.0149542], [15.746611, 50.0148718], [15.746447, 50.0147518], [15.746292, 50.0146494], [15.7460919, 50.0145379], [15.7458793, 50.014378], [15.7455901, 50.0141875], [15.7456302, 50.014184], [15.7473153, 50.0140829], [15.7474539, 50.0140731], [15.7480029, 50.0140216], [15.7481618, 50.0142203], [15.7483018, 50.0144303], [15.7483197, 50.0144543], [15.7484706, 50.0146109], [15.7486324, 50.0147963], [15.7487917, 50.0150378], [15.7489008, 50.0152409], [15.7489307, 50.0153578], [15.7489239, 50.0154536], [15.7488447, 50.0156395], [15.7487238, 50.0158445], [15.7486226, 50.0160392], [15.7485892, 50.0161699], [15.7485899, 50.0163934], [15.7486341, 50.0165573], [15.7488978, 50.016709], [15.7495583, 50.0169813], [15.749502, 50.0171038], [15.7493805, 50.0174469], [15.7493409, 50.0175691], [15.7492972, 50.0176656], [15.7500709, 50.0179452], [15.7503337, 50.0180448], [15.7503437, 50.0180622], [15.7503478, 50.0180644], [15.7504947, 50.0183059], [15.7505281, 50.0184542], [15.7505945, 50.0185886], [15.7508173, 50.0189062], [15.7512221, 50.0193188], [15.7514194, 50.0195594], [15.7515707, 50.0197233], [15.7520378, 50.0197175], [15.7523868, 50.0197359], [15.7525988, 50.0197886], [15.7528803, 50.0198384], [15.7529983, 50.0198805], [15.753027, 50.0198417], [15.7535828, 50.019234], [15.7537904, 50.0190624], [15.7540567, 50.0188841], [15.7545452, 50.0185959], [15.7550857, 50.0183494], [15.7554492, 50.0182149], [15.7559419, 50.0180732], [15.7560747, 50.018035], [15.7565722, 50.0179004], [15.7594066, 50.017199], [15.7599495, 50.0170367], [15.7604563, 50.0168358], [15.7609035, 50.0166284], [15.7613815, 50.0163529], [15.7617932, 50.0160427], [15.7621909, 50.015656], [15.7613869, 50.0157606], [15.7602368, 50.0158964], [15.7598447, 50.0159371], [15.7582156, 50.0161153], [15.7572039, 50.0162364], [15.7565607, 50.0162926], [15.7560722, 50.0163406], [15.7556374, 50.0158819], [15.755451, 50.0157564], [15.7553214, 50.0155832], [15.7555028, 50.0153428], [15.7554422, 50.015151], [15.7554512, 50.0150548], [15.7552792, 50.0147722], [15.7550795, 50.014365], [15.7551234, 50.0142955], [15.7550743, 50.0140678], [15.7549781, 50.0138629], [15.7548426, 50.0137892], [15.7548941, 50.0137502], [15.7548533, 50.0137033], [15.7548127, 50.0136656], [15.7547332, 50.0134638], [15.754763, 50.0132623], [15.7548419, 50.0131164], [15.7548282, 50.0129838], [15.7549961, 50.0128232], [15.7557522, 50.0121854], [15.7557688, 50.0120479], [15.7558042, 50.011941], [15.7572135, 50.0107457], [15.7572912, 50.0106766], [15.7574542, 50.0105389], [15.7577598, 50.0102557], [15.7578674, 50.0100912], [15.7579095, 50.0098535], [15.7580339, 50.0095881], [15.7585815, 50.0095843], [15.7592953, 50.0095515], [15.7596266, 50.0099546], [15.7606547, 50.0099219], [15.7617399, 50.0098473], [15.7619091, 50.0098504], [15.7623561, 50.009821], [15.7627898, 50.0097796], [15.7628317, 50.0097719], [15.7630582, 50.009754], [15.7630128, 50.009665], [15.7628391, 50.0093949], [15.7627729, 50.0093057], [15.7631158, 50.0092735], [15.7630919, 50.0089103], [15.7630078, 50.0084552], [15.7625508, 50.0084816], [15.7621523, 50.0085205], [15.7619879, 50.0082927], [15.7622812, 50.0082415], [15.7629512, 50.0082064], [15.7629187, 50.0076425], [15.7629536, 50.0074945], [15.7630144, 50.0073554], [15.7631132, 50.0072233], [15.7635291, 50.0068864], [15.763694, 50.006749], [15.7638919, 50.0065216], [15.7642539, 50.0054142], [15.7644461, 50.0048336], [15.7645999, 50.0045449], [15.7647779, 50.003977], [15.7640159, 50.0039044], [15.7633815, 50.0038868], [15.7628525, 50.0039071], [15.7628156, 50.0035419], [15.7627594, 50.0032902], [15.7627104, 50.0027739], [15.762667, 50.0026632], [15.7627218, 50.0025687], [15.7626888, 50.0022422], [15.7626716, 50.0019115], [15.7625982, 50.0017261], [15.7626402, 50.0016372], [15.7624082, 50.0007449], [15.7623648, 50.0002193], [15.7623692, 49.9998158], [15.7624283, 49.9994566], [15.7624343, 49.9990984], [15.7622966, 49.9981483], [15.762236, 49.9980281], [15.7622146, 49.9977838], [15.7621449, 49.9976686], [15.7619561, 49.9974133], [15.761557, 49.996835], [15.7614006, 49.9966185], [15.7613633, 49.9964675], [15.7611854, 49.9961094], [15.7612384, 49.9958851], [15.7624212, 49.9964769], [15.7626475, 49.9965823], [15.7629885, 49.9967139], [15.7632088, 49.9964359], [15.7636152, 49.9965148], [15.7641166, 49.9966349], [15.7649406, 49.9968036], [15.7652194, 49.9968327], [15.7654055, 49.996833], [15.7655935, 49.996771], [15.765677, 49.9967254], [15.7657072, 49.9967057], [15.7660566, 49.9964787], [15.7664173, 49.9965652], [15.7668245, 49.9966759], [15.7675437, 49.9969437], [15.7678604, 49.9970069], [15.767957, 49.9969154], [15.7681196, 49.9967662], [15.7683548, 49.996558], [15.7686084, 49.9963689], [15.7692006, 49.9959812], [15.7695684, 49.9963243], [15.7699676, 49.9968046], [15.7700499, 49.996808], [15.7702428, 49.9968234], [15.7702199, 49.9967069], [15.7702, 49.9966199], [15.7699869, 49.9958825], [15.7699484, 49.9955687], [15.7700738, 49.9955846], [15.7705304, 49.9956554], [15.7723402, 49.9959934], [15.7725936, 49.9954755], [15.7726704, 49.9952177], [15.7731366, 49.9937999], [15.7732189, 49.9938032], [15.7733541, 49.9938129], [15.7746755, 49.9939004], [15.776259, 49.9940099], [15.7771826, 49.9940838], [15.776955, 49.9946132], [15.776676, 49.9951761], [15.7765905, 49.9956111], [15.7765931, 49.9957701], [15.7765888, 49.9957976], [15.7765637, 49.9958908], [15.7765125, 49.9961795], [15.7764891, 49.9963675], [15.7770461, 49.9961944], [15.7774829, 49.9959925], [15.7774951, 49.9960541], [15.7775105, 49.9961682], [15.7775074, 49.996173], [15.7775651, 49.9967169], [15.7778609, 49.9966877], [15.7787907, 49.9966291], [15.7792749, 49.9966118], [15.7797619, 49.9966036], [15.7799388, 49.9966042], [15.7800565, 49.9966053], [15.780056, 49.996611], [15.7801929, 49.9966164], [15.7816249, 49.9965922], [15.7816699, 49.9962921], [15.7822225, 49.9962644], [15.7836824, 49.9961715], [15.7847175, 49.9961111], [15.784859, 49.9961043], [15.7850115, 49.9960927], [15.7859618, 49.9960355], [15.7863753, 49.996021], [15.7873063, 49.9960406], [15.7878151, 49.9960496], [15.7878374, 49.9958559], [15.7883878, 49.9957976], [15.7893727, 49.9957446], [15.7893, 49.9965335], [15.7891667, 49.9975294], [15.7882465, 49.9974524], [15.7881497, 49.9978451], [15.7889794, 49.9979388], [15.7889874, 49.9980134], [15.7889623, 49.9981126], [15.7889052, 49.9984224], [15.7888919, 49.9984421], [15.7885253, 49.9983869], [15.7885666, 49.9987853], [15.7885894, 49.9993064], [15.7886567, 49.9997193], [15.7887556, 50.0001657], [15.7890446, 50.0010499], [15.7890754, 50.0012846], [15.7891805, 50.0019791], [15.789103, 50.0024281], [15.7891037, 50.0027348], [15.7891293, 50.0030542], [15.7891721, 50.0031768], [15.7892221, 50.003167], [15.7893203, 50.0031592], [15.7896563, 50.0030978], [15.7901097, 50.0030009], [15.7912261, 50.0027508], [15.7922236, 50.0025595], [15.7936684, 50.0022552], [15.7936805, 50.0026033], [15.793648, 50.0026776], [15.793432, 50.0027245], [15.7928435, 50.0028843], [15.7924801, 50.0030012], [15.7916865, 50.0033362], [15.791403, 50.0035047], [15.7911625, 50.0036234], [15.7911683, 50.0043059], [15.7910704, 50.0044861], [15.7903149, 50.0046981], [15.7907673, 50.0060398], [15.7913435, 50.0058952], [15.7918001, 50.0057867], [15.7921512, 50.0057872], [15.792545, 50.0056768], [15.7936711, 50.005471], [15.7937762, 50.0054533], [15.7940471, 50.0053976], [15.7948377, 50.0052821], [15.7951245, 50.0052851], [15.7952434, 50.0053069], [15.7954811, 50.0052458], [15.7956044, 50.0052531], [15.7959891, 50.00524], [15.7961918, 50.0052154], [15.7965313, 50.0051813], [15.7963019, 50.0043507], [15.7964048, 50.0041197], [15.7960509, 50.0038559], [15.7952678, 50.0040427], [15.7950586, 50.0036828], [15.7947663, 50.003738], [15.7941627, 50.0028402], [15.7940654, 50.0026498], [15.7940465, 50.0024957], [15.7952846, 50.0021562], [15.7959045, 50.0020453], [15.7964744, 50.0023773], [15.7966183, 50.0025166], [15.7967315, 50.0026815], [15.7967665, 50.002936], [15.7967612, 50.0034676], [15.7969428, 50.0037503], [15.7969999, 50.0038069], [15.7983132, 50.0037669], [15.79873, 50.0037783], [15.7997443, 50.0036854], [15.7998027, 50.00298], [15.8000792, 50.0029389], [15.8004494, 50.0029529], [15.8002497, 50.0037402], [15.8016457, 50.0039541], [15.8019202, 50.0027811], [15.8023645, 50.0022594], [15.8033451, 50.002677], [15.803507, 50.0025222], [15.8038382, 50.0021894], [15.8046062, 50.0014292], [15.803606, 50.0009902], [15.8040789, 50.0005877], [15.8042029, 50.0003062], [15.8044521, 50.0000905], [15.8044743, 49.9999369], [15.8049648, 49.9994375], [15.8053649, 49.9992245], [15.8056343, 49.9991607], [15.8059121, 49.9989409], [15.8060794, 49.9989223], [15.8065519, 49.9990572], [15.8075568, 49.9991952], [15.8079498, 49.9992465], [15.8084706, 49.9993633], [15.8087544, 49.9994338], [15.8088889, 49.9994806], [15.8095823, 49.9996088], [15.8097145, 49.9996152], [15.8097815, 49.9996171], [15.809828, 49.9996134], [15.8100844, 49.9996], [15.8103157, 49.999541], [15.810422, 49.9994795], [15.8109136, 49.9994522], [15.811157, 49.999478], [15.8113761, 49.9995445], [15.811548, 49.999622], [15.811963, 49.999752], [15.8124392, 49.999879], [15.8128081, 49.999967], [15.813119, 50.0000282], [15.8134496, 50.0001165], [15.8139707, 50.0002274], [15.8144854, 50.0002888], [15.8150038, 50.0004092], [15.8155854, 50.0005511], [15.8158009, 50.0006275], [15.8161018, 50.0007668], [15.8165171, 50.0008124], [15.8168069, 50.0008258], [15.8169026, 50.000825], [15.8174192, 50.0008411], [15.8176956, 50.0007977], [15.8182722, 50.000647], [15.8184212, 50.0006354], [15.8187691, 50.0006754], [15.8186844, 50.0002209], [15.8195486, 50.0001948], [15.8197406, 50.0002212], [15.8199162, 50.0002379], [15.8204939, 50.00021], [15.8207019, 50.0001911], [15.8235427, 49.9996459], [15.8239901, 49.9996116], [15.8241165, 50.0002667], [15.82443, 50.0002577], [15.8246947, 50.0002314], [15.8250646, 50.0001645], [15.8253892, 49.999988], [15.8259788, 49.9998754], [15.8265693, 49.9998047], [15.8270674, 49.9997733], [15.8273344, 49.9997367], [15.8276061, 49.9996793], [15.827868, 49.9996679], [15.8286288, 49.9994305], [15.8287588, 49.9997436], [15.8289234, 50.0000679], [15.8294359, 50.0010118], [15.8301228, 50.000668], [15.830491, 50.0005105], [15.8307945, 50.000367], [15.8321965, 49.9996228], [15.8327422, 49.999338], [15.8331276, 49.9991506], [15.8340767, 49.9988123], [15.8347887, 49.9986654], [15.8359705, 49.9984668], [15.836278, 49.9984544], [15.8370394, 49.9983946], [15.8370382, 49.9984188], [15.8380737, 49.9983191], [15.8380532, 49.9986748], [15.8391997, 49.9986719], [15.8404796, 49.9986739], [15.8409428, 49.9989187], [15.8414034, 49.9992265], [15.841836, 49.9991297], [15.8414692, 49.9988284], [15.8416112, 49.9987208], [15.8419304, 49.9987561], [15.8425484, 49.9986054], [15.8423765, 49.9983942], [15.8423898, 49.9982768], [15.8424876, 49.9981784], [15.8426445, 49.9982193], [15.8430428, 49.9982428], [15.8432971, 49.9982511], [15.8436115, 49.9982363], [15.843843, 49.9982498], [15.8446649, 49.9983538], [15.8448181, 49.9983204], [15.8449753, 49.9988178], [15.8450991, 49.9994801], [15.8451619, 50.0001055], [15.8458939, 50.0001122], [15.8459109, 50.0006174], [15.8463012, 50.0006641], [15.8475693, 50.0008377], [15.8477473, 50.0005009], [15.8480078, 49.9999467], [15.8481114, 49.9995403], [15.8481301, 49.9990698], [15.8482693, 49.9986825], [15.848489, 49.9982746], [15.8485728, 49.9979267], [15.8486726, 49.9975684], [15.84879, 49.9972398], [15.8488971, 49.9967695], [15.8490719, 49.9963366], [15.8494978, 49.9958814], [15.8497341, 49.9957383], [15.8501829, 49.995365], [15.8502017, 49.9952853], [15.8503647, 49.9952833], [15.8504928, 49.995334], [15.850693, 49.9954075], [15.8507589, 49.9954214], [15.8509215, 49.9954299], [15.8521166, 49.9953479], [15.8523375, 49.9953456], [15.8526853, 49.9953675], [15.853024, 49.9953371], [15.8536209, 49.9952506], [15.8536375, 49.9952716], [15.8538289, 49.9953804], [15.8540592, 49.9953394], [15.8533204, 49.9945494], [15.8523553, 49.9933197], [15.8527792, 49.9930957], [15.8529564, 49.9930786], [15.8536313, 49.9931361], [15.8539207, 49.9931531], [15.8540416, 49.9931828], [15.8542432, 49.9931114], [15.8543849, 49.9928466], [15.8544546, 49.9927994], [15.8547277, 49.9928099], [15.854774, 49.9927955], [15.8548633, 49.9928532], [15.8549403, 49.9929769], [15.8551754, 49.9930234], [15.8554552, 49.9932141], [15.8555158, 49.993215], [15.8555913, 49.9931627], [15.8556164, 49.993024], [15.8555346, 49.9928519], [15.8553468, 49.9927262], [15.8554134, 49.9926862], [15.8555056, 49.9926847], [15.8558628, 49.9927979], [15.85593, 49.9927964], [15.8559761, 49.9927566], [15.8559201, 49.9925738], [15.8559514, 49.9925666], [15.8561107, 49.9925615], [15.8561885, 49.9926237], [15.8563026, 49.9926239], [15.8563693, 49.9925895], [15.8564437, 49.9925183], [15.8566053, 49.9924553], [15.8567388, 49.9925258], [15.8569691, 49.9929322], [15.8570052, 49.9930797], [15.8569578, 49.993196], [15.8567933, 49.9931834], [15.856694, 49.9932229], [15.8567403, 49.9933224], [15.8568928, 49.9933156], [15.8570381, 49.9933889], [15.8572761, 49.9934131], [15.8573935, 49.9932008], [15.8576002, 49.9931903], [15.8576724, 49.9932004], [15.8579836, 49.9931438], [15.8580544, 49.9931719], [15.8580739, 49.9933062], [15.8579737, 49.9934152], [15.8578253, 49.9934563], [15.8574924, 49.9934767], [15.8573076, 49.9935247], [15.8572883, 49.9935609], [15.8574949, 49.9938102], [15.8576237, 49.9938787], [15.8575844, 49.9939653], [15.857358, 49.9941115], [15.8574852, 49.9941954], [15.8574536, 49.9942415], [15.8572769, 49.9942219], [15.8571898, 49.9942457], [15.8570018, 49.9942591], [15.8569905, 49.9943246], [15.8572627, 49.9944732], [15.8573613, 49.9944371], [15.8574727, 49.9943379], [15.8576207, 49.9944214], [15.8576264, 49.9945232], [15.85749, 49.9946733], [15.8573082, 49.9946401], [15.8572333, 49.994655], [15.8572097, 49.9947024], [15.8573209, 49.9948541], [15.8574607, 49.994893], [15.8576358, 49.9948687], [15.857679, 49.9948427], [15.8578084, 49.9948792], [15.8576731, 49.9950321], [15.8577061, 49.995187], [15.8576669, 49.9952927], [15.8577895, 49.9953298], [15.8577751, 49.9953934], [15.8575659, 49.9954149], [15.8574679, 49.9954698], [15.8575555, 49.995564], [15.8575004, 49.9956127], [15.85732, 49.995629], [15.8570056, 49.9955535], [15.8569425, 49.9955656], [15.8569658, 49.9957056], [15.8570013, 49.9957709], [15.8569295, 49.9958101], [15.8568167, 49.9957643], [15.8567631, 49.9958186], [15.8571239, 49.9959619], [15.8572694, 49.9959682], [15.8573296, 49.9960034], [15.8573218, 49.9960321], [15.8572975, 49.9961825], [15.857119, 49.9963646], [15.8571607, 49.996403], [15.8572649, 49.9963919], [15.8573398, 49.9963148], [15.857431, 49.9962696], [15.8576108, 49.9962801], [15.8576889, 49.9962938], [15.857969, 49.9963783], [15.8580428, 49.9964027], [15.858138, 49.9965413], [15.8581924, 49.9965918], [15.8582837, 49.9966289], [15.8582959, 49.9966024], [15.8583286, 49.9964609], [15.8582415, 49.9963719], [15.858248, 49.9963411], [15.8583695, 49.9963236], [15.8589069, 49.996441], [15.8590115, 49.9965097], [15.8590671, 49.9965863], [15.8590731, 49.9966783], [15.8588069, 49.9967675], [15.8585381, 49.9967675], [15.8583925, 49.9967657], [15.8583395, 49.9969002], [15.8583688, 49.9970197], [15.8584433, 49.9970754], [15.8587042, 49.9969771], [15.8588417, 49.9969994], [15.8589424, 49.9969753], [15.8590293, 49.9968452], [15.8590789, 49.9968241], [15.8591823, 49.9968337], [15.8592589, 49.9968978], [15.8592931, 49.9972276], [15.8592263, 49.99732], [15.8591374, 49.9973653], [15.8593243, 49.9974679], [15.8594343, 49.9975689], [15.8598278, 49.9976329], [15.8601005, 49.9976461], [15.8603156, 49.9975698], [15.8605196, 49.9974134], [15.8606998, 49.996988], [15.8610375, 49.9971131], [15.861251, 49.9972651], [15.8617057, 49.9976112], [15.8619411, 49.9978085], [15.8635672, 49.9985335], [15.8638945, 49.9985346], [15.8641886, 49.9985579], [15.8644634, 49.9985449], [15.8651246, 49.9984047], [15.865261, 49.9980676], [15.8655635, 49.9979098], [15.8660777, 49.9975727], [15.8666511, 49.9972172], [15.8668644, 49.9970274], [15.8673443, 49.9972542], [15.867892, 49.9975616], [15.8685106, 49.9971121], [15.8686741, 49.9971827], [15.8688536, 49.9972141], [15.869051, 49.9972547], [15.8692759, 49.9972871], [15.8694195, 49.997205], [15.8697295, 49.9970573], [15.8684834, 49.9961126], [15.8678171, 49.9956707], [15.8675815, 49.995479], [15.8685548, 49.9951021], [15.8686911, 49.9952629], [15.8689689, 49.9955651], [15.8693124, 49.9959272], [15.8709814, 49.9973546], [15.8712296, 49.997021], [15.8713293, 49.9971549], [15.8713974, 49.9972268], [15.8747078, 50.0008834], [15.8744079, 50.0009468], [15.8741573, 50.0009799], [15.8745979, 50.0011651], [15.8751913, 50.0014893], [15.8753655, 50.001638], [15.8768063, 50.0029846], [15.8770741, 50.0032247], [15.8774446, 50.0035319], [15.8777958, 50.0038168], [15.8778344, 50.0038477], [15.8778437, 50.0038558], [15.8784446, 50.0043099], [15.878935, 50.0046443], [15.8792221, 50.0048206], [15.8797844, 50.0051897], [15.8800552, 50.0053921], [15.8801202, 50.0054352], [15.8805003, 50.0057664], [15.8808892, 50.0061453], [15.8810777, 50.006313], [15.8818209, 50.0069869], [15.8822747, 50.0074544], [15.8831713, 50.008442], [15.8834682, 50.0085737], [15.8834879, 50.0085781], [15.8835408, 50.0085938], [15.8837552, 50.008613], [15.8840918, 50.0086042], [15.8844052, 50.0085373], [15.8846823, 50.0084273], [15.8850662, 50.0082461], [15.8855608, 50.008053], [15.8858368, 50.00798], [15.8859144, 50.0079576], [15.886056, 50.0079347], [15.8861745, 50.0079136], [15.8864033, 50.0078989], [15.8864972, 50.0079157], [15.8866289, 50.0079515], [15.8866679, 50.0079606], [15.8867971, 50.0079734], [15.8868087, 50.0080098], [15.8868218, 50.0080558], [15.8868685, 50.0081377], [15.8869397, 50.008219], [15.8870389, 50.0083258], [15.8873507, 50.0086282], [15.8876883, 50.0089649], [15.888306, 50.0095718], [15.8887731, 50.0094042], [15.8895649, 50.0091617], [15.8902336, 50.0089818], [15.8904732, 50.0094881], [15.8892579, 50.0098141], [15.8896047, 50.0102568], [15.8897145, 50.0102202], [15.890129, 50.0107303], [15.8899697, 50.0107841], [15.8905887, 50.0115574], [15.8900623, 50.0117349], [15.8900208, 50.0116618], [15.8895077, 50.0109992], [15.8893463, 50.0108008], [15.8891453, 50.0105518], [15.8890696, 50.0105686], [15.889256, 50.0107965], [15.8897272, 50.0113492], [15.889951, 50.0116689], [15.8901609, 50.0121226], [15.8903926, 50.0124803], [15.8905687, 50.0126706], [15.890948, 50.0131022], [15.8911166, 50.0132764], [15.8913546, 50.0134879], [15.8913462, 50.0135772], [15.8913453, 50.0135988], [15.8913442, 50.0136041], [15.891333, 50.0137568], [15.8912742, 50.0139684], [15.8912662, 50.0139914], [15.8912632, 50.0140035], [15.8912012, 50.0141772], [15.8911183, 50.0143654], [15.8911074, 50.0144245], [15.8911576, 50.0145703], [15.8911802, 50.014684], [15.8912377, 50.0150255], [15.8913843, 50.0157858], [15.8914839, 50.0162813], [15.891559, 50.0164369], [15.8917673, 50.0171161], [15.8913821, 50.0172051], [15.8913442, 50.0172141], [15.8910223, 50.0172], [15.8909506, 50.0172093], [15.8906811, 50.0176675], [15.8904788, 50.0179813], [15.8900492, 50.0184188], [15.8899162, 50.0185036], [15.8897587, 50.0185899], [15.8895965, 50.0186584], [15.8894741, 50.0187038], [15.8884072, 50.0188288], [15.8867417, 50.0187755], [15.8856398, 50.0186529], [15.8854769, 50.0191556], [15.8846292, 50.0190466], [15.8838589, 50.0190177], [15.8838548, 50.0198112], [15.8837944, 50.0198428], [15.8827098, 50.0201064], [15.8823008, 50.0201438], [15.8819049, 50.0201287], [15.8811591, 50.0200463], [15.881201, 50.0202802], [15.8812116, 50.0204872], [15.8812385, 50.0208722], [15.8813096, 50.0211581], [15.8814347, 50.0214538], [15.8815329, 50.0217001], [15.8815795, 50.0218774], [15.8815862, 50.0221232], [15.8814968, 50.0224533], [15.8812259, 50.0237302], [15.8811216, 50.0237374], [15.8807849, 50.02376], [15.8803552, 50.0237649], [15.8797272, 50.0237653], [15.8789672, 50.0237632], [15.8779802, 50.0238175], [15.877065, 50.0239335], [15.8764598, 50.024023], [15.8757993, 50.0240365], [15.8753755, 50.0239747], [15.8753161, 50.0239223], [15.8751423, 50.023945], [15.8746749, 50.0237451], [15.874532, 50.0235922], [15.8744353, 50.0235831], [15.8743386, 50.0232874], [15.8742664, 50.0229718], [15.8739238, 50.0224606], [15.8738617, 50.0215553], [15.8741461, 50.0210622], [15.8743963, 50.0208461], [15.8746668, 50.0202825], [15.8748308, 50.020093], [15.8740967, 50.0201826], [15.8741814, 50.0198803], [15.8743174, 50.0196918], [15.8743535, 50.0195318], [15.8743461, 50.0190808], [15.8742872, 50.0187019], [15.8735019, 50.0187839], [15.873498, 50.0185035], [15.8734928, 50.0183833], [15.8734616, 50.0182754], [15.8734203, 50.0181427], [15.8733796, 50.01799], [15.871989, 50.0183369], [15.8716654, 50.0184259], [15.8715937, 50.0183533], [15.8713421, 50.0183528], [15.8710231, 50.0184827], [15.8709761, 50.0184877], [15.8708435, 50.0185435], [15.8701795, 50.0186139], [15.8695327, 50.0186944], [15.8694617, 50.0186534], [15.8690345, 50.0184066], [15.868696, 50.018143], [15.8682409, 50.0178045], [15.867489, 50.0172964], [15.8671508, 50.0170905], [15.866845, 50.0168019], [15.8665983, 50.0166238], [15.8654821, 50.0160415], [15.8639268, 50.0169711], [15.8630345, 50.0163585], [15.8631999, 50.0160476], [15.8638112, 50.0152945], [15.8641792, 50.0148873], [15.8651137, 50.0142071], [15.8645374, 50.0138275], [15.8638111, 50.0134136], [15.8632252, 50.0136546], [15.8622981, 50.0130452], [15.8613233, 50.012354], [15.860775, 50.0125943], [15.8602884, 50.0127224], [15.8595476, 50.0129425], [15.8596289, 50.0131315], [15.8594833, 50.0133553], [15.8602875, 50.0139364], [15.8590775, 50.0146458], [15.8591887, 50.0147685], [15.8593868, 50.0148096], [15.8595534, 50.0149178], [15.8597371, 50.0151078], [15.859756, 50.0152199], [15.8596721, 50.0153864], [15.8595094, 50.0155251], [15.8594584, 50.0156269], [15.8594555, 50.0156661], [15.8594681, 50.0158882], [15.8598221, 50.0160144], [15.8595753, 50.0162889], [15.8594102, 50.0166269], [15.8590612, 50.0169062], [15.8583295, 50.0171562], [15.8580218, 50.0171684], [15.8572707, 50.0170285], [15.8568611, 50.0170257], [15.8562906, 50.0171063], [15.8560246, 50.0170623], [15.8557901, 50.0174185], [15.8543494, 50.0186849], [15.8540282, 50.018751], [15.8535943, 50.0189714], [15.8527036, 50.0195373], [15.8518751, 50.0197639], [15.8516498, 50.0200727], [15.851061, 50.0203719], [15.8502128, 50.0207056], [15.8485591, 50.0211409], [15.8477681, 50.021316], [15.8466478, 50.0214479], [15.8465738, 50.0215449], [15.8426605, 50.0223209], [15.8434912, 50.0228731], [15.844616, 50.0231762], [15.8448728, 50.0239201], [15.8453032, 50.0240253], [15.8458984, 50.0239982], [15.8460542, 50.0242214], [15.8466199, 50.0248137], [15.8476404, 50.0267566], [15.8478144, 50.0271863], [15.8477116, 50.0272871], [15.8477342, 50.0274699], [15.8475629, 50.0276379], [15.8476016, 50.0280392], [15.8482153, 50.0291362], [15.8489026, 50.0299853], [15.8491855, 50.0308941], [15.8490918, 50.0315584], [15.8489592, 50.0320422], [15.848985, 50.0323895], [15.848945, 50.0329992], [15.8488178, 50.0336933], [15.8487872, 50.0339703], [15.848811, 50.0342752], [15.8489059, 50.0345071], [15.8490542, 50.0350505], [15.8490323, 50.0354791], [15.8489636, 50.0357673], [15.8488091, 50.0360956], [15.8487692, 50.0364456], [15.8488516, 50.0368141], [15.8491007, 50.037428], [15.8491246, 50.0374801], [15.8486213, 50.0374328], [15.8475422, 50.0373223], [15.8458726, 50.0375891], [15.8455932, 50.0376653], [15.8453369, 50.0377319], [15.8449203, 50.0378457], [15.8448966, 50.0378721], [15.8448176, 50.0379249], [15.8448111, 50.0379503], [15.8445203, 50.0382012], [15.8442916, 50.0384027], [15.8442206, 50.0384312], [15.8441613, 50.0384589], [15.8441041, 50.0384764], [15.844024, 50.0385061], [15.843936, 50.0385229], [15.8437138, 50.0385539], [15.8436257, 50.0385834], [15.8433058, 50.0387208], [15.843204, 50.0387917], [15.8426536, 50.0389493], [15.8426172, 50.0389578], [15.842566, 50.0390053], [15.8423505, 50.0392203], [15.8415757, 50.0395737], [15.841458, 50.0396053], [15.8410249, 50.0397326], [15.8409978, 50.0397531], [15.8408732, 50.0398982], [15.8411695, 50.039871], [15.8416044, 50.0398133], [15.8416473, 50.040271], [15.8415773, 50.0405437], [15.8415605, 50.0408512], [15.840988, 50.0410885], [15.8406564, 50.0413455], [15.840752, 50.0417145], [15.8409509, 50.0421361], [15.8411937, 50.042367], [15.8414169, 50.042584], [15.841481, 50.0426532], [15.8415394, 50.0428266], [15.841567, 50.0429581], [15.8416547, 50.0430851], [15.8417767, 50.0432404], [15.8418702, 50.0434551], [15.8419079, 50.0435923], [15.841936, 50.043847], [15.8419631, 50.0439925], [15.8419713, 50.044103], [15.8419388, 50.0443543], [15.84182, 50.0445205], [15.8415955, 50.0447954], [15.8413768, 50.0452185], [15.8413212, 50.0453453], [15.8411976, 50.045662], [15.8411115, 50.0458981], [15.8410693, 50.0460293], [15.8410267, 50.0460905], [15.8408829, 50.0463533], [15.8408245, 50.046476], [15.8407898, 50.0466431], [15.8407523, 50.0469903], [15.840728, 50.0471701], [15.8407045, 50.0472553], [15.8406435, 50.0475], [15.8406513, 50.0475802], [15.8408013, 50.0478619], [15.8408083, 50.0479794], [15.8408689, 50.0482282], [15.8408944, 50.0485266], [15.8408409, 50.0487698], [15.8407049, 50.0490513], [15.8406669, 50.049203], [15.8405931, 50.0494651], [15.8405582, 50.0497956], [15.8405789, 50.0501844], [15.8405442, 50.0502646], [15.8404596, 50.0506308], [15.8402855, 50.0507072], [15.8401138, 50.0508518], [15.8399328, 50.0511426], [15.8395079, 50.0511533], [15.8394128, 50.0511618], [15.8391113, 50.0511675], [15.8387346, 50.0511773], [15.8386749, 50.0511803], [15.8383575, 50.0511827], [15.8379423, 50.0512062], [15.8377602, 50.0511987], [15.837387, 50.0511704], [15.8371463, 50.0511757], [15.8369051, 50.0511913], [15.8366216, 50.0512503], [15.8362632, 50.0513156], [15.8360834, 50.0513384], [15.8359668, 50.0513419], [15.8357961, 50.0513584], [15.8354543, 50.0513832], [15.8352698, 50.051422], [15.8351942, 50.052072], [15.8351212, 50.0524706], [15.8350724, 50.0526919], [15.8349533, 50.0530948], [15.8348358, 50.0534811], [15.8346838, 50.0539359], [15.8347303, 50.0541514], [15.8346109, 50.0541714], [15.8341028, 50.0543053], [15.8335528, 50.0544169], [15.8334183, 50.0544063], [15.8330871, 50.0543703], [15.8330567, 50.0546481], [15.8329461, 50.0554018], [15.832981, 50.0555702], [15.8326692, 50.0560275], [15.8327421, 50.056072], [15.8324695, 50.0561941], [15.8319889, 50.0564197], [15.8319108, 50.0564582], [15.8318352, 50.0565128], [15.8314635, 50.0570096], [15.8313175, 50.0573635], [15.8311591, 50.0578023], [15.8310831, 50.0581258], [15.8310688, 50.0585448], [15.8310754, 50.058796], [15.8311226, 50.0588092], [15.8311633, 50.0589853], [15.8312522, 50.0591987], [15.8313479, 50.0593753], [15.831501, 50.0596524], [15.8316492, 50.0598411], [15.8311699, 50.0601611], [15.8303653, 50.0605578], [15.830161, 50.0605335], [15.8300708, 50.0604846], [15.8298498, 50.0603184], [15.8296617, 50.0601575], [15.8296559, 50.0601374], [15.8295391, 50.0600658], [15.8285454, 50.0597432], [15.828222, 50.0596632], [15.8271603, 50.059451], [15.8259446, 50.0591617], [15.8256585, 50.0589711], [15.8250234, 50.0586637], [15.8246312, 50.0585067], [15.8241619, 50.058385], [15.8238938, 50.0583559], [15.8237179, 50.0582947], [15.8233382, 50.0582345], [15.8230479, 50.0582326], [15.8227455, 50.0582502], [15.8225472, 50.0583136], [15.8220043, 50.0582434], [15.8217683, 50.0583258], [15.8216692, 50.0583459], [15.8215333, 50.0583329], [15.8214582, 50.0582797], [15.8214524, 50.0581898], [15.821384, 50.0581386], [15.8212216, 50.0581599], [15.8211943, 50.0581431], [15.8211863, 50.0581332], [15.8210995, 50.0580672], [15.8209999, 50.0580323], [15.8207562, 50.0580321], [15.8204144, 50.0580165], [15.8202195, 50.0580381], [15.8200481, 50.0580221], [15.819768, 50.058029], [15.8196753, 50.0579329], [15.8196987, 50.0578526], [15.8196228, 50.0577454], [15.81893, 50.0579743], [15.8187253, 50.0579719], [15.818409, 50.0581139], [15.8186104, 50.0581793], [15.8184641, 50.0582635], [15.8177529, 50.0580567], [15.8172938, 50.0579249], [15.8162237, 50.057649], [15.8157165, 50.0575105], [15.8154499, 50.0575108], [15.8147117, 50.0575784], [15.8140475, 50.0576066], [15.813108, 50.0576426], [15.8125341, 50.0575245], [15.8123324, 50.0574445], [15.8119116, 50.0572283], [15.8117651, 50.0571203], [15.8116388, 50.0569516], [15.8114874, 50.0564931], [15.8114051, 50.0563078], [15.8110705, 50.0559193], [15.8108948, 50.0557558], [15.8107017, 50.0556311], [15.8106404, 50.0556036], [15.810356, 50.0555275], [15.8095432, 50.0554146], [15.8084616, 50.0553639], [15.8079722, 50.0553378], [15.8075301, 50.0553766], [15.8069394, 50.0554254], [15.8063049, 50.0554541], [15.8052905, 50.0555329], [15.7999679, 50.0558894], [15.7962009, 50.0560836], [15.7957166, 50.0561563], [15.795574, 50.0561707], [15.7949719, 50.0563984], [15.7947639, 50.0564645], [15.7943793, 50.0568693], [15.7942419, 50.0570964], [15.7941761, 50.0572724], [15.7941511, 50.057376], [15.794148, 50.0575056], [15.7941371, 50.0575448], [15.794139, 50.0577778], [15.7941187, 50.0580043], [15.7940942, 50.0581418], [15.7940401, 50.0583397], [15.7939917, 50.0584748], [15.7939311, 50.0586082], [15.7935079, 50.0592658], [15.7933053, 50.0594892], [15.7932145, 50.0595521], [15.7930901, 50.0596147], [15.7929486, 50.0596757], [15.7927715, 50.0597313], [15.7925142, 50.0597859], [15.7922818, 50.0598265], [15.7920025, 50.0598597], [15.7916982, 50.0598753], [15.7914151, 50.0598778], [15.7911018, 50.0598711], [15.7907979, 50.0598534], [15.7903819, 50.0598095], [15.790138, 50.0597699], [15.7902177, 50.0601449], [15.7898386, 50.0601342], [15.789622, 50.0601495], [15.7893564, 50.0601838], [15.7890834, 50.0601831], [15.7887893, 50.060138], [15.7884164, 50.0601278], [15.7879675, 50.0601025], [15.7876224, 50.0600361], [15.7872061, 50.0598199], [15.7869214, 50.0595252], [15.7865893, 50.0589251], [15.7863236, 50.0583286], [15.7861817, 50.0578708], [15.7861096, 50.057256], [15.7859502, 50.056969], [15.7857805, 50.0565198], [15.7825885, 50.0575953], [15.7822961, 50.057818], [15.7820368, 50.0579403], [15.7816029, 50.0580584], [15.7812798, 50.0581436], [15.7809889, 50.0581502], [15.780702, 50.058115], [15.7805252, 50.0580499], [15.7802748, 50.0579527], [15.7799587, 50.0578726], [15.7796203, 50.0577399], [15.7791455, 50.057374], [15.7790221, 50.05722], [15.7789521, 50.057111], [15.7786828, 50.0568773], [15.7778092, 50.0568077], [15.7768672, 50.0566107], [15.7758411, 50.0563767], [15.7758678, 50.0564451], [15.7761817, 50.0575437], [15.776159, 50.0575496], [15.7759954, 50.057539], [15.7755184, 50.05782], [15.7753277, 50.058075], [15.7752966, 50.0582645], [15.7752785, 50.0583918], [15.7747114, 50.0584986], [15.7743728, 50.0585515], [15.7742004, 50.0586059], [15.7739431, 50.0586709], [15.7740898, 50.0589061], [15.7742122, 50.0591024], [15.7742519, 50.0591517], [15.7744089, 50.0594204], [15.7746791, 50.0601114], [15.7749159, 50.0607169], [15.7749676, 50.0608491], [15.7751585, 50.0612831], [15.7753318, 50.0617228], [15.7756345, 50.0626905], [15.771271, 50.0633445], [15.7707158, 50.0632511], [15.7699433, 50.0628682], [15.769759, 50.0628114], [15.769307, 50.0627479], [15.7676545, 50.0625056], [15.767511, 50.0624911], [15.7674909, 50.0625091], [15.7673785, 50.0627559], [15.7671208, 50.0631869], [15.7659147, 50.0628272], [15.7655167, 50.0627131], [15.7652233, 50.062657], [15.7650449, 50.0626404], [15.764767, 50.0626207], [15.7641277, 50.0626026], [15.7637273, 50.0625912], [15.763628, 50.0626024], [15.7635911, 50.0626413], [15.7635539, 50.0626805], [15.7631954, 50.0633235], [15.7630595, 50.063575], [15.7629811, 50.0637177], [15.7629137, 50.0638169], [15.7625973, 50.064281], [15.7625182, 50.064404], [15.762357, 50.0647228], [15.7619592, 50.0655635], [15.7616391, 50.0663381], [15.7612902, 50.067222], [15.7609446, 50.0682083], [15.7607215, 50.0687926], [15.7601363, 50.0700031], [15.7595861, 50.0715148], [15.7594326, 50.0721783], [15.7591709, 50.0737504], [15.7599475, 50.0737835], [15.7604483, 50.0738138], [15.7613814, 50.073893], [15.7586832, 50.074751], [15.7583453, 50.0748542], [15.7580193, 50.0749515], [15.7559045, 50.0755641], [15.7558791, 50.0755687], [15.7559148, 50.0751074], [15.7558891, 50.0745086], [15.7557483, 50.0741719], [15.7553483, 50.0736968], [15.7544691, 50.0730296], [15.7542633, 50.0729382], [15.7540105, 50.0728114], [15.7539097, 50.0727703], [15.7537668, 50.0727394], [15.752977, 50.0725235], [15.7526875, 50.072419], [15.752456, 50.0723405], [15.7521785, 50.0722268], [15.7516614, 50.0720243], [15.7512332, 50.0717959], [15.7506072, 50.07149], [15.7492015, 50.0709481], [15.7484654, 50.0707515], [15.7481532, 50.0706208], [15.7477617, 50.0704097], [15.7474599, 50.0701957], [15.7467355, 50.0696212], [15.746388, 50.069843], [15.7453506, 50.0700666], [15.7445511, 50.0700854], [15.7437684, 50.0699187], [15.7426598, 50.0703487], [15.7415949, 50.0703805], [15.7407354, 50.0701803], [15.7402155, 50.0706673], [15.7399591, 50.0707647], [15.7390533, 50.0712324], [15.7388883, 50.0712878], [15.7396936, 50.0713862], [15.7400386, 50.0713181], [15.7395536, 50.0715596], [15.738323, 50.0717592], [15.7371448, 50.0720822], [15.7370652, 50.0721003], [15.7365492, 50.0721628], [15.7361955, 50.0723599], [15.7359434, 50.0724701], [15.7358581, 50.0725815], [15.7354674, 50.0726008], [15.7352981, 50.0725668], [15.7351625, 50.0725301], [15.7352109, 50.0724698], [15.7350082, 50.0724512], [15.7341274, 50.0723585], [15.7333285, 50.0722341], [15.7326785, 50.072036], [15.7318832, 50.0718009], [15.7311906, 50.071588], [15.7300076, 50.0710699], [15.7298477, 50.0709188], [15.729351, 50.0702632], [15.7292298, 50.0702019], [15.7287825, 50.0701226], [15.7276991, 50.0699693], [15.7266751, 50.069851], [15.7255338, 50.0696912], [15.7254269, 50.0696993], [15.7253661, 50.069713], [15.7241896, 50.0722838], [15.7240607, 50.0723694], [15.7228045, 50.0726099], [15.7223521, 50.0727206], [15.7211745, 50.0730298], [15.7200774, 50.0734154], [15.7194373, 50.0736353], [15.7191324, 50.0737295], [15.7188555, 50.073801], [15.7185026, 50.0739044], [15.7180644, 50.0744102], [15.7178514, 50.0746472], [15.7179345, 50.0754613], [15.7179275, 50.0755141], [15.717844, 50.0757328], [15.7176064, 50.0761649], [15.7173509, 50.0766468], [15.7173003, 50.0771301], [15.7172186, 50.0774041], [15.7170314, 50.0773571], [15.7141925, 50.0771013], [15.7116575, 50.0767587], [15.711088, 50.0766619], [15.7102211, 50.0765702], [15.7100856, 50.0765037], [15.7099783, 50.0763795], [15.7098223, 50.0759657], [15.7096794, 50.0757101], [15.7094386, 50.0753682], [15.7090676, 50.0747162], [15.7087432, 50.0742375], [15.7080536, 50.0731778], [15.7082334, 50.0723581], [15.7085606, 50.0717813], [15.7085765, 50.0712379], [15.7087051, 50.0703402], [15.7087373, 50.0701846], [15.7088532, 50.06981], [15.7089429, 50.0697012], [15.7089832, 50.0696421], [15.7092422, 50.0693001], [15.7092227, 50.0692907], [15.708938, 50.0690245], [15.7083513, 50.0684964], [15.7097399, 50.067839], [15.7097817, 50.0678271], [15.7097548, 50.0677283], [15.7096105, 50.0673497], [15.7092441, 50.066831], [15.7091459, 50.0665202], [15.7090433, 50.0664281], [15.7086393, 50.0660373], [15.7085762, 50.0659752], [15.7082746, 50.0656784], [15.7082979, 50.0656686], [15.7082329, 50.0656046], [15.7088354, 50.0654021], [15.7092569, 50.0652278], [15.7095129, 50.0650526], [15.7095615, 50.0649823], [15.7102047, 50.0636794], [15.7105665, 50.0630744], [15.710798, 50.0627128], [15.7110059, 50.0624071], [15.711706, 50.0616681], [15.7119197, 50.0614941], [15.7123776, 50.0611481], [15.7125889, 50.0610018], [15.7134202, 50.0605464], [15.7137678, 50.0603434], [15.7143744, 50.0601017], [15.7150445, 50.059923], [15.7152628, 50.059891], [15.7154502, 50.059874], [15.7157835, 50.0598489], [15.7161178, 50.0598417], [15.7168797, 50.0598952], [15.7178142, 50.0599956], [15.7178796, 50.0600015], [15.7179566, 50.0596518], [15.7164291, 50.0595992], [15.7164365, 50.0593908], [15.7164634, 50.0586297], [15.716925, 50.0577746], [15.7172214, 50.0573984], [15.7173557, 50.0574356], [15.7174069, 50.0574498], [15.7177085, 50.0569428], [15.7172171, 50.0565391], [15.7171119, 50.0564553], [15.7168434, 50.0562359], [15.7165426, 50.0559121], [15.7158865, 50.0551998], [15.7157511, 50.0550668], [15.7156072, 50.0550028], [15.7152074, 50.0545917], [15.7152974, 50.0544954], [15.7158738, 50.0540138], [15.7160974, 50.0537492], [15.7161942, 50.0534941], [15.7161682, 50.0528402], [15.7161483, 50.0527683], [15.716052, 50.0527659], [15.7159456, 50.0527185], [15.7158847, 50.0527143], [15.7158186, 50.0527676], [15.7157387, 50.0527201], [15.7155972, 50.0527072], [15.7155796, 50.0527702], [15.7154077, 50.0528317], [15.7153174, 50.0528173], [15.7152472, 50.0528405], [15.7152548, 50.0528717], [15.715288, 50.0529358], [15.7151769, 50.052995], [15.7150961, 50.052994], [15.7150539, 50.0529701], [15.7150175, 50.0528898], [15.7149189, 50.0528537], [15.7148603, 50.0529147], [15.714807, 50.0528843], [15.7147006, 50.0528614], [15.7145851, 50.0528278], [15.7144618, 50.0527261], [15.7145065, 50.0526871], [15.7144545, 50.0525597], [15.7145065, 50.0524978], [15.714496, 50.0524784], [15.7144271, 50.0524636], [15.7144925, 50.052346], [15.7144348, 50.0522296], [15.7143263, 50.0521995], [15.714279, 50.0521638], [15.7143286, 50.0520425], [15.7143949, 50.0519465], [15.7145591, 50.051947], [15.7146212, 50.0519296], [15.7146032, 50.0518596], [15.7146643, 50.0517762], [15.7148594, 50.0516955], [15.7150715, 50.0517285], [15.7152236, 50.0516594], [15.7153897, 50.0515417], [15.7155934, 50.0515505], [15.7157123, 50.0514673], [15.7158129, 50.0514337], [15.7159036, 50.0513776], [15.7159052, 50.0513566], [15.7158681, 50.0512594], [15.7159735, 50.0512354], [15.716085, 50.0513254], [15.7162725, 50.0513885], [15.7164876, 50.0512233], [15.7166104, 50.0512169], [15.7167625, 50.0512204], [15.7169438, 50.0510349], [15.7170169, 50.0510072], [15.7169739, 50.0509236], [15.7167977, 50.0509366], [15.716785, 50.0508554], [15.7168666, 50.0508384], [15.7169283, 50.0506351], [15.7169931, 50.0505606], [15.716992, 50.0503224], [15.7173594, 50.0502749], [15.7175402, 50.0502482], [15.7178233, 50.0501735], [15.7181526, 50.0500651], [15.7183751, 50.049995], [15.7185408, 50.04988], [15.7188877, 50.0497633], [15.7189235, 50.0496742], [15.7192735, 50.0495106], [15.7196336, 50.0492692], [15.7197418, 50.0490622], [15.7200904, 50.0486164], [15.7202202, 50.0480008], [15.7200978, 50.0473296], [15.7199748, 50.0469411], [15.7198604, 50.0466513], [15.7189265, 50.0459869], [15.7179777, 50.045838], [15.7169253, 50.0459349], [15.7161147, 50.0462745], [15.7155073, 50.0467093], [15.7147483, 50.0470243], [15.7138352, 50.046911], [15.7130679, 50.0464433], [15.7128313, 50.0462643], [15.712647, 50.0460784], [15.7124584, 50.0458748], [15.7123035, 50.0456764], [15.7121831, 50.045498], [15.712102, 50.0453582], [15.7118529, 50.045145], [15.7115857, 50.0447578], [15.7113989, 50.0443822], [15.7113717, 50.0439916], [15.7114404, 50.0436196], [15.711951, 50.0427126], [15.7128381, 50.0420098], [15.7140595, 50.0415306], [15.7153637, 50.0416184], [15.7163622, 50.0420571], [15.7174098, 50.0423491], [15.7178755, 50.0424026], [15.7178819, 50.0424011], [15.7182771, 50.0424354], [15.718927, 50.0424735], [15.7193707, 50.0425493], [15.7197222, 50.0426496], [15.7197337, 50.0426256], [15.719857, 50.0424788], [15.7198953, 50.0423985], [15.7199488, 50.0421465], [15.720012, 50.0418966], [15.7204086, 50.0417032], [15.7205905, 50.0415045], [15.7206597, 50.0407568], [15.720661, 50.0407218], [15.72068, 50.0405386], [15.7208798, 50.0403061], [15.7209112, 50.0401899], [15.7208795, 50.0401365], [15.7208163, 50.0400646], [15.7204956, 50.0399294], [15.7203291, 50.0398614], [15.7198645, 50.0396521], [15.7192217, 50.0391992], [15.7191128, 50.0390292], [15.7189661, 50.038843], [15.7189073, 50.0386919], [15.7185769, 50.0388462], [15.7184917, 50.0389088], [15.7183857, 50.0389979], [15.718326, 50.0391365], [15.7183124, 50.0391765], [15.7180115, 50.0393805], [15.717541, 50.0397066], [15.7173097, 50.0398528], [15.7168109, 50.0400493], [15.716562, 50.0400999], [15.7166116, 50.0398228], [15.7166847, 50.0396042], [15.7167352, 50.0391162], [15.7168172, 50.0387997], [15.7168069, 50.0384292], [15.716791, 50.0383791], [15.7167876, 50.038347], [15.7165408, 50.0382742], [15.7159906, 50.0381227], [15.7150228, 50.0379327], [15.7150464, 50.0378107], [15.7160094, 50.0366789], [15.7171257, 50.0355297], [15.7175191, 50.0350348], [15.7176073, 50.0348963], [15.7180611, 50.0339981], [15.7184882, 50.0332446], [15.7187009, 50.0326113], [15.7187001, 50.0324469], [15.718434, 50.0318249], [15.7183632, 50.0317161], [15.7183308, 50.0316209], [15.7182722, 50.0315377], [15.7181786, 50.0313657], [15.7179963, 50.0310842], [15.7179779, 50.0310367], [15.7179156, 50.0310224], [15.7168975, 50.0308129], [15.7163856, 50.0307037], [15.7158829, 50.0306057], [15.7155616, 50.0305683], [15.7154982, 50.0305976], [15.7154054, 50.0306123], [15.7147215, 50.0307191], [15.7117485, 50.0311718], [15.7117522, 50.0313515], [15.7117755, 50.031605], [15.7118006, 50.0316623], [15.711909, 50.0318856], [15.7119444, 50.0320114], [15.7120755, 50.0322645], [15.7121661, 50.0323956], [15.7121877, 50.0324413], [15.7121706, 50.0325488], [15.712209, 50.0327375], [15.712323, 50.0329159], [15.7121116, 50.0332646], [15.7122723, 50.0336042], [15.712296, 50.0338571], [15.7122641, 50.0340395], [15.7124419, 50.0345473], [15.7120665, 50.0347501], [15.7118611, 50.0347026], [15.7096046, 50.0351008], [15.7090731, 50.0351622], [15.7082956, 50.035233], [15.7081158, 50.0347553], [15.7076441, 50.0338164], [15.7070481, 50.0338762], [15.7069879, 50.0337687], [15.7069581, 50.0337661], [15.7070442, 50.0333466], [15.70711, 50.0330698], [15.7072074, 50.0327526], [15.7072813, 50.0325005], [15.7072625, 50.0324991], [15.7070466, 50.0322147], [15.7066178, 50.0315799], [15.706541, 50.031417], [15.7064991, 50.0312546], [15.7064441, 50.0310771], [15.706549, 50.0306461], [15.7067591, 50.0298553], [15.7065094, 50.0298073], [15.7062684, 50.0298217], [15.7060152, 50.0298315], [15.7059797, 50.0298349], [15.7058996, 50.029753], [15.7054203, 50.0295882], [15.7049333, 50.0293805], [15.7045537, 50.0292574], [15.7039186, 50.0290556], [15.7036395, 50.0289858], [15.7031949, 50.0289273], [15.7028129, 50.0288766], [15.7025545, 50.0289067], [15.7024724, 50.0288964], [15.7023884, 50.0288784], [15.70214, 50.0288859], [15.7020274, 50.0288833], [15.7024653, 50.0300821], [15.7019056, 50.0301379], [15.7016965, 50.030174], [15.7012584, 50.030529], [15.7010633, 50.0305376], [15.7006588, 50.0305504], [15.6999186, 50.0305037], [15.6999692, 50.0306808], [15.6999755, 50.0309123], [15.6990633, 50.0310091], [15.6986987, 50.0311579], [15.6984816, 50.0312791], [15.6976942, 50.0317689], [15.697371, 50.0314507], [15.6968988, 50.0317365], [15.6959931, 50.0316384], [15.6957026, 50.0314863], [15.695626, 50.0315971], [15.695506, 50.0318352], [15.6952782, 50.0321822], [15.6951454, 50.032401], [15.694816, 50.0327336], [15.6946142, 50.0328672], [15.6927341, 50.0332205], [15.6924863, 50.0334949], [15.6918211, 50.0340802], [15.6917115, 50.0343319], [15.6917836, 50.0346741], [15.6924279, 50.035713], [15.6927699, 50.0363855], [15.6929278, 50.036362], [15.6938865, 50.0363246], [15.6939155, 50.0363615], [15.6939454, 50.0363757], [15.6943199, 50.0366073], [15.6944472, 50.0366714], [15.6945478, 50.0367141], [15.6948029, 50.0367594], [15.694861, 50.0367748], [15.6949395, 50.0368182], [15.6949616, 50.0370753], [15.69489, 50.0370941], [15.6946919, 50.0371397], [15.6945359, 50.0372854], [15.6939313, 50.0374721], [15.6920594, 50.0379019], [15.6914308, 50.0380356], [15.6912496, 50.0380774], [15.6907102, 50.0382149], [15.6904323, 50.0383271], [15.6906257, 50.0386713], [15.6906592, 50.0387508], [15.6906799, 50.0387738], [15.6908609, 50.039061], [15.691229, 50.0392901], [15.6913578, 50.0395987], [15.6913094, 50.0396779], [15.6911933, 50.0397648], [15.6915551, 50.0396188], [15.6915208, 50.0397872], [15.6912867, 50.0398919], [15.6910464, 50.0400446], [15.6907957, 50.0402421], [15.69092, 50.0404787], [15.6908434, 50.0406505], [15.6907548, 50.0408273], [15.6907558, 50.0408469], [15.6907457, 50.0408697], [15.6906441, 50.0412147], [15.6906493, 50.0412978], [15.6906687, 50.0413811], [15.6908728, 50.0417348], [15.6908841, 50.041755], [15.6906421, 50.0418143], [15.6901445, 50.0418724], [15.6898684, 50.041927], [15.6894824, 50.0419736], [15.6889304, 50.0420291], [15.6885461, 50.042074], [15.6879518, 50.0421708], [15.6874072, 50.0423076], [15.6867147, 50.0424194], [15.686313, 50.0423876], [15.6858692, 50.0422382], [15.6857264, 50.0421467], [15.6854578, 50.0417732], [15.6852729, 50.0413463], [15.6850642, 50.0410396], [15.6850302, 50.0405505], [15.6848312, 50.0403871], [15.6846745, 50.0402833], [15.6844932, 50.0401938], [15.6843067, 50.0401291], [15.6840471, 50.0400555], [15.6833501, 50.0399642], [15.682827, 50.0400106], [15.6821474, 50.0402559], [15.6819261, 50.0403915], [15.6817556, 50.0405216], [15.6816703, 50.0406663], [15.6816324, 50.0408006], [15.681624, 50.0410093], [15.6817361, 50.0412163], [15.6820811, 50.0414972], [15.6822598, 50.0417194], [15.682544, 50.0420096], [15.6828234, 50.0421298], [15.6831859, 50.042525], [15.6833254, 50.04293], [15.6832618, 50.0431784], [15.6832177, 50.0432569], [15.6830859, 50.043354], [15.6827337, 50.0434633], [15.6821343, 50.0435208], [15.6813914, 50.0434796], [15.6801093, 50.0436561], [15.6796788, 50.0436536], [15.6785901, 50.0435001], [15.6781518, 50.0435116], [15.6780786, 50.0435374], [15.6779466, 50.0436245], [15.6778614, 50.0436889], [15.677765, 50.0437794], [15.6776775, 50.0438982], [15.6774994, 50.044207], [15.6773567, 50.0446157], [15.6773142, 50.0448118], [15.6772393, 50.0452624], [15.6772457, 50.0455617], [15.6772322, 50.0456829], [15.6771148, 50.046088], [15.6769022, 50.0463559], [15.6768925, 50.0463816], [15.6768375, 50.0464542], [15.6766513, 50.0466722], [15.6763067, 50.0469277], [15.6759064, 50.0471655], [15.6753102, 50.0474132], [15.6744706, 50.0474763], [15.6740242, 50.0474996], [15.673786, 50.0474703], [15.6727083, 50.0471252], [15.6720172, 50.0469345], [15.6714635, 50.0467523], [15.6712356, 50.0466527], [15.6708153, 50.0461864], [15.6700562, 50.0458058], [15.6698396, 50.0456276], [15.6697531, 50.0455281], [15.6697744, 50.0450513], [15.6697347, 50.0448478], [15.6696749, 50.0446179], [15.6697041, 50.0441993], [15.6696478, 50.04397], [15.6694763, 50.0438652], [15.6687811, 50.0437218], [15.6679031, 50.0438024], [15.6674309, 50.0438632], [15.6671411, 50.0439224], [15.6666082, 50.0440732], [15.6663605, 50.0441659], [15.6657626, 50.0444174], [15.665062, 50.0449065], [15.6643831, 50.0454407], [15.6639624, 50.0456893], [15.6635096, 50.0459057], [15.6628264, 50.0461426], [15.6620621, 50.0462712], [15.6618109, 50.046315], [15.6609015, 50.0463339], [15.6601688, 50.0463401], [15.6591252, 50.0462803], [15.6586666, 50.0462077], [15.6581198, 50.0460986], [15.6577748, 50.0460136], [15.6571272, 50.0457537], [15.6568132, 50.0455851], [15.6559122, 50.0448851], [15.6557596, 50.0445799], [15.6556089, 50.0440154], [15.6558047, 50.0430889], [15.6554931, 50.0422025], [15.6545555, 50.0413809], [15.6537918, 50.0410839], [15.6530186, 50.0409533], [15.6525114, 50.0408663], [15.6508625, 50.0407765], [15.6494921, 50.0412241], [15.6481129, 50.0418501], [15.6474874, 50.0421336], [15.6470211, 50.0422308], [15.6465597, 50.042274], [15.6460058, 50.0422852], [15.6453325, 50.0420884], [15.6450696, 50.0419622], [15.6447473, 50.0417272], [15.6446362, 50.0411612], [15.6444973, 50.0405778], [15.6444667, 50.0404926], [15.6440743, 50.0401197], [15.6436224, 50.0399204], [15.6431881, 50.0398057], [15.6427297, 50.0397717], [15.6421538, 50.039829], [15.6409051, 50.0402119], [15.6399921, 50.0404109], [15.6396203, 50.0404987], [15.6383236, 50.0408709], [15.6375794, 50.0413601], [15.6367324, 50.0418834], [15.6366025, 50.0419632], [15.6358975, 50.0421579], [15.6353098, 50.0422617], [15.6348323, 50.0423002], [15.6346249, 50.0422859], [15.6340348, 50.0421731], [15.6335093, 50.0420195], [15.6333678, 50.041963], [15.6331465, 50.0418713], [15.6330488, 50.0417949], [15.6329179, 50.0416634], [15.632853, 50.0415437], [15.6328066, 50.0412675], [15.6329666, 50.0410129], [15.6330536, 50.0409139], [15.6337156, 50.0404586], [15.6340205, 50.0403202], [15.6340601, 50.0402987], [15.6344891, 50.0401091], [15.6349486, 50.0395556], [15.6350795, 50.0389623], [15.6352969, 50.0383864], [15.6360899, 50.0373219], [15.6359153, 50.0368215], [15.6356135, 50.0362765], [15.6353554, 50.0357039], [15.6352027, 50.0352522], [15.635098, 50.0345757], [15.6350905, 50.0340646], [15.6348026, 50.0335637], [15.6346649, 50.0333943], [15.6345709, 50.033299], [15.6340985, 50.0331089], [15.6332038, 50.0329834], [15.6313762, 50.0333197], [15.630482, 50.0335623], [15.629682, 50.0338565], [15.6289439, 50.034044], [15.6281773, 50.0340515], [15.6276423, 50.0338448], [15.6271523, 50.0336138], [15.6268692, 50.0333851], [15.6265288, 50.0330303], [15.6263505, 50.0327174], [15.6262508, 50.0325903], [15.6260337, 50.0323703], [15.6257178, 50.0321721], [15.6253671, 50.0320022], [15.6249984, 50.031871]], [[15.8133625, 50.0476174], [15.8141223, 50.0481636], [15.814419, 50.0484041], [15.8145337, 50.0484945], [15.8146418, 50.0485485], [15.814484, 50.0485901], [15.8155916, 50.0491574], [15.8161118, 50.0493538], [15.8167142, 50.0495205], [15.8175106, 50.0497012], [15.8184629, 50.0499386], [15.8188263, 50.049987], [15.8207799, 50.0503828], [15.8218936, 50.0505535], [15.822507, 50.0506327], [15.8230353, 50.0506789], [15.8243879, 50.0507206], [15.8244139, 50.0506483], [15.8244984, 50.0506014], [15.8245205, 50.050451], [15.8245823, 50.0502379], [15.8247003, 50.0499559], [15.8250693, 50.0493663], [15.825509, 50.0489279], [15.8257756, 50.048711], [15.8261605, 50.0485099], [15.8269093, 50.0481188], [15.8269412, 50.0480756], [15.8275985, 50.0471846], [15.8276009, 50.0471784], [15.8278685, 50.0465024], [15.8273878, 50.0458355], [15.8270746, 50.0455146], [15.8269534, 50.0453904], [15.8269588, 50.0453612], [15.8267956, 50.0451725], [15.8264717, 50.0447981], [15.8270104, 50.0445388], [15.8273955, 50.0443834], [15.8274386, 50.0443578], [15.8274517, 50.0443432], [15.8276172, 50.0441861], [15.8279336, 50.0439127], [15.8281261, 50.043826], [15.829298, 50.0433608], [15.8304441, 50.0432206], [15.8317327, 50.0426455], [15.8328187, 50.0422365], [15.83301, 50.0420412], [15.8338904, 50.0409087], [15.8349871, 50.039627], [15.8353729, 50.0392218], [15.8355252, 50.0391619], [15.8355472, 50.0391378], [15.831812, 50.0373192], [15.8340164, 50.0354231], [15.8318861, 50.0343189], [15.8324739, 50.0338749], [15.8279942, 50.0317629], [15.8268745, 50.032296], [15.8264561, 50.0324466], [15.8261132, 50.0326627], [15.8255751, 50.0329278], [15.8245924, 50.033406], [15.8235684, 50.0337867], [15.8233998, 50.0338851], [15.8232741, 50.0340085], [15.8227112, 50.0347974], [15.8218848, 50.0357374], [15.8210704, 50.0368752], [15.8203568, 50.0378928], [15.8196795, 50.03873], [15.8190287, 50.0393284], [15.8189442, 50.0393898], [15.8182546, 50.040318], [15.8179659, 50.0406664], [15.8177208, 50.0409535], [15.8174773, 50.0414302], [15.8174733, 50.041438], [15.8174676, 50.0414483], [15.8173612, 50.0416563], [15.8172217, 50.041929], [15.8171691, 50.0420672], [15.8170527, 50.0423729], [15.8170128, 50.0424776], [15.8169125, 50.0426653], [15.8167253, 50.0430156], [15.8166415, 50.0431723], [15.8165889, 50.0432708], [15.8164026, 50.0434715], [15.8158195, 50.043907], [15.8157245, 50.0439779], [15.8157146, 50.0439842], [15.8155397, 50.0440965], [15.8151281, 50.0443608], [15.8146673, 50.0448367], [15.8145824, 50.0449601], [15.814155, 50.0458605], [15.8140966, 50.0461345], [15.8141226, 50.0466685], [15.8140758, 50.0469105], [15.8138761, 50.0471568], [15.8133625, 50.0476174]]]}}]}